subject,session,t2,dwi,adc,dep_x,ED_x,AF_x,TB_x,TR_x,PSA_x,VP_x,PIR_x,csPC_x,F_nacimiento,F_RM,partition,Derivative,VP_segmentation,split,label_MIDS_session,label_MIDS_subject,project,Vínculo,URL,dep_y,ED_y,AF_y,TB_y,TR_y,PSA_y,VP_y,PIR_y,csPC_y,Used,MRI_Report,ID_XNAT_subject,ID_XNAT_session
sub-008228,ses-009161,/mnt/ceib/datalake/FISABIO_datalake/prueba/p0052021_reborn/sub-008228/ses-009161/mim-mr/anat/sub-008228_ses-009161_acq-fse_run-901_bp-prostate_vp-ax_T2w.nii.gz,/mnt/ceib/datalake/FISABIO_datalake/prueba/p0052021_reborn/sub-008228/ses-009161/mim-mr/dwi/sub-008228_ses-009161_acq-bvalue_run-703_bp-prostate_vp-ax_dwi.nii.gz,/mnt/ceib/datalake/FISABIO_datalake/prueba/p0052021_reborn/sub-008228/ses-009161/mim-mr/dwi/sub-008228_ses-009161_acq-adc_run-603_bp-prostate_vp-ax_dwi.nii.gz,20.0,76.0,,,,16.9,80.0,5.0,1.0,1935-02-17,2011-09-23,train,False,,val,ses-009161,sub-008228,p0052021,,https://ceib.cipf.es/xnat2/data/projects/p0052021/experiments/XNAT03_E06835?format=html,20,76,,,,16.90000000000000,80.0,"[4, 5]",1,True,"Datos clínicos: 2ª biopsia. RMMP para realizar biopsia con fusión .

RMMP DE PRÓSTATA.
- Secuencias: secuencias TSET2, T2 FS, DWI (b0-1400) y mapa ADC en planos axial, coronal y sagital. Estudio dinámico multifásico mediante TSE T1 basal axial y tras administración de Gd iv.
- Resultados:
Próstata aumentada de tamaño con crecimiento de la zona transicional. El volumen es de 80cc.
Estudio morfológico T2:
- La zona de de transición se muestra heterogénea y ligeramente aumentada en relación con cambios quísticos-adenomatosos compatibles con HBP. En ésta destacan dos lesiones: una primera situada en la zona basal, en el lóbulo izquierdo, anterior, de 7mm de eje mayor (ap), muy hipointensa . Esta lesión en difusión presenta cierta restricción (PIRADS 4). Una segunda lesión situada también  en la zona basal, de lóbulo derecho, posterior, de 8mm de eje mayor (ap), muy hipointensa. Esta lesión en el estudio de difusión presenta también restricción (PIRADS 4).
- En la zona periférica se identifica una lesión de gran tamaño, marcadamente hipointensa, situada prioritariamente en el tercio medial LI, posterior, de bordes mal definidos.  En el estudio de difusión muestra clara restricción y se define un eje mayor anteroposterio de unos 29mm (PIRADS 5).   En cuanto al grado de extensión capsular, esta lesión invade la cápsula lateralmente con borramiento de la misma y mostrando posible invasión de la grasa contigua (grado de invasión 4)
Estudio dinámico multifásico (DCE): se aprecia importante captación de contraste precoz en la lesión situada en la periferia así como en las lesiones de la zona transicional, más evidente en la del lóbulo izquierdo.
Signos de posible invasión de estructuras vecinas: la vejiga está escasamente distendida, con irregularidad difusa de su pared, sin apreciarse claros signos de infiltración.  Las vesículas seminales no muestran engrosamiento en su morfología aunque sí un área central hipointensa que presenta restricción en la difusión, sospechosa de infiltración.
No se identifican adenopatías en cadenas iliacas.
No líquido libre en pelvis.
No se detectan lesiones sospechosas en las estructuras óseas incluidas en el estudio
- Conclusión Conclusión
Lesión PIRADS 4 en lóbulo izquierdo, zona transicional, área basal, anterior.
Lesión PIRADS 4 en lóbulo derecho, zona transicional, área basal, anterior.
Lesión PIRADS 5 en lóbulo izquierdo, zona periférica, área medial, posterior. Sospecha de extensión capsular con afectación de la grasa.
Posible invasión de vesículas seminales.
HBP. Volumen prostático: 80cc.

 INFORME ORIGINAL: <NUM> FECHA: <FECHA> FIRMADO: <NUM> <NAME> <NAME>, <NAME>

Datos clínicos: 2ª biopsia. RMMP para realizar biopsia con fusión .

RMMP DE PRÓSTATA.
- Secuencias: secuencias TSET2, T2 FS, DWI (b0-1400) y mapa ADC en planos axial, coronal y sagital. Estudio dinámico multifásico mediante TSE T1 basal axial y tras administración de Gd iv.
- Resultados:
Próstata aumentada de tamaño con crecimiento de la zona transicional. El volumen es de 80cc.
Estudio morfológico T2:
- La zona de de transición se muestra heterogénea y ligeramente aumentada en relación con cambios quísticos-adenomatosos compatibles con HBP. En ésta destacan dos lesiones: una primera situada en la zona basal, en el lóbulo izquierdo, anterior, de 7mm de eje mayor (ap), muy hipointensa . Esta lesión en difusión presenta cierta restricción (PIRADS 4). Una segunda lesión situada también  en la zona basal, de lóbulo derecho, posterior, de 8mm de eje mayor (ap), muy hipointensa. Esta lesión en el estudio de difusión presenta también restricción (PIRADS 4).
- En la zona periférica se identifica una lesión de gran tamaño, marcadamente hipointensa, situada prioritariamente en el tercio medial LI, posterior, de bordes mal definidos.  En el estudio de difusión muestra clara restricción y se define un eje mayor anteroposterio de unos 29mm (PIRADS 5).   En cuanto al grado de extensión capsular, esta lesión invade la cápsula lateralmente con borramiento de la misma y mostrando posible invasión de la grasa contigua (grado de invasión 4)
Estudio dinámico multifásico (DCE): se aprecia importante captación de contraste precoz en la lesión situada en la periferia así como en las lesiones de la zona transicional, más evidente en la del lóbulo izquierdo.
Signos de posible invasión de estructuras vecinas: la vejiga está escasamente distendida, con irregularidad difusa de su pared, sin apreciarse claros signos de infiltración.  Las vesículas seminales no muestran engrosamiento en su morfología aunque sí un área central hipointensa que presenta restricción en la difusión, sospechosa de infiltración.
No se identifican adenopatías en cadenas iliacas.
No líquido libre en pelvis.
No se detectan lesiones sospechosas en las estructuras óseas incluidas en el estudio
- Conclusión Conclusión
Lesión PIRADS 4 en lóbulo izquierdo, zona transicional, área basal, anterior.
Lesión PIRADS 4 en lóbulo derecho, zona transicional, área basal, anterior.
Lesión PIRADS 5 en lóbulo izquierdo, zona periférica, área medial, posterior. Sospecha de extensión capsular con afectación de la grasa.
Posible invasión de vesículas seminales.
HBP. Volumen prostático: 80cc.


ANEXO: <NUM> FECHA: <FECHA> FIRMADO: <NUM> <NAME> <NAME>, <NAME> <NAME>

Se realiza reconstrucción de imágenes de RM para biopsia ecográfica con técnica de fusión, definiendo la lesión del lobulo periferico izquierdo.
",XNAT03_S04297,XNAT03_E06835
sub-008228,ses-009161,/mnt/ceib/datalake/FISABIO_datalake/prueba/p0052021_reborn/sub-008228/ses-009161/mim-mr/anat/sub-008228_ses-009161_acq-fse_run-1101_bp-prostate_vp-ax_T2w.nii.gz,/mnt/ceib/datalake/FISABIO_datalake/prueba/p0052021_reborn/sub-008228/ses-009161/mim-mr/dwi/sub-008228_ses-009161_acq-bvalue_run-703_bp-prostate_vp-ax_dwi.nii.gz,/mnt/ceib/datalake/FISABIO_datalake/prueba/p0052021_reborn/sub-008228/ses-009161/mim-mr/dwi/sub-008228_ses-009161_acq-adc_run-603_bp-prostate_vp-ax_dwi.nii.gz,20.0,76.0,,,,16.9,80.0,5.0,1.0,1935-02-17,2011-09-23,train,False,,val,ses-009161,sub-008228,p0052021,,https://ceib.cipf.es/xnat2/data/projects/p0052021/experiments/XNAT03_E06835?format=html,20,76,,,,16.90000000000000,80.0,"[4, 5]",1,True,"Datos clínicos: 2ª biopsia. RMMP para realizar biopsia con fusión .

RMMP DE PRÓSTATA.
- Secuencias: secuencias TSET2, T2 FS, DWI (b0-1400) y mapa ADC en planos axial, coronal y sagital. Estudio dinámico multifásico mediante TSE T1 basal axial y tras administración de Gd iv.
- Resultados:
Próstata aumentada de tamaño con crecimiento de la zona transicional. El volumen es de 80cc.
Estudio morfológico T2:
- La zona de de transición se muestra heterogénea y ligeramente aumentada en relación con cambios quísticos-adenomatosos compatibles con HBP. En ésta destacan dos lesiones: una primera situada en la zona basal, en el lóbulo izquierdo, anterior, de 7mm de eje mayor (ap), muy hipointensa . Esta lesión en difusión presenta cierta restricción (PIRADS 4). Una segunda lesión situada también  en la zona basal, de lóbulo derecho, posterior, de 8mm de eje mayor (ap), muy hipointensa. Esta lesión en el estudio de difusión presenta también restricción (PIRADS 4).
- En la zona periférica se identifica una lesión de gran tamaño, marcadamente hipointensa, situada prioritariamente en el tercio medial LI, posterior, de bordes mal definidos.  En el estudio de difusión muestra clara restricción y se define un eje mayor anteroposterio de unos 29mm (PIRADS 5).   En cuanto al grado de extensión capsular, esta lesión invade la cápsula lateralmente con borramiento de la misma y mostrando posible invasión de la grasa contigua (grado de invasión 4)
Estudio dinámico multifásico (DCE): se aprecia importante captación de contraste precoz en la lesión situada en la periferia así como en las lesiones de la zona transicional, más evidente en la del lóbulo izquierdo.
Signos de posible invasión de estructuras vecinas: la vejiga está escasamente distendida, con irregularidad difusa de su pared, sin apreciarse claros signos de infiltración.  Las vesículas seminales no muestran engrosamiento en su morfología aunque sí un área central hipointensa que presenta restricción en la difusión, sospechosa de infiltración.
No se identifican adenopatías en cadenas iliacas.
No líquido libre en pelvis.
No se detectan lesiones sospechosas en las estructuras óseas incluidas en el estudio
- Conclusión Conclusión
Lesión PIRADS 4 en lóbulo izquierdo, zona transicional, área basal, anterior.
Lesión PIRADS 4 en lóbulo derecho, zona transicional, área basal, anterior.
Lesión PIRADS 5 en lóbulo izquierdo, zona periférica, área medial, posterior. Sospecha de extensión capsular con afectación de la grasa.
Posible invasión de vesículas seminales.
HBP. Volumen prostático: 80cc.

 INFORME ORIGINAL: <NUM> FECHA: <FECHA> FIRMADO: <NUM> <NAME> <NAME>, <NAME>

Datos clínicos: 2ª biopsia. RMMP para realizar biopsia con fusión .

RMMP DE PRÓSTATA.
- Secuencias: secuencias TSET2, T2 FS, DWI (b0-1400) y mapa ADC en planos axial, coronal y sagital. Estudio dinámico multifásico mediante TSE T1 basal axial y tras administración de Gd iv.
- Resultados:
Próstata aumentada de tamaño con crecimiento de la zona transicional. El volumen es de 80cc.
Estudio morfológico T2:
- La zona de de transición se muestra heterogénea y ligeramente aumentada en relación con cambios quísticos-adenomatosos compatibles con HBP. En ésta destacan dos lesiones: una primera situada en la zona basal, en el lóbulo izquierdo, anterior, de 7mm de eje mayor (ap), muy hipointensa . Esta lesión en difusión presenta cierta restricción (PIRADS 4). Una segunda lesión situada también  en la zona basal, de lóbulo derecho, posterior, de 8mm de eje mayor (ap), muy hipointensa. Esta lesión en el estudio de difusión presenta también restricción (PIRADS 4).
- En la zona periférica se identifica una lesión de gran tamaño, marcadamente hipointensa, situada prioritariamente en el tercio medial LI, posterior, de bordes mal definidos.  En el estudio de difusión muestra clara restricción y se define un eje mayor anteroposterio de unos 29mm (PIRADS 5).   En cuanto al grado de extensión capsular, esta lesión invade la cápsula lateralmente con borramiento de la misma y mostrando posible invasión de la grasa contigua (grado de invasión 4)
Estudio dinámico multifásico (DCE): se aprecia importante captación de contraste precoz en la lesión situada en la periferia así como en las lesiones de la zona transicional, más evidente en la del lóbulo izquierdo.
Signos de posible invasión de estructuras vecinas: la vejiga está escasamente distendida, con irregularidad difusa de su pared, sin apreciarse claros signos de infiltración.  Las vesículas seminales no muestran engrosamiento en su morfología aunque sí un área central hipointensa que presenta restricción en la difusión, sospechosa de infiltración.
No se identifican adenopatías en cadenas iliacas.
No líquido libre en pelvis.
No se detectan lesiones sospechosas en las estructuras óseas incluidas en el estudio
- Conclusión Conclusión
Lesión PIRADS 4 en lóbulo izquierdo, zona transicional, área basal, anterior.
Lesión PIRADS 4 en lóbulo derecho, zona transicional, área basal, anterior.
Lesión PIRADS 5 en lóbulo izquierdo, zona periférica, área medial, posterior. Sospecha de extensión capsular con afectación de la grasa.
Posible invasión de vesículas seminales.
HBP. Volumen prostático: 80cc.


ANEXO: <NUM> FECHA: <FECHA> FIRMADO: <NUM> <NAME> <NAME>, <NAME> <NAME>

Se realiza reconstrucción de imágenes de RM para biopsia ecográfica con técnica de fusión, definiendo la lesión del lobulo periferico izquierdo.
",XNAT03_S04297,XNAT03_E06835
sub-008044,ses-008931,/mnt/ceib/datalake/FISABIO_datalake/prueba/p0052021_reborn/sub-008044/ses-008931/mim-mr/anat/sub-008044_ses-008931_acq-fse_run-901_bp-prostate_vp-ax_T2w.nii.gz,/mnt/ceib/datalake/FISABIO_datalake/prueba/p0052021_reborn/sub-008044/ses-008931/mim-mr/dwi/sub-008044_ses-008931_acq-bvalue_run-703_bp-prostate_vp-ax_dwi.nii.gz,/mnt/ceib/datalake/FISABIO_datalake/prueba/p0052021_reborn/sub-008044/ses-008931/mim-mr/dwi/sub-008044_ses-008931_acq-adc_run-603_bp-prostate_vp-ax_dwi.nii.gz,20.0,69.0,,,,16.9,20.875400000000003,5.0,1.0,1948-03-15,2017-06-14,train,False,,val,ses-008931,sub-008044,p0052021,,https://ceib.cipf.es/xnat2/data/projects/p0052021/experiments/XNAT03_E06230?format=html,20,69,,,,16.90000000000000,20.8754,[5],1,True,"Datos Datos PSA 16. TR sospechoso. Próstata de pequeño tamaño.

RM MULTIPARAMÉTRICA DE PRÓSTATA.
- cortes axiales, coronales y sagitales; secuencias TSET2, T2 FS, DWI (b0-1400) y cADC, TSE T1 previo y tras la administración de Gd iv .

- Resultados:
Próstata ligeramente aumentada de tamaño (31x35x37mm). Volumen prostático: 21cc.
. Estudio morfológico: la zona transicional se muestra heterogénea compatibles con cambios quísticos-adenomatosos secundarios a HBP. En la zona periférica destaca un área muy hipointensa en lobulo izquierdo anterior, apical, mal definido, de unos 18mm de eje mayor que muestra restricción en el estudio de difusión.  La lesión contacta con la cápsula sin signos sospechosos por RM de infiltración de la grasa.
. Estudio dinámico: dicha lesión muestra realce precoz en el estudio con contraste.
Las vesículas seminales presentan morfología e intensidad de señal conservada.
No se aprecian signos sospechosos de infiltración del plexo neurovascular.
No se observan ganglios de aspecto patológico en cadenas iliacas.
No destacan alteraciones de señal en hueso sospechosos de mtx
No  líquido libre en pelvis.
- Conclusión Conclusión
Lesión PIRADS 5 en la periferia de LI.

",XNAT03_S03784,XNAT03_E06230
sub-008044,ses-008931,/mnt/ceib/datalake/FISABIO_datalake/prueba/p0052021_reborn/sub-008044/ses-008931/mim-mr/anat/sub-008044_ses-008931_acq-fse_run-1101_bp-prostate_vp-ax_T2w.nii.gz,/mnt/ceib/datalake/FISABIO_datalake/prueba/p0052021_reborn/sub-008044/ses-008931/mim-mr/dwi/sub-008044_ses-008931_acq-bvalue_run-703_bp-prostate_vp-ax_dwi.nii.gz,/mnt/ceib/datalake/FISABIO_datalake/prueba/p0052021_reborn/sub-008044/ses-008931/mim-mr/dwi/sub-008044_ses-008931_acq-adc_run-603_bp-prostate_vp-ax_dwi.nii.gz,20.0,69.0,,,,16.9,20.875400000000003,5.0,1.0,1948-03-15,2017-06-14,train,False,,val,ses-008931,sub-008044,p0052021,,https://ceib.cipf.es/xnat2/data/projects/p0052021/experiments/XNAT03_E06230?format=html,20,69,,,,16.90000000000000,20.8754,[5],1,True,"Datos Datos PSA 16. TR sospechoso. Próstata de pequeño tamaño.

RM MULTIPARAMÉTRICA DE PRÓSTATA.
- cortes axiales, coronales y sagitales; secuencias TSET2, T2 FS, DWI (b0-1400) y cADC, TSE T1 previo y tras la administración de Gd iv .

- Resultados:
Próstata ligeramente aumentada de tamaño (31x35x37mm). Volumen prostático: 21cc.
. Estudio morfológico: la zona transicional se muestra heterogénea compatibles con cambios quísticos-adenomatosos secundarios a HBP. En la zona periférica destaca un área muy hipointensa en lobulo izquierdo anterior, apical, mal definido, de unos 18mm de eje mayor que muestra restricción en el estudio de difusión.  La lesión contacta con la cápsula sin signos sospechosos por RM de infiltración de la grasa.
. Estudio dinámico: dicha lesión muestra realce precoz en el estudio con contraste.
Las vesículas seminales presentan morfología e intensidad de señal conservada.
No se aprecian signos sospechosos de infiltración del plexo neurovascular.
No se observan ganglios de aspecto patológico en cadenas iliacas.
No destacan alteraciones de señal en hueso sospechosos de mtx
No  líquido libre en pelvis.
- Conclusión Conclusión
Lesión PIRADS 5 en la periferia de LI.

",XNAT03_S03784,XNAT03_E06230
sub-008211,ses-009141,/mnt/ceib/datalake/FISABIO_datalake/prueba/p0052021_reborn/sub-008211/ses-009141/mim-mr/anat/sub-008211_ses-009141_acq-fse_run-901_bp-prostate_vp-ax_T2w.nii.gz,/mnt/ceib/datalake/FISABIO_datalake/prueba/p0052021_reborn/sub-008211/ses-009141/mim-mr/dwi/sub-008211_ses-009141_acq-bvalue_run-703_bp-prostate_vp-ax_dwi.nii.gz,/mnt/ceib/datalake/FISABIO_datalake/prueba/p0052021_reborn/sub-008211/ses-009141/mim-mr/dwi/sub-008211_ses-009141_acq-adc_run-603_bp-prostate_vp-ax_dwi.nii.gz,20.0,74.0,,,,14.0,,5.0,1.0,1944-07-14,2019-05-06,train,False,,val,ses-009141,sub-008211,p0052021,,https://ceib.cipf.es/xnat2/data/projects/p0052021/experiments/XNAT03_E06819?format=html,20,74,,,,14.00000000000000,,[5],1,True,"INFORME ORIGINAL: <NUM> FECHA: <FECHA> FIRMADO: <NUM> <NAME> <NAME>, <NAME> <NAME>

Datos clínicos: adenocarcinoma de próstata 4 + 3 y patrón terciario de 5.

Se realiza resonancia magnética pélvica centrada sobre próstata para estadiaje local y se completará posteriormente con resonancia abdominal solicitada.
Se han realizado secuencias T1, T2 y difusión de barrido, y centrada sobre próstata difusión T1, T2 supresión grasa y T2 en planos axial, coronal y sagital, así como dinámico y tardío, tras administración de contraste intravenoso.

Próstata prácticamente de tamaño dentro de la normalidad con entorno a 26 cm³ con cierta heterogenicidad en su lóbulo transicional, destacando la presencia de una hipointensidad mal definida en T2, con restricción la difusión y realce precoz en la fase dinámica afectando a la vertiente más apical tanto anterior como posterior, aunque principalmente a la 1ª, de la zona transicional del lóbulo izquierdo, si bien existe también un foco de escasos milímetros a nivel parasagital derecho, con un comportamiento similar, la afectación de mayor tamaño en el lóbulo izquierdo posiblemente infiltre también el lóbulo periférico pero no muestra signos de afectación extraprostática y parece superar los 15 mm por lo que sería un hallazgo PIRADS 5, no identificando adenopatías ni afectación evidente de las estructuras óseas visualizadas.

Conclusión: hallazgos PIRADS 5 en la vertiente apical del lóbulo transicional izquierdo a nivel parauretral, siendo más dudoso un pequeño foco también parauretral, pero en la vertiente derecha a la misma altura.

ANEXO: <NUM> FECHA: <FECHA> FIRMADO: <NUM> <NAME> <NAME>, <NAME> <NAME>

Se realiza reconstrucción de imagenes de RM para biopsia ecografo fusión, se recomienda la zona más caudal de la lesión en lobulo izquierdo.
 Datos clínicos: adenocarcinoma de próstata 4 + 3 y patrón terciario de 5.

Se realiza resonancia magnética pélvica centrada sobre próstata para estadiaje local y se completará posteriormente con resonancia abdominal solicitada.
Se han realizado secuencias T1, T2 y difusión de barrido, y centrada sobre próstata difusión T1, T2 supresión grasa y T2 en planos axial, coronal y sagital, así como dinámico y tardío, tras administración de contraste intravenoso.

Próstata prácticamente de tamaño dentro de la normalidad con entorno a 26 cm³ con cierta heterogenicidad en su lóbulo transicional, destacando la presencia de una hipointensidad mal definida en T2, con restricción la difusión y realce precoz en la fase dinámica afectando a la vertiente más apical tanto anterior como posterior, aunque principalmente a la 1ª, de la zona transicional del lóbulo izquierdo, si bien existe también un foco de escasos milímetros a nivel parasagital derecho, con un comportamiento similar, la afectación de mayor tamaño en el lóbulo izquierdo posiblemente infiltre también el lóbulo periférico pero no muestra signos de afectación extraprostática y parece superar los 15 mm por lo que sería un hallazgo PIRADS 5, no identificando adenopatías ni afectación evidente de las estructuras óseas visualizadas.

Conclusión: hallazgos PIRADS 5 en la vertiente apical del lóbulo transicional izquierdo a nivel parauretral, siendo más dudoso un pequeño foco también parauretral, pero en la vertiente derecha a la misma altura.
",XNAT03_S04282,XNAT03_E06819
sub-008211,ses-009141,/mnt/ceib/datalake/FISABIO_datalake/prueba/p0052021_reborn/sub-008211/ses-009141/mim-mr/anat/sub-008211_ses-009141_acq-fse_run-1101_bp-prostate_vp-ax_T2w.nii.gz,/mnt/ceib/datalake/FISABIO_datalake/prueba/p0052021_reborn/sub-008211/ses-009141/mim-mr/dwi/sub-008211_ses-009141_acq-bvalue_run-703_bp-prostate_vp-ax_dwi.nii.gz,/mnt/ceib/datalake/FISABIO_datalake/prueba/p0052021_reborn/sub-008211/ses-009141/mim-mr/dwi/sub-008211_ses-009141_acq-adc_run-603_bp-prostate_vp-ax_dwi.nii.gz,20.0,74.0,,,,14.0,,5.0,1.0,1944-07-14,2019-05-06,train,False,,val,ses-009141,sub-008211,p0052021,,https://ceib.cipf.es/xnat2/data/projects/p0052021/experiments/XNAT03_E06819?format=html,20,74,,,,14.00000000000000,,[5],1,True,"INFORME ORIGINAL: <NUM> FECHA: <FECHA> FIRMADO: <NUM> <NAME> <NAME>, <NAME> <NAME>

Datos clínicos: adenocarcinoma de próstata 4 + 3 y patrón terciario de 5.

Se realiza resonancia magnética pélvica centrada sobre próstata para estadiaje local y se completará posteriormente con resonancia abdominal solicitada.
Se han realizado secuencias T1, T2 y difusión de barrido, y centrada sobre próstata difusión T1, T2 supresión grasa y T2 en planos axial, coronal y sagital, así como dinámico y tardío, tras administración de contraste intravenoso.

Próstata prácticamente de tamaño dentro de la normalidad con entorno a 26 cm³ con cierta heterogenicidad en su lóbulo transicional, destacando la presencia de una hipointensidad mal definida en T2, con restricción la difusión y realce precoz en la fase dinámica afectando a la vertiente más apical tanto anterior como posterior, aunque principalmente a la 1ª, de la zona transicional del lóbulo izquierdo, si bien existe también un foco de escasos milímetros a nivel parasagital derecho, con un comportamiento similar, la afectación de mayor tamaño en el lóbulo izquierdo posiblemente infiltre también el lóbulo periférico pero no muestra signos de afectación extraprostática y parece superar los 15 mm por lo que sería un hallazgo PIRADS 5, no identificando adenopatías ni afectación evidente de las estructuras óseas visualizadas.

Conclusión: hallazgos PIRADS 5 en la vertiente apical del lóbulo transicional izquierdo a nivel parauretral, siendo más dudoso un pequeño foco también parauretral, pero en la vertiente derecha a la misma altura.

ANEXO: <NUM> FECHA: <FECHA> FIRMADO: <NUM> <NAME> <NAME>, <NAME> <NAME>

Se realiza reconstrucción de imagenes de RM para biopsia ecografo fusión, se recomienda la zona más caudal de la lesión en lobulo izquierdo.
 Datos clínicos: adenocarcinoma de próstata 4 + 3 y patrón terciario de 5.

Se realiza resonancia magnética pélvica centrada sobre próstata para estadiaje local y se completará posteriormente con resonancia abdominal solicitada.
Se han realizado secuencias T1, T2 y difusión de barrido, y centrada sobre próstata difusión T1, T2 supresión grasa y T2 en planos axial, coronal y sagital, así como dinámico y tardío, tras administración de contraste intravenoso.

Próstata prácticamente de tamaño dentro de la normalidad con entorno a 26 cm³ con cierta heterogenicidad en su lóbulo transicional, destacando la presencia de una hipointensidad mal definida en T2, con restricción la difusión y realce precoz en la fase dinámica afectando a la vertiente más apical tanto anterior como posterior, aunque principalmente a la 1ª, de la zona transicional del lóbulo izquierdo, si bien existe también un foco de escasos milímetros a nivel parasagital derecho, con un comportamiento similar, la afectación de mayor tamaño en el lóbulo izquierdo posiblemente infiltre también el lóbulo periférico pero no muestra signos de afectación extraprostática y parece superar los 15 mm por lo que sería un hallazgo PIRADS 5, no identificando adenopatías ni afectación evidente de las estructuras óseas visualizadas.

Conclusión: hallazgos PIRADS 5 en la vertiente apical del lóbulo transicional izquierdo a nivel parauretral, siendo más dudoso un pequeño foco también parauretral, pero en la vertiente derecha a la misma altura.
",XNAT03_S04282,XNAT03_E06819
sub-007914,ses-008771,/mnt/ceib/datalake/FISABIO_datalake/prueba/p0052021_reborn/sub-007914/ses-008771/mim-mr/anat/sub-007914_ses-008771_acq-fse_run-1201_bp-prostate_vp-ax_T2w.nii.gz,/mnt/ceib/datalake/FISABIO_datalake/prueba/p0052021_reborn/sub-007914/ses-008771/mim-mr/dwi/sub-007914_ses-008771_acq-bvalue_run-1303_bp-prostate_vp-ax_dwi.nii.gz,/mnt/ceib/datalake/FISABIO_datalake/prueba/p0052021_reborn/sub-007914/ses-008771/mim-mr/dwi/sub-007914_ses-008771_acq-adc_run-703_bp-prostate_vp-ax_dwi.nii.gz,20.0,69.0,,,,11.0,,4.0,1.0,1941-10-12,2010-12-15,train,False,,val,ses-008771,sub-007914,p0052021,,https://ceib.cipf.es/xnat2/data/projects/p0052021/experiments/XNAT03_E05975?format=html,20,69,,,,11.00000000000000,,"[2, 4]",1,True,"Datos Datos CA de próstata. Valoración PIRADS.

Se realiza resonancia magnética pélvica centrada sobre próstata empleando secuencias axial T1, axial coronal y sagital T2, difusión. T2 supresión grasa y dinámico tras administración de contraste intravenoso.

Próstata con un volumen global de 23 cm³ y heterogénea principalmente en su zona transicional, aunque también en menor medida en ambos lóbulos periféricos con áreas hiperintensas en T1 principalmente en toda la extensión del lóbulo periférico derecho y en menor medida del izquierdo, probablemente secundario a restos hemáticos de biopsia, aunque dichos hallazgos no resultan sospechosos de malignidad atribuyéndoles un PIRADS 2, existiendo sin embargo una hipointensidad de contornos mal definidos y de aproximadamente 13 mm en la porción anterior del lóbulo transicional derecho afectando principalmente a su vertiente inferior e intermedia, con un PIRADS 4.
No existen signos sugestivos de enfermedad extraprostática.
No se objetivan adenopatías, ni lesiones óseas sospechosas.
Cambios postquirúrgicos de herniorrafia inguinal izquierda.

Conclusión: alteración sospechosa de malignidad (PIRDS-4) en la porción inferior e intermedia de la vertiente anterior del lóbulo transicional derecho.
",XNAT03_S03581,XNAT03_E05975
sub-007914,ses-008771,/mnt/ceib/datalake/FISABIO_datalake/prueba/p0052021_reborn/sub-007914/ses-008771/mim-mr/anat/sub-007914_ses-008771_acq-fse_run-901_bp-prostate_vp-ax_T2w.nii.gz,/mnt/ceib/datalake/FISABIO_datalake/prueba/p0052021_reborn/sub-007914/ses-008771/mim-mr/dwi/sub-007914_ses-008771_acq-bvalue_run-1303_bp-prostate_vp-ax_dwi.nii.gz,/mnt/ceib/datalake/FISABIO_datalake/prueba/p0052021_reborn/sub-007914/ses-008771/mim-mr/dwi/sub-007914_ses-008771_acq-adc_run-703_bp-prostate_vp-ax_dwi.nii.gz,20.0,69.0,,,,11.0,,4.0,1.0,1941-10-12,2010-12-15,train,False,,val,ses-008771,sub-007914,p0052021,,https://ceib.cipf.es/xnat2/data/projects/p0052021/experiments/XNAT03_E05975?format=html,20,69,,,,11.00000000000000,,"[2, 4]",1,True,"Datos Datos CA de próstata. Valoración PIRADS.

Se realiza resonancia magnética pélvica centrada sobre próstata empleando secuencias axial T1, axial coronal y sagital T2, difusión. T2 supresión grasa y dinámico tras administración de contraste intravenoso.

Próstata con un volumen global de 23 cm³ y heterogénea principalmente en su zona transicional, aunque también en menor medida en ambos lóbulos periféricos con áreas hiperintensas en T1 principalmente en toda la extensión del lóbulo periférico derecho y en menor medida del izquierdo, probablemente secundario a restos hemáticos de biopsia, aunque dichos hallazgos no resultan sospechosos de malignidad atribuyéndoles un PIRADS 2, existiendo sin embargo una hipointensidad de contornos mal definidos y de aproximadamente 13 mm en la porción anterior del lóbulo transicional derecho afectando principalmente a su vertiente inferior e intermedia, con un PIRADS 4.
No existen signos sugestivos de enfermedad extraprostática.
No se objetivan adenopatías, ni lesiones óseas sospechosas.
Cambios postquirúrgicos de herniorrafia inguinal izquierda.

Conclusión: alteración sospechosa de malignidad (PIRDS-4) en la porción inferior e intermedia de la vertiente anterior del lóbulo transicional derecho.
",XNAT03_S03581,XNAT03_E05975
sub-007914,ses-008771,/mnt/ceib/datalake/FISABIO_datalake/prueba/p0052021_reborn/sub-007914/ses-008771/mim-mr/anat/sub-007914_ses-008771_acq-fse_run-1101_bp-prostate_vp-ax_T2w.nii.gz,/mnt/ceib/datalake/FISABIO_datalake/prueba/p0052021_reborn/sub-007914/ses-008771/mim-mr/dwi/sub-007914_ses-008771_acq-bvalue_run-1303_bp-prostate_vp-ax_dwi.nii.gz,/mnt/ceib/datalake/FISABIO_datalake/prueba/p0052021_reborn/sub-007914/ses-008771/mim-mr/dwi/sub-007914_ses-008771_acq-adc_run-703_bp-prostate_vp-ax_dwi.nii.gz,20.0,69.0,,,,11.0,,4.0,1.0,1941-10-12,2010-12-15,train,False,,val,ses-008771,sub-007914,p0052021,,https://ceib.cipf.es/xnat2/data/projects/p0052021/experiments/XNAT03_E05975?format=html,20,69,,,,11.00000000000000,,"[2, 4]",1,True,"Datos Datos CA de próstata. Valoración PIRADS.

Se realiza resonancia magnética pélvica centrada sobre próstata empleando secuencias axial T1, axial coronal y sagital T2, difusión. T2 supresión grasa y dinámico tras administración de contraste intravenoso.

Próstata con un volumen global de 23 cm³ y heterogénea principalmente en su zona transicional, aunque también en menor medida en ambos lóbulos periféricos con áreas hiperintensas en T1 principalmente en toda la extensión del lóbulo periférico derecho y en menor medida del izquierdo, probablemente secundario a restos hemáticos de biopsia, aunque dichos hallazgos no resultan sospechosos de malignidad atribuyéndoles un PIRADS 2, existiendo sin embargo una hipointensidad de contornos mal definidos y de aproximadamente 13 mm en la porción anterior del lóbulo transicional derecho afectando principalmente a su vertiente inferior e intermedia, con un PIRADS 4.
No existen signos sugestivos de enfermedad extraprostática.
No se objetivan adenopatías, ni lesiones óseas sospechosas.
Cambios postquirúrgicos de herniorrafia inguinal izquierda.

Conclusión: alteración sospechosa de malignidad (PIRDS-4) en la porción inferior e intermedia de la vertiente anterior del lóbulo transicional derecho.
",XNAT03_S03581,XNAT03_E05975
sub-006117,ses-006643,/mnt/ceib/datalake/FISABIO_datalake/prueba/p0052021_reborn/sub-006117/ses-006643/mim-mr/anat/sub-006117_ses-006643_acq-fse_run-1101_bp-prostate_vp-ax_T2w.nii.gz,/mnt/ceib/datalake/FISABIO_datalake/prueba/p0052021_reborn/sub-006117/ses-006643/mim-mr/dwi/sub-006117_ses-006643_acq-bvalue_run-1003_bp-prostate_vp-ax_dwi.nii.gz,/mnt/ceib/datalake/FISABIO_datalake/prueba/p0052021_reborn/sub-006117/ses-006643/mim-mr/dwi/sub-006117_ses-006643_acq-adc_run-903_bp-prostate_vp-ax_dwi.nii.gz,20.0,72.0,,,,,55.0,5.0,1.0,1942-06-14,2015-02-01,train,False,,val,ses-006643,sub-006117,p0052021,,https://ceib.cipf.es/xnat2/data/projects/p0052021/experiments/XNAT03_E06629?format=html,20,72,,,,,55.0,"[4, 5]",1,True,"Datos clínicos: paciente con PSA normal que se tacta nódulo duro en lóbulo izquierdo. en <FECHA> en otro hospital informa de lesión en zona periféreica izquierda PIRADS 4. Tiene una biopsia negativa de malignidad.
RM para fusión.

RM MULTIPARAMÉTRICA DE PRÓSTATA.
- Secuencias:  planos axiales, coronales y sagitales; secuencias TSET2, T2 FS, DWI (b0-1400) y mapa ADC, TSE T1 previo axial y tras la administración de Gd iv (Dotarem) con estudio de perfusión.
*Estudio subóptimo en el estudio de perfusión por tener que interrumpir momentáneamente el estudio dinámico por posible extravasación.
- Resultado.
Próstata aumentada de tamaño por importante crecimiento de la zona transicional. El volumen es de 55cc.
1) Estudio morfológico T2:
- En la zona periférica se identifica una lesión  hipointensa en el lóbulo izquierdo, en el tercio apical, región posteromedial, de bordes mal definidos. La lesión contacta con la cápsula, la deforma y se aprecia un segmento en el que se interrumpe la cápsula (alta sospecha de infiltración de la grasa colindante). En el estudio de difusión/ADC la lesión restringe y mide aproximadamente 10mm en su eje máximo (anteroposterior).
- En la zona transicional destacan cambios quísticos-adenomatosos compatibles con HBP.  No se identifican lesiones focales sospechosas.
2) Estudio dinámico multifásico (DCE): calidad subóptima por tener que interrumpir momentáneamente por sospecha extravasación del suero se aprecia captación de contraste precoz en un foco diferente a la lesión sospechosa.
En el estudio de extensión local, destaca:
Vejiga escasamente distendida, sin apreciarse signos evidentes de infiltración.
Vesículas seminales sin signos de infiltración, con morfología e intensidad de señal normales.
Recto con alteración del plano graso de separación con respecto a la próstata en el punto donde la lesión parece interrumpir la cápsula e infiltrar la grasa.
Se identifican ganglios aumentados de tamaño con alteración de su estructura (adenopatías) en región inguinal derecha, posibles adenopatías en cadena iliaca externa derecha y múltiples ganglios de menor tamaño en cadenas iliacas internas derecha e izquierda.
No líquido libre en pelvis.
No se detectan lesiones sospechosas en las estructuras óseas incluidas en el estudio
- Conclusión Conclusión
Lesión PIRADS 5, localizada en la zona periférica del lobulo izquierdo, segmento posteromedial. Signos de extensión extraglandular: signos de infiltración de la cápsula e invasión de la grasa vecina.
Adenomegalias sospechosas en cadenas iliacas internas y cadena iliaca externa derecha y región inguinal derecha.
HBP. Volumen prostático de 55cc.

",XNAT03_S04112,XNAT03_E06629
sub-000768,ses-009281,/mnt/ceib/datalake/FISABIO_datalake/prueba/p0052021_reborn/sub-000768/ses-009281/mim-mr/anat/sub-000768_ses-009281_acq-fse_run-901_bp-prostate_vp-ax_T2w.nii.gz,/mnt/ceib/datalake/FISABIO_datalake/prueba/p0052021_reborn/sub-000768/ses-009281/mim-mr/dwi/sub-000768_ses-009281_acq-bvalue_run-703_bp-prostate_vp-ax_dwi.nii.gz,/mnt/ceib/datalake/FISABIO_datalake/prueba/p0052021_reborn/sub-000768/ses-009281/mim-mr/dwi/sub-000768_ses-009281_acq-adc_run-603_bp-prostate_vp-ax_dwi.nii.gz,20.0,72.0,,,,13.6,,5.0,1.0,1940-08-17,2012-10-16,train,False,,val,ses-009281,sub-000768,p0052021,,https://ceib.cipf.es/xnat2/data/projects/p0052021/experiments/XNAT03_E07015?format=html,20,72,,,,13.60000000000000,,[5],1,True,"Datos clínicos: recurrencia bioquímica de CA de próstata post-RT vs CPRC M0.

Se realiza resonancia magnética pélvica centrada sobre próstata, empleando secuencias T2 axial coronal y sagital así como difusión y dinámico tras administración de contraste intravenoso, completando con estudio tardío y con secuencias T1, T2 y difusión de barrido.

Hay lesiones óseas sospechosas de malignidad, no identificando adenopatías significativas en los territorios ganglionares visualizados. Pequeño divertículo en pared vesical derecha. Pequeña hernia inguinal izquierda con contenido graso.

Volumen prostático global de aproximado de 35 cm³ con heterogenicidad en la zona transicional, con calcificación grosera de predominio parasagital izquierdo, mostrando un área hipointensa de aproximadamente 2 cm de eje transversal en la vertiente posterior del lóbulo periférico derecho, afectando principalmente a la zona intermedia y apical, todo ello caudal respecto a dicho calcificación, correspondiendo un hallazgo PIRADS 5, existe algún pequeño foco de restricción menos acusada de la difusión en el lóbulo periférico izquierdo, no caracterizable por su pequeño tamaño. Los hallazgos son sugestivos de recidiva tumoral.

Conclusión: hallazgos compatibles con recidiva tumoral en el lóbulo periférico derecho afectando a su porción intermedia y apical, no mostrando claros signos de afectación extraprostática.
",XNAT3_S37510,XNAT03_E07015
sub-000768,ses-009281,/mnt/ceib/datalake/FISABIO_datalake/prueba/p0052021_reborn/sub-000768/ses-009281/mim-mr/anat/sub-000768_ses-009281_acq-fse_run-1101_bp-prostate_vp-ax_T2w.nii.gz,/mnt/ceib/datalake/FISABIO_datalake/prueba/p0052021_reborn/sub-000768/ses-009281/mim-mr/dwi/sub-000768_ses-009281_acq-bvalue_run-703_bp-prostate_vp-ax_dwi.nii.gz,/mnt/ceib/datalake/FISABIO_datalake/prueba/p0052021_reborn/sub-000768/ses-009281/mim-mr/dwi/sub-000768_ses-009281_acq-adc_run-603_bp-prostate_vp-ax_dwi.nii.gz,20.0,72.0,,,,13.6,,5.0,1.0,1940-08-17,2012-10-16,train,False,,val,ses-009281,sub-000768,p0052021,,https://ceib.cipf.es/xnat2/data/projects/p0052021/experiments/XNAT03_E07015?format=html,20,72,,,,13.60000000000000,,[5],1,True,"Datos clínicos: recurrencia bioquímica de CA de próstata post-RT vs CPRC M0.

Se realiza resonancia magnética pélvica centrada sobre próstata, empleando secuencias T2 axial coronal y sagital así como difusión y dinámico tras administración de contraste intravenoso, completando con estudio tardío y con secuencias T1, T2 y difusión de barrido.

Hay lesiones óseas sospechosas de malignidad, no identificando adenopatías significativas en los territorios ganglionares visualizados. Pequeño divertículo en pared vesical derecha. Pequeña hernia inguinal izquierda con contenido graso.

Volumen prostático global de aproximado de 35 cm³ con heterogenicidad en la zona transicional, con calcificación grosera de predominio parasagital izquierdo, mostrando un área hipointensa de aproximadamente 2 cm de eje transversal en la vertiente posterior del lóbulo periférico derecho, afectando principalmente a la zona intermedia y apical, todo ello caudal respecto a dicho calcificación, correspondiendo un hallazgo PIRADS 5, existe algún pequeño foco de restricción menos acusada de la difusión en el lóbulo periférico izquierdo, no caracterizable por su pequeño tamaño. Los hallazgos son sugestivos de recidiva tumoral.

Conclusión: hallazgos compatibles con recidiva tumoral en el lóbulo periférico derecho afectando a su porción intermedia y apical, no mostrando claros signos de afectación extraprostática.
",XNAT3_S37510,XNAT03_E07015
sub-008042,ses-008929,/mnt/ceib/datalake/FISABIO_datalake/prueba/p0052021_reborn/sub-008042/ses-008929/mim-mr/anat/sub-008042_ses-008929_acq-fse_run-1101_bp-prostate_vp-ax_T2w.nii.gz,/mnt/ceib/datalake/FISABIO_datalake/prueba/p0052021_reborn/sub-008042/ses-008929/mim-mr/dwi/sub-008042_ses-008929_acq-bvalue_run-703_bp-prostate_vp-ax_dwi.nii.gz,/mnt/ceib/datalake/FISABIO_datalake/prueba/p0052021_reborn/sub-008042/ses-008929/mim-mr/dwi/sub-008042_ses-008929_acq-adc_run-603_bp-prostate_vp-ax_dwi.nii.gz,20.0,68.0,,,,6.86,,5.0,1.0,1942-08-27,2011-08-23,train,False,,val,ses-008929,sub-008042,p0052021,,https://ceib.cipf.es/xnat2/data/projects/p0052021/experiments/XNAT03_E06023?format=html,20,68,,,,6.860000000000000,,[5],1,True,"Datos clínicos: paciente con Gleason 9. PSA 7. Estudio local.

RM MULTIPARAMÉTRICA DE PRÓSTATA.

Técnica:  secuencias TSET2, DWI (b0-1400) y mapa ADC,  en planos axial, coronal y sagital. Estudio dinámico mediante TSE T1 basal y tras administración de Gd iv.
Resultados:
La próstata presenta aumento de tamaño por importante crecimiento de la zona transicional con signos compatibles con HBP. El volumen es de 49X42X39mm (volumen aproximado de 42cc).
En la secuencia T1 se aprecian varias áreas en la región periférica ligeramente hiperintensas, mal definidas, que podrían estar en relación con sangrado postbiopsia. A valorar clínicamente.
- Estudio morfológico: en la zona periférica se identifica una lesión marcadamente hipointensa en la zona del LD posterior, de bordes mal definidos. La lesión contacta con la cápsula sin claro borramiento de la misma aunque existe un segmento en el que parece interrumpirla aunque sin poder confirmar afectación del plexo neurovascular contiguo.  El eje mayor de la lesión es de 22mm. Esta lesión muestra clara restricción en el estudio de difusión.
También en la zona periférica del LI se aprecia otra zona hipointensa, mal definida de unos 18mm de eje mayor que no muestra signos de infiltración de la cápsula.  Esta segunda lesión muestra leve restricción en la difusión.
En la zona transicional destacan cambios quísticos-adenomatosos compatibles con HBP sin llegar a identificar áreas hipointensas sospechosas.
- Estudio dinámico: se aprecia captación de contraste precoz en las lesiones descritas de la zona periférica.
En la vejiga no se aprecian signos de infiltración.
En la vesícula seminal derecha se aprecia contiguidad con la lesión periférica del LD con alteración de la intensidad y engrosamiento en la zona de contacto por posible infiltración.
No se identifican claras adenopatías en cadenas iliacas aunque destaca algún ganglio redondeado, de pequeño tamaño (eje máximo 8mm), en cadena iliaca izquierda y en región presacra.
No líquido libre en pelvis.
No se identifican lesiones focales en hueso en secuencia T1.
- Conclusión Conclusión
Lesión PIRADS 5 en zona periférica de LD.
Lesión PIRADS 5 en zona periférica de LI.
Ganglios linfáticos sospechosos en región presacra y parailíaca izquierda.
Sospecha de infiltración de vesícula seminal derecha.



",XNAT03_S03617,XNAT03_E06023
sub-008042,ses-008929,/mnt/ceib/datalake/FISABIO_datalake/prueba/p0052021_reborn/sub-008042/ses-008929/mim-mr/anat/sub-008042_ses-008929_acq-fse_run-901_bp-prostate_vp-ax_T2w.nii.gz,/mnt/ceib/datalake/FISABIO_datalake/prueba/p0052021_reborn/sub-008042/ses-008929/mim-mr/dwi/sub-008042_ses-008929_acq-bvalue_run-703_bp-prostate_vp-ax_dwi.nii.gz,/mnt/ceib/datalake/FISABIO_datalake/prueba/p0052021_reborn/sub-008042/ses-008929/mim-mr/dwi/sub-008042_ses-008929_acq-adc_run-603_bp-prostate_vp-ax_dwi.nii.gz,20.0,68.0,,,,6.86,,5.0,1.0,1942-08-27,2011-08-23,train,False,,val,ses-008929,sub-008042,p0052021,,https://ceib.cipf.es/xnat2/data/projects/p0052021/experiments/XNAT03_E06023?format=html,20,68,,,,6.860000000000000,,[5],1,True,"Datos clínicos: paciente con Gleason 9. PSA 7. Estudio local.

RM MULTIPARAMÉTRICA DE PRÓSTATA.

Técnica:  secuencias TSET2, DWI (b0-1400) y mapa ADC,  en planos axial, coronal y sagital. Estudio dinámico mediante TSE T1 basal y tras administración de Gd iv.
Resultados:
La próstata presenta aumento de tamaño por importante crecimiento de la zona transicional con signos compatibles con HBP. El volumen es de 49X42X39mm (volumen aproximado de 42cc).
En la secuencia T1 se aprecian varias áreas en la región periférica ligeramente hiperintensas, mal definidas, que podrían estar en relación con sangrado postbiopsia. A valorar clínicamente.
- Estudio morfológico: en la zona periférica se identifica una lesión marcadamente hipointensa en la zona del LD posterior, de bordes mal definidos. La lesión contacta con la cápsula sin claro borramiento de la misma aunque existe un segmento en el que parece interrumpirla aunque sin poder confirmar afectación del plexo neurovascular contiguo.  El eje mayor de la lesión es de 22mm. Esta lesión muestra clara restricción en el estudio de difusión.
También en la zona periférica del LI se aprecia otra zona hipointensa, mal definida de unos 18mm de eje mayor que no muestra signos de infiltración de la cápsula.  Esta segunda lesión muestra leve restricción en la difusión.
En la zona transicional destacan cambios quísticos-adenomatosos compatibles con HBP sin llegar a identificar áreas hipointensas sospechosas.
- Estudio dinámico: se aprecia captación de contraste precoz en las lesiones descritas de la zona periférica.
En la vejiga no se aprecian signos de infiltración.
En la vesícula seminal derecha se aprecia contiguidad con la lesión periférica del LD con alteración de la intensidad y engrosamiento en la zona de contacto por posible infiltración.
No se identifican claras adenopatías en cadenas iliacas aunque destaca algún ganglio redondeado, de pequeño tamaño (eje máximo 8mm), en cadena iliaca izquierda y en región presacra.
No líquido libre en pelvis.
No se identifican lesiones focales en hueso en secuencia T1.
- Conclusión Conclusión
Lesión PIRADS 5 en zona periférica de LD.
Lesión PIRADS 5 en zona periférica de LI.
Ganglios linfáticos sospechosos en región presacra y parailíaca izquierda.
Sospecha de infiltración de vesícula seminal derecha.



",XNAT03_S03617,XNAT03_E06023
sub-007148,ses-007833,/mnt/ceib/datalake/FISABIO_datalake/prueba/p0052021_reborn/sub-007148/ses-007833/mim-mr/anat/sub-007148_ses-007833_acq-fse_run-10_bp-prostate_vp-ax_T2w.nii.gz,/mnt/ceib/datalake/FISABIO_datalake/prueba/p0052021_reborn/sub-007148/ses-007833/mim-mr/dwi/sub-007148_ses-007833_acq-bvalue_run-11_bp-prostate_vp-ax_dwi.nii.gz,/mnt/ceib/datalake/FISABIO_datalake/prueba/p0052021_reborn/derivatives/creating_adc/sub-007148/ses-007833/mim-mr/dwi/sub-007148_ses-007833_acq-bvalue_run-13_bp-prostate_vp-ax_mod-dwi_desc-calcADC_ADC.nii.gz,19.0,64.0,,,,5.62,,,1.0,1953-01-10,2017-03-30,train,True,,val,ses-007833,sub-007148,p0052021,,https://ceib.cipf.es/xnat2/data/projects/p0052021/experiments/XNAT03_E05454?format=html,19,64,,,,5.620000000000000,,,1,True,"

PACIENTE: <NAME> <NAME>, <NAME> <NAME>
PRESCRIPCION:  Dr.  <NAME> <NAME>, <NAME>

<LOC> , <FECHA> <FECHA> <FECHA> <FECHA> <FECHA>




RESONANCIA MAGNETICA DE PRÓSTATA:

JUICIO JUICIO
Elevación de PSA. Adenocarcinoma de próstata.

TÉCNICA:
Se realizan cortes axiales, sagitales y coronales utilizando secuencias TSE-T1, TSE-T2 sin y con saturación de la grasa; incluyendo estudio de alta resolución. Se complementa el estudio con cortes dinámicos (axiales-SPIR) tras la administración de gadolinio intravenoso y tardíos T1 y T1-SPIR. Se emplean técnicas de perfusión.

INFORME:
Imagen nodular en la zona periférica prostática derecha en el tercio medio de aproximadamente 1.2 x 1.3 x 1.3 cm AP x T x CC, con restricción a la difusión y con marcada captación en el estudio dinámico y en perfusión de predominio precoz con respecto al estudio de la glándula en relación con foco de neoplasia. Existe un borramiento de la cápsula prostática posterior con una mínima protrusión hacia la grasa periprostática menor de 2 mm en relación con infiltración extracapsular. Existe además un área de hipointensidad de señal en T2 de 1.9 cm de diámetro máximo localizada en la zona periférica prostática izquierda, no claramente nodular y peor definida que el lado contralateral que parece presentar una mínima hiperintensidad de señal en difusión con dudosa restricción en el mapa ADC y que en estudio dinámico presenta mayor captación que el resto de la glándula y menor que en nódulo ya mencionado no obstante en la secuencia de perfusión no presenta diferencias con el resto de la glándula por lo que consideramos improbable que se trate de otro foco, no obstante no es descartable del todo, a correlacionar con los resultados de la biopsia.
No se aprecian adenopatías sospechosas.
No hay filtración de las vesiculas seminales.

CONCLUSIÓN:
Neoplasia de próstata que se clasificaría por imagen como probable T3a. Dudosa afectación en el lóbulo prostático izquierdo improbable, a correlacionar con los resultados de la biopsia.

<LOC> ,  <FECHA> <FECHA> <FECHA> <FECHA> <FECHA>

Fdo:  <NAME> , <NAME> <NAME>
Médico Radiólogo. Colegiado Nº: <NUM>


",XNAT03_S03159,XNAT03_E05454
sub-007148,ses-007833,/mnt/ceib/datalake/FISABIO_datalake/prueba/p0052021_reborn/sub-007148/ses-007833/mim-mr/anat/sub-007148_ses-007833_acq-fse_run-7_bp-prostate_vp-ax_T2w.nii.gz,/mnt/ceib/datalake/FISABIO_datalake/prueba/p0052021_reborn/sub-007148/ses-007833/mim-mr/dwi/sub-007148_ses-007833_acq-bvalue_run-11_bp-prostate_vp-ax_dwi.nii.gz,/mnt/ceib/datalake/FISABIO_datalake/prueba/p0052021_reborn/derivatives/creating_adc/sub-007148/ses-007833/mim-mr/dwi/sub-007148_ses-007833_acq-bvalue_run-13_bp-prostate_vp-ax_mod-dwi_desc-calcADC_ADC.nii.gz,19.0,64.0,,,,5.62,,,1.0,1953-01-10,2017-03-30,train,True,,val,ses-007833,sub-007148,p0052021,,https://ceib.cipf.es/xnat2/data/projects/p0052021/experiments/XNAT03_E05454?format=html,19,64,,,,5.620000000000000,,,1,True,"

PACIENTE: <NAME> <NAME>, <NAME> <NAME>
PRESCRIPCION:  Dr.  <NAME> <NAME>, <NAME>

<LOC> , <FECHA> <FECHA> <FECHA> <FECHA> <FECHA>




RESONANCIA MAGNETICA DE PRÓSTATA:

JUICIO JUICIO
Elevación de PSA. Adenocarcinoma de próstata.

TÉCNICA:
Se realizan cortes axiales, sagitales y coronales utilizando secuencias TSE-T1, TSE-T2 sin y con saturación de la grasa; incluyendo estudio de alta resolución. Se complementa el estudio con cortes dinámicos (axiales-SPIR) tras la administración de gadolinio intravenoso y tardíos T1 y T1-SPIR. Se emplean técnicas de perfusión.

INFORME:
Imagen nodular en la zona periférica prostática derecha en el tercio medio de aproximadamente 1.2 x 1.3 x 1.3 cm AP x T x CC, con restricción a la difusión y con marcada captación en el estudio dinámico y en perfusión de predominio precoz con respecto al estudio de la glándula en relación con foco de neoplasia. Existe un borramiento de la cápsula prostática posterior con una mínima protrusión hacia la grasa periprostática menor de 2 mm en relación con infiltración extracapsular. Existe además un área de hipointensidad de señal en T2 de 1.9 cm de diámetro máximo localizada en la zona periférica prostática izquierda, no claramente nodular y peor definida que el lado contralateral que parece presentar una mínima hiperintensidad de señal en difusión con dudosa restricción en el mapa ADC y que en estudio dinámico presenta mayor captación que el resto de la glándula y menor que en nódulo ya mencionado no obstante en la secuencia de perfusión no presenta diferencias con el resto de la glándula por lo que consideramos improbable que se trate de otro foco, no obstante no es descartable del todo, a correlacionar con los resultados de la biopsia.
No se aprecian adenopatías sospechosas.
No hay filtración de las vesiculas seminales.

CONCLUSIÓN:
Neoplasia de próstata que se clasificaría por imagen como probable T3a. Dudosa afectación en el lóbulo prostático izquierdo improbable, a correlacionar con los resultados de la biopsia.

<LOC> ,  <FECHA> <FECHA> <FECHA> <FECHA> <FECHA>

Fdo:  <NAME> , <NAME> <NAME>
Médico Radiólogo. Colegiado Nº: <NUM>


",XNAT03_S03159,XNAT03_E05454
sub-007536,ses-008303,/mnt/ceib/datalake/FISABIO_datalake/prueba/p0052021_reborn/sub-007536/ses-008303/mim-mr/anat/sub-007536_ses-008303_acq-fse_run-9_bp-prostate_vp-ax_T2w.nii.gz,/mnt/ceib/datalake/FISABIO_datalake/prueba/p0052021_reborn/sub-007536/ses-008303/mim-mr/dwi/sub-007536_ses-008303_acq-bvalue_run-11_bp-prostate_vp-ax_dwi.nii.gz,/mnt/ceib/datalake/FISABIO_datalake/prueba/p0052021_reborn/derivatives/creating_adc/sub-007536/ses-008303/mim-mr/dwi/sub-007536_ses-008303_acq-bvalue_run-11_bp-prostate_vp-ax_mod-dwi_desc-calcADC_ADC.nii.gz,19.0,65.0,,,,14.06,,,1.0,1947-03-30,2012-11-21,train,True,,val,ses-008303,sub-007536,p0052021,,https://ceib.cipf.es/xnat2/data/projects/p0052021/experiments/XNAT03_E05865?format=html,19,65,,,,14.06000000000000,,,1,True,"



PACIENTE: <NAME> <NAME>, <NAME>
PRESCRIPCION:  Dra. <NAME> <NAME>.

<LOC> , 2 de NOVIEMBRE de 2018




RESONANCIA MAGNETICA DE PRÓSTATA:

JUICIO JUICIO
Adenocarcinoma de próstata de riesgo intermedio. Estudio de extensión.

TÉCNICA:
Se realizan cortes axiales, sagitales y coronales utilizando secuencias TSE-T1, TSE-T2 sin y con saturación de la grasa; incluyendo estudio de alta resolución. Se complementa el estudio con cortes dinámicos (axiales-SPIR) tras la administración de gadolinio intravenoso y tardíos T1 y T1-SPIR.

INFORME:
Se aprecia una lesión nodular heterogénea de contornos mal definidos a nivel basal en la zona periférica prostática derecha con restricción a la difusión, con un diámetro máximo de al menos 1.5 cm en cráneo-caudal con ligera hipercaptación en el estudio dinámico y que podría corresponder con la lesión neoplásica mencionada. Aunque la lesión contacta con el origen de las vesículas seminales no parece presentar clara infiltración. Existe una discreta protrusión hacia la grasa periprostática derecha con borramiento leve de la cápsula probablemente por mínima infiltración extracapsular.
No se aprecian otras captaciones captaciones de contraste u otros focos de restricción a la difusión o de hipointensidad de señal en T2.
No se aprecian adenopatías sospechosas de infiltración.
No hay lesiones óseas sospechosas de malignidad.
Los hallazgos se clasifican como neoplasia prostática que se clasifica por imagen como T3A N0.
Como hallazgo casual se aprecia  marcado hidrocele izquierdo.

CONCLUSIÓN:
Imagen sugestiva de neoplasia prostática en la zona periférica derecha basal que se clasificaría por imagen como T3A N0.
Hidrocele izquierdo.


<LOC> ,  8 de NOVIEMBRE de 2018

Fdo:  <NAME> , <NAME> <NAME>
Médico Radiólogo. Colegiado Nº: <NUM>

",XNAT03_S03495,XNAT03_E05865
sub-007536,ses-008303,/mnt/ceib/datalake/FISABIO_datalake/prueba/p0052021_reborn/sub-007536/ses-008303/mim-mr/anat/sub-007536_ses-008303_acq-fse_run-7_bp-prostate_vp-ax_T2w.nii.gz,/mnt/ceib/datalake/FISABIO_datalake/prueba/p0052021_reborn/sub-007536/ses-008303/mim-mr/dwi/sub-007536_ses-008303_acq-bvalue_run-11_bp-prostate_vp-ax_dwi.nii.gz,/mnt/ceib/datalake/FISABIO_datalake/prueba/p0052021_reborn/derivatives/creating_adc/sub-007536/ses-008303/mim-mr/dwi/sub-007536_ses-008303_acq-bvalue_run-11_bp-prostate_vp-ax_mod-dwi_desc-calcADC_ADC.nii.gz,19.0,65.0,,,,14.06,,,1.0,1947-03-30,2012-11-21,train,True,,val,ses-008303,sub-007536,p0052021,,https://ceib.cipf.es/xnat2/data/projects/p0052021/experiments/XNAT03_E05865?format=html,19,65,,,,14.06000000000000,,,1,True,"



PACIENTE: <NAME> <NAME>, <NAME>
PRESCRIPCION:  Dra. <NAME> <NAME>.

<LOC> , 2 de NOVIEMBRE de 2018




RESONANCIA MAGNETICA DE PRÓSTATA:

JUICIO JUICIO
Adenocarcinoma de próstata de riesgo intermedio. Estudio de extensión.

TÉCNICA:
Se realizan cortes axiales, sagitales y coronales utilizando secuencias TSE-T1, TSE-T2 sin y con saturación de la grasa; incluyendo estudio de alta resolución. Se complementa el estudio con cortes dinámicos (axiales-SPIR) tras la administración de gadolinio intravenoso y tardíos T1 y T1-SPIR.

INFORME:
Se aprecia una lesión nodular heterogénea de contornos mal definidos a nivel basal en la zona periférica prostática derecha con restricción a la difusión, con un diámetro máximo de al menos 1.5 cm en cráneo-caudal con ligera hipercaptación en el estudio dinámico y que podría corresponder con la lesión neoplásica mencionada. Aunque la lesión contacta con el origen de las vesículas seminales no parece presentar clara infiltración. Existe una discreta protrusión hacia la grasa periprostática derecha con borramiento leve de la cápsula probablemente por mínima infiltración extracapsular.
No se aprecian otras captaciones captaciones de contraste u otros focos de restricción a la difusión o de hipointensidad de señal en T2.
No se aprecian adenopatías sospechosas de infiltración.
No hay lesiones óseas sospechosas de malignidad.
Los hallazgos se clasifican como neoplasia prostática que se clasifica por imagen como T3A N0.
Como hallazgo casual se aprecia  marcado hidrocele izquierdo.

CONCLUSIÓN:
Imagen sugestiva de neoplasia prostática en la zona periférica derecha basal que se clasificaría por imagen como T3A N0.
Hidrocele izquierdo.


<LOC> ,  8 de NOVIEMBRE de 2018

Fdo:  <NAME> , <NAME> <NAME>
Médico Radiólogo. Colegiado Nº: <NUM>

",XNAT03_S03495,XNAT03_E05865
sub-007419,ses-008165,/mnt/ceib/datalake/FISABIO_datalake/prueba/p0052021_reborn/sub-007419/ses-008165/mim-mr/anat/sub-007419_ses-008165_acq-fse_run-12_bp-prostate_vp-ax_T2w.nii.gz,/mnt/ceib/datalake/FISABIO_datalake/prueba/p0052021_reborn/sub-007419/ses-008165/mim-mr/dwi/sub-007419_ses-008165_acq-bvalue_run-13_bp-prostate_vp-ax_dwi.nii.gz,/mnt/ceib/datalake/FISABIO_datalake/prueba/p0052021_reborn/derivatives/creating_adc/sub-007419/ses-008165/mim-mr/dwi/sub-007419_ses-008165_acq-bvalue_run-13_bp-prostate_vp-ax_mod-dwi_desc-calcADC_ADC.nii.gz,19.0,72.0,,,,6.75,,,1.0,1942-06-17,2015-02-08,train,True,,val,ses-008165,sub-007419,p0052021,,https://ceib.cipf.es/xnat2/data/projects/p0052021/experiments/XNAT03_E05868?format=html,19,72,,,,6.750000000000000,,,1,True,"







PACIENTE: <NAME> <NAME>, <NAME>
PRESCRIPCION:  Dr.  <NAME> <NAME>

<LOC> , <FECHA> <FECHA> <FECHA> <FECHA> <FECHA>




RESONANCIA MAGNETICA RESONANCIA PRÃ_x0093_STATA:

JUICIO JUICIO
ADC de prÃ³stata que afecta ambos lÃ³bulos.

TÃ_x0089_CNICA:
Se realizan cortes axiales, sagitales y coronales utilizando secuencias TSE-T1, TSE-T2 sin y con saturaciÃ³n de la grasa; incluyendo estudio de alta resoluciÃ³n. Se complementa el estudio con cortes dinÃ¡micos (axiales-SPIR) tras la administraciÃ³n de gadolinio intravenoso y tardÃ­os T1 y T1-SPIR.

INFORME:
AlteraciÃ³n de la intensidad de seÃ±al afectando a la regiÃ³n perifÃ©rica prostÃ¡tica de predominio izquierdo, donde afectan totalidad al tercio proximal y medio con ausencia de clara afectaciÃ³n de la regiÃ³n apical anterior, apreciÃ¡ndose tambiÃ©n afectaciÃ³n por hipointensidad de seÃ±al en T2 de la zona perifÃ©rica prostÃ¡tica basal derecha en relaciÃ³n con neoplasia prostÃ¡tica. La neoplasia afecta tambiÃ©n a la  vesicula seminal izquierda con hipointensidad de seÃ±al extensa, existiendo tambiÃ©n mÃ­nima afectaciÃ³n de la intensidad de seÃ±al de la base de la vesÃ­cula seminal derecha.
Se aprecia ademÃ¡s signos de infiltraciÃ³n del paquete neurovascular izquierdo.
No identificamos claras adenopatias sospechosas.
Artefacto de susceptibilidad magnÃ©tica en la cadera derecha por prÃ³tesis de cadera en esta localizaciÃ³n.
Signos de coxartrosis leve en la cadera izquierda.
No hay signos de afectaciÃ³n metastÃ¡sica Ã³sea.

CONCLUSIÃ_x0093_N:
Neoplasia prostÃ¡tica de predominio izquierdo con afectaciÃ³n de ambas vesiculas seminales y de las bandeletas neurovasculares izquierdas.


<LOC> ,  <FECHA> <FECHA> <FECHA> <FECHA> <FECHA>

Fdo:  <NAME> , <NAME> <NAME>
MÃ©dico RadiÃ³logo. Colegiado NÂº: <NUM>


",XNAT03_S03498,XNAT03_E05868
sub-007419,ses-008165,/mnt/ceib/datalake/FISABIO_datalake/prueba/p0052021_reborn/sub-007419/ses-008165/mim-mr/anat/sub-007419_ses-008165_acq-fse_run-17_bp-prostate_vp-ax_T2w.nii.gz,/mnt/ceib/datalake/FISABIO_datalake/prueba/p0052021_reborn/sub-007419/ses-008165/mim-mr/dwi/sub-007419_ses-008165_acq-bvalue_run-13_bp-prostate_vp-ax_dwi.nii.gz,/mnt/ceib/datalake/FISABIO_datalake/prueba/p0052021_reborn/derivatives/creating_adc/sub-007419/ses-008165/mim-mr/dwi/sub-007419_ses-008165_acq-bvalue_run-13_bp-prostate_vp-ax_mod-dwi_desc-calcADC_ADC.nii.gz,19.0,72.0,,,,6.75,,,1.0,1942-06-17,2015-02-08,train,True,,val,ses-008165,sub-007419,p0052021,,https://ceib.cipf.es/xnat2/data/projects/p0052021/experiments/XNAT03_E05868?format=html,19,72,,,,6.750000000000000,,,1,True,"







PACIENTE: <NAME> <NAME>, <NAME>
PRESCRIPCION:  Dr.  <NAME> <NAME>

<LOC> , <FECHA> <FECHA> <FECHA> <FECHA> <FECHA>




RESONANCIA MAGNETICA RESONANCIA PRÃ_x0093_STATA:

JUICIO JUICIO
ADC de prÃ³stata que afecta ambos lÃ³bulos.

TÃ_x0089_CNICA:
Se realizan cortes axiales, sagitales y coronales utilizando secuencias TSE-T1, TSE-T2 sin y con saturaciÃ³n de la grasa; incluyendo estudio de alta resoluciÃ³n. Se complementa el estudio con cortes dinÃ¡micos (axiales-SPIR) tras la administraciÃ³n de gadolinio intravenoso y tardÃ­os T1 y T1-SPIR.

INFORME:
AlteraciÃ³n de la intensidad de seÃ±al afectando a la regiÃ³n perifÃ©rica prostÃ¡tica de predominio izquierdo, donde afectan totalidad al tercio proximal y medio con ausencia de clara afectaciÃ³n de la regiÃ³n apical anterior, apreciÃ¡ndose tambiÃ©n afectaciÃ³n por hipointensidad de seÃ±al en T2 de la zona perifÃ©rica prostÃ¡tica basal derecha en relaciÃ³n con neoplasia prostÃ¡tica. La neoplasia afecta tambiÃ©n a la  vesicula seminal izquierda con hipointensidad de seÃ±al extensa, existiendo tambiÃ©n mÃ­nima afectaciÃ³n de la intensidad de seÃ±al de la base de la vesÃ­cula seminal derecha.
Se aprecia ademÃ¡s signos de infiltraciÃ³n del paquete neurovascular izquierdo.
No identificamos claras adenopatias sospechosas.
Artefacto de susceptibilidad magnÃ©tica en la cadera derecha por prÃ³tesis de cadera en esta localizaciÃ³n.
Signos de coxartrosis leve en la cadera izquierda.
No hay signos de afectaciÃ³n metastÃ¡sica Ã³sea.

CONCLUSIÃ_x0093_N:
Neoplasia prostÃ¡tica de predominio izquierdo con afectaciÃ³n de ambas vesiculas seminales y de las bandeletas neurovasculares izquierdas.


<LOC> ,  <FECHA> <FECHA> <FECHA> <FECHA> <FECHA>

Fdo:  <NAME> , <NAME> <NAME>
MÃ©dico RadiÃ³logo. Colegiado NÂº: <NUM>


",XNAT03_S03498,XNAT03_E05868
sub-007419,ses-008165,/mnt/ceib/datalake/FISABIO_datalake/prueba/p0052021_reborn/sub-007419/ses-008165/mim-mr/anat/sub-007419_ses-008165_acq-fse_run-9_bp-prostate_vp-ax_T2w.nii.gz,/mnt/ceib/datalake/FISABIO_datalake/prueba/p0052021_reborn/sub-007419/ses-008165/mim-mr/dwi/sub-007419_ses-008165_acq-bvalue_run-13_bp-prostate_vp-ax_dwi.nii.gz,/mnt/ceib/datalake/FISABIO_datalake/prueba/p0052021_reborn/derivatives/creating_adc/sub-007419/ses-008165/mim-mr/dwi/sub-007419_ses-008165_acq-bvalue_run-13_bp-prostate_vp-ax_mod-dwi_desc-calcADC_ADC.nii.gz,19.0,72.0,,,,6.75,,,1.0,1942-06-17,2015-02-08,train,True,,val,ses-008165,sub-007419,p0052021,,https://ceib.cipf.es/xnat2/data/projects/p0052021/experiments/XNAT03_E05868?format=html,19,72,,,,6.750000000000000,,,1,True,"







PACIENTE: <NAME> <NAME>, <NAME>
PRESCRIPCION:  Dr.  <NAME> <NAME>

<LOC> , <FECHA> <FECHA> <FECHA> <FECHA> <FECHA>




RESONANCIA MAGNETICA RESONANCIA PRÃ_x0093_STATA:

JUICIO JUICIO
ADC de prÃ³stata que afecta ambos lÃ³bulos.

TÃ_x0089_CNICA:
Se realizan cortes axiales, sagitales y coronales utilizando secuencias TSE-T1, TSE-T2 sin y con saturaciÃ³n de la grasa; incluyendo estudio de alta resoluciÃ³n. Se complementa el estudio con cortes dinÃ¡micos (axiales-SPIR) tras la administraciÃ³n de gadolinio intravenoso y tardÃ­os T1 y T1-SPIR.

INFORME:
AlteraciÃ³n de la intensidad de seÃ±al afectando a la regiÃ³n perifÃ©rica prostÃ¡tica de predominio izquierdo, donde afectan totalidad al tercio proximal y medio con ausencia de clara afectaciÃ³n de la regiÃ³n apical anterior, apreciÃ¡ndose tambiÃ©n afectaciÃ³n por hipointensidad de seÃ±al en T2 de la zona perifÃ©rica prostÃ¡tica basal derecha en relaciÃ³n con neoplasia prostÃ¡tica. La neoplasia afecta tambiÃ©n a la  vesicula seminal izquierda con hipointensidad de seÃ±al extensa, existiendo tambiÃ©n mÃ­nima afectaciÃ³n de la intensidad de seÃ±al de la base de la vesÃ­cula seminal derecha.
Se aprecia ademÃ¡s signos de infiltraciÃ³n del paquete neurovascular izquierdo.
No identificamos claras adenopatias sospechosas.
Artefacto de susceptibilidad magnÃ©tica en la cadera derecha por prÃ³tesis de cadera en esta localizaciÃ³n.
Signos de coxartrosis leve en la cadera izquierda.
No hay signos de afectaciÃ³n metastÃ¡sica Ã³sea.

CONCLUSIÃ_x0093_N:
Neoplasia prostÃ¡tica de predominio izquierdo con afectaciÃ³n de ambas vesiculas seminales y de las bandeletas neurovasculares izquierdas.


<LOC> ,  <FECHA> <FECHA> <FECHA> <FECHA> <FECHA>

Fdo:  <NAME> , <NAME> <NAME>
MÃ©dico RadiÃ³logo. Colegiado NÂº: <NUM>


",XNAT03_S03498,XNAT03_E05868
sub-007419,ses-008165,/mnt/ceib/datalake/FISABIO_datalake/prueba/p0052021_reborn/sub-007419/ses-008165/mim-mr/anat/sub-007419_ses-008165_acq-fse_run-7_bp-prostate_vp-ax_T2w.nii.gz,/mnt/ceib/datalake/FISABIO_datalake/prueba/p0052021_reborn/sub-007419/ses-008165/mim-mr/dwi/sub-007419_ses-008165_acq-bvalue_run-13_bp-prostate_vp-ax_dwi.nii.gz,/mnt/ceib/datalake/FISABIO_datalake/prueba/p0052021_reborn/derivatives/creating_adc/sub-007419/ses-008165/mim-mr/dwi/sub-007419_ses-008165_acq-bvalue_run-13_bp-prostate_vp-ax_mod-dwi_desc-calcADC_ADC.nii.gz,19.0,72.0,,,,6.75,,,1.0,1942-06-17,2015-02-08,train,True,,val,ses-008165,sub-007419,p0052021,,https://ceib.cipf.es/xnat2/data/projects/p0052021/experiments/XNAT03_E05868?format=html,19,72,,,,6.750000000000000,,,1,True,"







PACIENTE: <NAME> <NAME>, <NAME>
PRESCRIPCION:  Dr.  <NAME> <NAME>

<LOC> , <FECHA> <FECHA> <FECHA> <FECHA> <FECHA>




RESONANCIA MAGNETICA RESONANCIA PRÃ_x0093_STATA:

JUICIO JUICIO
ADC de prÃ³stata que afecta ambos lÃ³bulos.

TÃ_x0089_CNICA:
Se realizan cortes axiales, sagitales y coronales utilizando secuencias TSE-T1, TSE-T2 sin y con saturaciÃ³n de la grasa; incluyendo estudio de alta resoluciÃ³n. Se complementa el estudio con cortes dinÃ¡micos (axiales-SPIR) tras la administraciÃ³n de gadolinio intravenoso y tardÃ­os T1 y T1-SPIR.

INFORME:
AlteraciÃ³n de la intensidad de seÃ±al afectando a la regiÃ³n perifÃ©rica prostÃ¡tica de predominio izquierdo, donde afectan totalidad al tercio proximal y medio con ausencia de clara afectaciÃ³n de la regiÃ³n apical anterior, apreciÃ¡ndose tambiÃ©n afectaciÃ³n por hipointensidad de seÃ±al en T2 de la zona perifÃ©rica prostÃ¡tica basal derecha en relaciÃ³n con neoplasia prostÃ¡tica. La neoplasia afecta tambiÃ©n a la  vesicula seminal izquierda con hipointensidad de seÃ±al extensa, existiendo tambiÃ©n mÃ­nima afectaciÃ³n de la intensidad de seÃ±al de la base de la vesÃ­cula seminal derecha.
Se aprecia ademÃ¡s signos de infiltraciÃ³n del paquete neurovascular izquierdo.
No identificamos claras adenopatias sospechosas.
Artefacto de susceptibilidad magnÃ©tica en la cadera derecha por prÃ³tesis de cadera en esta localizaciÃ³n.
Signos de coxartrosis leve en la cadera izquierda.
No hay signos de afectaciÃ³n metastÃ¡sica Ã³sea.

CONCLUSIÃ_x0093_N:
Neoplasia prostÃ¡tica de predominio izquierdo con afectaciÃ³n de ambas vesiculas seminales y de las bandeletas neurovasculares izquierdas.


<LOC> ,  <FECHA> <FECHA> <FECHA> <FECHA> <FECHA>

Fdo:  <NAME> , <NAME> <NAME>
MÃ©dico RadiÃ³logo. Colegiado NÂº: <NUM>


",XNAT03_S03498,XNAT03_E05868
sub-007351,ses-008086,/mnt/ceib/datalake/FISABIO_datalake/prueba/p0052021_reborn/sub-007351/ses-008086/mim-mr/anat/sub-007351_ses-008086_acq-fse_run-8_bp-prostate_vp-ax_T2w.nii.gz,/mnt/ceib/datalake/FISABIO_datalake/prueba/p0052021_reborn/sub-007351/ses-008086/mim-mr/dwi/sub-007351_ses-008086_acq-bvalue_run-12_bp-prostate_vp-ax_dwi.nii.gz,/mnt/ceib/datalake/FISABIO_datalake/prueba/p0052021_reborn/derivatives/creating_adc/sub-007351/ses-008086/mim-mr/dwi/sub-007351_ses-008086_acq-bvalue_run-12_bp-prostate_vp-ax_mod-dwi_desc-calcADC_ADC.nii.gz,19.0,67.0,,,,12.83,31.50576,,1.0,1944-10-14,2012-08-09,train,True,,val,ses-008086,sub-007351,p0052021,,https://ceib.cipf.es/xnat2/data/projects/p0052021/experiments/XNAT03_E05714?format=html,19,67,,,,12.83000000000000,31.50576,,1,True,"

PACIENTE: <NAME> <NAME>, <NAME>
PRESCRIPCION:  Dr.  PÃ©rez.

<LOC> , <FECHA> <FECHA> <FECHA> <FECHA> <FECHA>




RESONANCIA MAGNETICA RESONANCIA PRÃ_x0093_STATA:

JUICIO JUICIO
ElevaciÃ³n de PSA. Adenocarcinoma de prÃ³stata.

TÃ_x0089_CNICA:
Se realizan cortes axiales, sagitales y coronales utilizando secuencias TSE-T1, TSE-T2 sin y con saturaciÃ³n de la grasa; incluyendo estudio de alta resoluciÃ³n. Se complementa el estudio con cortes dinÃ¡micos (axiales-SPIR) tras la administraciÃ³n de gadolinio intravenoso y tardÃ­os T1 y T1-SPIR.

INFORME:
PrÃ³stata aumentada de tamaÃ±o de forma difusa con unos diÃ¡metros aproximados de 5.1 x 3.3 x 3.6 cm, con imagen pseudo-nodular afectando al tercio basal y medio y a parte del apical del lÃ³bulo de origen hipoprostÃ¡tico izquierdo que coincide con zona de restricciÃ³n a la difusiÃ³n y mayor captaciÃ³n de contraste en estudio dinÃ¡mico en relaciÃ³n con adenocarcinoma prostÃ¡tico. AdemÃ¡s, en el lado contralateral, en el tercio medio de la zona perifÃ©rica prostÃ¡tica derecha tambiÃ©n se aprecia una imagen pseudo-nodular hipointensa en T2 con restricciÃ³n a  la difusiÃ³n leve y captaciÃ³n de contraste mayor que el resto del parÃ©nquima, de aproximadamente 1.6 cm probablemente relacionado con otro foco de carcinoma.
Llama la atenciÃ³n la existencia de una lesiÃ³n nodular en la zona de transiciÃ³n prostÃ¡tica derecha, muy hipointensa en T2 y con restricciÃ³n a la difusiÃ³n, hipercaptante, no se puede descartar foco de carcinoma de la zona transicional.
La vesÃ­cula seminal izquierda se muestra algo mÃ¡s hipointensa que la derecha en la zona basal probablemente por infiltraciÃ³n.
La lesiÃ³n del lÃ³bulo prostÃ¡tico izquierdo parece causar borramiento de la cÃ¡psula a nivel del tercio medio inferior por lo que no se puede descartar invasiÃ³n extracapsular.
No se aprecian adenopatÃ­as sospechosas.
No hay lesiones Ã³seas de significaciÃ³n.

CONCLUSIÃ_x0093_N:
Neoplasia prostÃ¡tica con afectaciÃ³n de ambos lÃ³bulos perifÃ©ricos y probablemente central y con signos de probable infiltraciÃ³n de la vesÃ­cula seminal izquierda.

<LOC> ,  1 de FEBRERO de 2016

Fdo:  <NAME> , <NAME> <NAME>
MÃ©dico RadiÃ³logo. Colegiado NÂº: <NUM>


",XNAT03_S03378,XNAT03_E05714
sub-007351,ses-008086,/mnt/ceib/datalake/FISABIO_datalake/prueba/p0052021_reborn/sub-007351/ses-008086/mim-mr/anat/sub-007351_ses-008086_acq-fse_run-10_bp-prostate_vp-ax_T2w.nii.gz,/mnt/ceib/datalake/FISABIO_datalake/prueba/p0052021_reborn/sub-007351/ses-008086/mim-mr/dwi/sub-007351_ses-008086_acq-bvalue_run-12_bp-prostate_vp-ax_dwi.nii.gz,/mnt/ceib/datalake/FISABIO_datalake/prueba/p0052021_reborn/derivatives/creating_adc/sub-007351/ses-008086/mim-mr/dwi/sub-007351_ses-008086_acq-bvalue_run-12_bp-prostate_vp-ax_mod-dwi_desc-calcADC_ADC.nii.gz,19.0,67.0,,,,12.83,31.50576,,1.0,1944-10-14,2012-08-09,train,True,,val,ses-008086,sub-007351,p0052021,,https://ceib.cipf.es/xnat2/data/projects/p0052021/experiments/XNAT03_E05714?format=html,19,67,,,,12.83000000000000,31.50576,,1,True,"

PACIENTE: <NAME> <NAME>, <NAME>
PRESCRIPCION:  Dr.  PÃ©rez.

<LOC> , <FECHA> <FECHA> <FECHA> <FECHA> <FECHA>




RESONANCIA MAGNETICA RESONANCIA PRÃ_x0093_STATA:

JUICIO JUICIO
ElevaciÃ³n de PSA. Adenocarcinoma de prÃ³stata.

TÃ_x0089_CNICA:
Se realizan cortes axiales, sagitales y coronales utilizando secuencias TSE-T1, TSE-T2 sin y con saturaciÃ³n de la grasa; incluyendo estudio de alta resoluciÃ³n. Se complementa el estudio con cortes dinÃ¡micos (axiales-SPIR) tras la administraciÃ³n de gadolinio intravenoso y tardÃ­os T1 y T1-SPIR.

INFORME:
PrÃ³stata aumentada de tamaÃ±o de forma difusa con unos diÃ¡metros aproximados de 5.1 x 3.3 x 3.6 cm, con imagen pseudo-nodular afectando al tercio basal y medio y a parte del apical del lÃ³bulo de origen hipoprostÃ¡tico izquierdo que coincide con zona de restricciÃ³n a la difusiÃ³n y mayor captaciÃ³n de contraste en estudio dinÃ¡mico en relaciÃ³n con adenocarcinoma prostÃ¡tico. AdemÃ¡s, en el lado contralateral, en el tercio medio de la zona perifÃ©rica prostÃ¡tica derecha tambiÃ©n se aprecia una imagen pseudo-nodular hipointensa en T2 con restricciÃ³n a  la difusiÃ³n leve y captaciÃ³n de contraste mayor que el resto del parÃ©nquima, de aproximadamente 1.6 cm probablemente relacionado con otro foco de carcinoma.
Llama la atenciÃ³n la existencia de una lesiÃ³n nodular en la zona de transiciÃ³n prostÃ¡tica derecha, muy hipointensa en T2 y con restricciÃ³n a la difusiÃ³n, hipercaptante, no se puede descartar foco de carcinoma de la zona transicional.
La vesÃ­cula seminal izquierda se muestra algo mÃ¡s hipointensa que la derecha en la zona basal probablemente por infiltraciÃ³n.
La lesiÃ³n del lÃ³bulo prostÃ¡tico izquierdo parece causar borramiento de la cÃ¡psula a nivel del tercio medio inferior por lo que no se puede descartar invasiÃ³n extracapsular.
No se aprecian adenopatÃ­as sospechosas.
No hay lesiones Ã³seas de significaciÃ³n.

CONCLUSIÃ_x0093_N:
Neoplasia prostÃ¡tica con afectaciÃ³n de ambos lÃ³bulos perifÃ©ricos y probablemente central y con signos de probable infiltraciÃ³n de la vesÃ­cula seminal izquierda.

<LOC> ,  1 de FEBRERO de 2016

Fdo:  <NAME> , <NAME> <NAME>
MÃ©dico RadiÃ³logo. Colegiado NÂº: <NUM>


",XNAT03_S03378,XNAT03_E05714
sub-000289,ses-000291,/mnt/ceib/datalake/FISABIO_datalake/prueba/p0052021_reborn/sub-000289/ses-000291/mim-mr/anat/sub-000289_ses-000291_acq-fse_run-7_bp-prostate_vp-ax_T2w.nii.gz,/mnt/ceib/datalake/FISABIO_datalake/prueba/p0052021_reborn/sub-000289/ses-000291/mim-mr/dwi/sub-000289_ses-000291_acq-bvalue_run-9_bp-prostate_vp-ax_dwi.nii.gz,/mnt/ceib/datalake/FISABIO_datalake/prueba/p0052021_reborn/derivatives/creating_adc/sub-000289/ses-000291/mim-mr/dwi/sub-000289_ses-000291_acq-bvalue_run-9_bp-prostate_vp-ax_mod-dwi_desc-calcADC_ADC.nii.gz,21.0,67.0,,,,,,,1.0,1941-01-08,2008-08-25,train,True,,val,ses-000291,sub-000289,p0052021,,https://ceib.cipf.es/xnat2/data/projects/p0052021/experiments/XNAT3_E92071?format=html,21,67,,,,,,,1,True,"PACIENTE: <NAME> <NAME>, <NAME>
PRESCRIPCION:  Dr.

<LOC> <LOC> , 4 de ABRIL de 2012



RESONANCIA MAGNETICA DE PRÓSTATA:

TÉCNICA:
Se realizan cortes axiales, sagitales y coronales utilizando secuencias TSE-T1, TSE-T2 sin y con saturación de la grasa; incluyendo estudio de alta resolución. Se complementa el estudio con cortes dinámicos (axiales-SPIR) tras la administración de gadolinio intravenoso y tardíos T1 y T1-SPIR.

JUICIO JUICIO
Adenocarcinoma de próstata. Estadiaje.

INFORME:
Existe hiperintensidad ocupando gran parte del lóbulo prostático derecho y en menor medida en el izquierdo, compatible con hemorragia por postbiopsia, identificando una infiltración extensa de la práctica totalidad del lóbulo periférico izquierdo, con aparente infiltración de la cápsula y de la grasa periprostática en la porción posterosuperior del mismo, inmediatamente por debajo de la vesícula seminal, sin clara infiltración de ésta, todo ello en probable relación con infiltración tumoral resultando un estadío T3, siendomás dudosa la ocupación de la porción más superior y posterior de ambos lóbulos periféricos a nivel de las vesículas seminales, con aparente hipointensidad en la porción más anterior de la vesícula  derecha aunque no existe un realce significativo tras la administración de contraste, por lo que es dudoso que pueda existir una afectación neoplásica a este nivel.
La zona de transición está hipertrófica, heterogénea con áreas quísticas, no mostrando alteraciones significativas a nivel vesical, no identificandose tampoco adenopatías ni alteraciones óseas sugestivas de metástasis.


CONCLUSIÓN:
Imágenes sugestivas de infiltración tumoral evidentes a nivel de la porción periférica del lóbulo prostático izquierdo, con probable infiltración de la grasa circundante a nivel posterior (estadío T3). Como hallazgo incidental se visualiza un defecto de replección de aproximadamente 7 mm prácticamente en el meato del uréter izquierdo, que podría coresponder a una pequeña litiasis.


",XNAT3_S37027,XNAT3_E92071
sub-000289,ses-000291,/mnt/ceib/datalake/FISABIO_datalake/prueba/p0052021_reborn/sub-000289/ses-000291/mim-mr/anat/sub-000289_ses-000291_acq-fse_run-6_bp-prostate_vp-ax_T2w.nii.gz,/mnt/ceib/datalake/FISABIO_datalake/prueba/p0052021_reborn/sub-000289/ses-000291/mim-mr/dwi/sub-000289_ses-000291_acq-bvalue_run-9_bp-prostate_vp-ax_dwi.nii.gz,/mnt/ceib/datalake/FISABIO_datalake/prueba/p0052021_reborn/derivatives/creating_adc/sub-000289/ses-000291/mim-mr/dwi/sub-000289_ses-000291_acq-bvalue_run-9_bp-prostate_vp-ax_mod-dwi_desc-calcADC_ADC.nii.gz,21.0,67.0,,,,,,,1.0,1941-01-08,2008-08-25,train,True,,val,ses-000291,sub-000289,p0052021,,https://ceib.cipf.es/xnat2/data/projects/p0052021/experiments/XNAT3_E92071?format=html,21,67,,,,,,,1,True,"PACIENTE: <NAME> <NAME>, <NAME>
PRESCRIPCION:  Dr.

<LOC> <LOC> , 4 de ABRIL de 2012



RESONANCIA MAGNETICA DE PRÓSTATA:

TÉCNICA:
Se realizan cortes axiales, sagitales y coronales utilizando secuencias TSE-T1, TSE-T2 sin y con saturación de la grasa; incluyendo estudio de alta resolución. Se complementa el estudio con cortes dinámicos (axiales-SPIR) tras la administración de gadolinio intravenoso y tardíos T1 y T1-SPIR.

JUICIO JUICIO
Adenocarcinoma de próstata. Estadiaje.

INFORME:
Existe hiperintensidad ocupando gran parte del lóbulo prostático derecho y en menor medida en el izquierdo, compatible con hemorragia por postbiopsia, identificando una infiltración extensa de la práctica totalidad del lóbulo periférico izquierdo, con aparente infiltración de la cápsula y de la grasa periprostática en la porción posterosuperior del mismo, inmediatamente por debajo de la vesícula seminal, sin clara infiltración de ésta, todo ello en probable relación con infiltración tumoral resultando un estadío T3, siendomás dudosa la ocupación de la porción más superior y posterior de ambos lóbulos periféricos a nivel de las vesículas seminales, con aparente hipointensidad en la porción más anterior de la vesícula  derecha aunque no existe un realce significativo tras la administración de contraste, por lo que es dudoso que pueda existir una afectación neoplásica a este nivel.
La zona de transición está hipertrófica, heterogénea con áreas quísticas, no mostrando alteraciones significativas a nivel vesical, no identificandose tampoco adenopatías ni alteraciones óseas sugestivas de metástasis.


CONCLUSIÓN:
Imágenes sugestivas de infiltración tumoral evidentes a nivel de la porción periférica del lóbulo prostático izquierdo, con probable infiltración de la grasa circundante a nivel posterior (estadío T3). Como hallazgo incidental se visualiza un defecto de replección de aproximadamente 7 mm prácticamente en el meato del uréter izquierdo, que podría coresponder a una pequeña litiasis.


",XNAT3_S37027,XNAT3_E92071
sub-000291,ses-000294,/mnt/ceib/datalake/FISABIO_datalake/prueba/p0052021_reborn/sub-000291/ses-000294/mim-mr/anat/sub-000291_ses-000294_acq-fse_run-9_bp-prostate_vp-ax_T2w.nii.gz,/mnt/ceib/datalake/FISABIO_datalake/prueba/p0052021_reborn/sub-000291/ses-000294/mim-mr/dwi/sub-000291_ses-000294_acq-bvalue_run-8_bp-prostate_vp-ax_dwi.nii.gz,/mnt/ceib/datalake/FISABIO_datalake/prueba/p0052021_reborn/derivatives/creating_adc/sub-000291/ses-000294/mim-mr/dwi/sub-000291_ses-000294_acq-bvalue_run-8_bp-prostate_vp-ax_mod-dwi_desc-calcADC_ADC.nii.gz,21.0,65.0,,,,,,,0.0,1938-07-06,2004-01-06,train,True,,val,ses-000294,sub-000291,p0052021,,https://ceib.cipf.es/xnat2/data/projects/p0052021/experiments/XNAT3_E92074?format=html,21,65,,,,,,,1,True,"
PACIENTE: <NAME> <NAME>, <NAME>
PRESCRIPCION:  Dr.

<NAME> <LOC> , <FECHA> <FECHA> <FECHA> <FECHA> <FECHA>




RESONANCIA MAGNETICA DE PRÓSTATA:

JUICIO JUICIO
Adenocarcinoma de próstata. Valorar organiconfinamiento.

TÉCNICA:
Se realizan cortes axiales, sagitales y coronales utilizando secuencias TSE-T1, TSE-T2 sin y con saturación de la grasa; incluyendo estudio de alta resolución. Se complementa el estudio con cortes dinámicos (axiales-SPIR) tras la administración de gadolinio intravenoso y tardíos T1 y T1-SPIR.

INFORME:
Se aprecia una disminución de la intensidad de señal de ambos lóbulos periféricos, más acusada a nivel posterolateral izquierdo donde se visualiza incluso un abombamiento de la cápsula, con una aparente perdida de definición de la misma y realce tras la administración de contraste, no identificando alteraciones significativas en vésicula seminales, vejiga y el resto de órganos pélvicos visualizados.
Tampoco se identifican adenopatias evidentes en los distintos territorios ganglionares incluidos en el estudio.

CONCLUSIÓN:
Afextación de ambos lóbulos periféricos prostáticos, con abombamiento posterolateral izquierdo de la cápsula con posible afectación  de la grasa periprostática, por lo que probablemente corresponda a un estadio T3, sin adenopatias ni metástasis óseas evidentes en el presente estudio.


",XNAT3_S37029,XNAT3_E92074
sub-000291,ses-000294,/mnt/ceib/datalake/FISABIO_datalake/prueba/p0052021_reborn/sub-000291/ses-000294/mim-mr/anat/sub-000291_ses-000294_acq-fse_run-12_bp-prostate_vp-ax_T2w.nii.gz,/mnt/ceib/datalake/FISABIO_datalake/prueba/p0052021_reborn/sub-000291/ses-000294/mim-mr/dwi/sub-000291_ses-000294_acq-bvalue_run-8_bp-prostate_vp-ax_dwi.nii.gz,/mnt/ceib/datalake/FISABIO_datalake/prueba/p0052021_reborn/derivatives/creating_adc/sub-000291/ses-000294/mim-mr/dwi/sub-000291_ses-000294_acq-bvalue_run-8_bp-prostate_vp-ax_mod-dwi_desc-calcADC_ADC.nii.gz,21.0,65.0,,,,,,,0.0,1938-07-06,2004-01-06,train,True,,val,ses-000294,sub-000291,p0052021,,https://ceib.cipf.es/xnat2/data/projects/p0052021/experiments/XNAT3_E92074?format=html,21,65,,,,,,,1,True,"
PACIENTE: <NAME> <NAME>, <NAME>
PRESCRIPCION:  Dr.

<NAME> <LOC> , <FECHA> <FECHA> <FECHA> <FECHA> <FECHA>




RESONANCIA MAGNETICA DE PRÓSTATA:

JUICIO JUICIO
Adenocarcinoma de próstata. Valorar organiconfinamiento.

TÉCNICA:
Se realizan cortes axiales, sagitales y coronales utilizando secuencias TSE-T1, TSE-T2 sin y con saturación de la grasa; incluyendo estudio de alta resolución. Se complementa el estudio con cortes dinámicos (axiales-SPIR) tras la administración de gadolinio intravenoso y tardíos T1 y T1-SPIR.

INFORME:
Se aprecia una disminución de la intensidad de señal de ambos lóbulos periféricos, más acusada a nivel posterolateral izquierdo donde se visualiza incluso un abombamiento de la cápsula, con una aparente perdida de definición de la misma y realce tras la administración de contraste, no identificando alteraciones significativas en vésicula seminales, vejiga y el resto de órganos pélvicos visualizados.
Tampoco se identifican adenopatias evidentes en los distintos territorios ganglionares incluidos en el estudio.

CONCLUSIÓN:
Afextación de ambos lóbulos periféricos prostáticos, con abombamiento posterolateral izquierdo de la cápsula con posible afectación  de la grasa periprostática, por lo que probablemente corresponda a un estadio T3, sin adenopatias ni metástasis óseas evidentes en el presente estudio.


",XNAT3_S37029,XNAT3_E92074
sub-000291,ses-000294,/mnt/ceib/datalake/FISABIO_datalake/prueba/p0052021_reborn/sub-000291/ses-000294/mim-mr/anat/sub-000291_ses-000294_acq-fse_run-7_bp-prostate_vp-ax_T2w.nii.gz,/mnt/ceib/datalake/FISABIO_datalake/prueba/p0052021_reborn/sub-000291/ses-000294/mim-mr/dwi/sub-000291_ses-000294_acq-bvalue_run-8_bp-prostate_vp-ax_dwi.nii.gz,/mnt/ceib/datalake/FISABIO_datalake/prueba/p0052021_reborn/derivatives/creating_adc/sub-000291/ses-000294/mim-mr/dwi/sub-000291_ses-000294_acq-bvalue_run-8_bp-prostate_vp-ax_mod-dwi_desc-calcADC_ADC.nii.gz,21.0,65.0,,,,,,,0.0,1938-07-06,2004-01-06,train,True,,val,ses-000294,sub-000291,p0052021,,https://ceib.cipf.es/xnat2/data/projects/p0052021/experiments/XNAT3_E92074?format=html,21,65,,,,,,,1,True,"
PACIENTE: <NAME> <NAME>, <NAME>
PRESCRIPCION:  Dr.

<NAME> <LOC> , <FECHA> <FECHA> <FECHA> <FECHA> <FECHA>




RESONANCIA MAGNETICA DE PRÓSTATA:

JUICIO JUICIO
Adenocarcinoma de próstata. Valorar organiconfinamiento.

TÉCNICA:
Se realizan cortes axiales, sagitales y coronales utilizando secuencias TSE-T1, TSE-T2 sin y con saturación de la grasa; incluyendo estudio de alta resolución. Se complementa el estudio con cortes dinámicos (axiales-SPIR) tras la administración de gadolinio intravenoso y tardíos T1 y T1-SPIR.

INFORME:
Se aprecia una disminución de la intensidad de señal de ambos lóbulos periféricos, más acusada a nivel posterolateral izquierdo donde se visualiza incluso un abombamiento de la cápsula, con una aparente perdida de definición de la misma y realce tras la administración de contraste, no identificando alteraciones significativas en vésicula seminales, vejiga y el resto de órganos pélvicos visualizados.
Tampoco se identifican adenopatias evidentes en los distintos territorios ganglionares incluidos en el estudio.

CONCLUSIÓN:
Afextación de ambos lóbulos periféricos prostáticos, con abombamiento posterolateral izquierdo de la cápsula con posible afectación  de la grasa periprostática, por lo que probablemente corresponda a un estadio T3, sin adenopatias ni metástasis óseas evidentes en el presente estudio.


",XNAT3_S37029,XNAT3_E92074
sub-008346,ses-009291,/mnt/ceib/datalake/FISABIO_datalake/prueba/p0052021_reborn/sub-008346/ses-009291/mim-mr/anat/sub-008346_ses-009291_acq-fse_run-9_bp-prostate_vp-ax_T2w.nii.gz,/mnt/ceib/datalake/FISABIO_datalake/prueba/p0052021_reborn/sub-008346/ses-009291/mim-mr/dwi/sub-008346_ses-009291_acq-bvalue_run-11_bp-prostate_vp-ax_dwi.nii.gz,/mnt/ceib/datalake/FISABIO_datalake/prueba/p0052021_reborn/sub-008346/ses-009291/mim-mr/dwi/sub-008346_ses-009291_acq-adc_run-1050_bp-prostate_vp-ax_dwi.nii.gz,4.0,76.0,,,,,30.762056,,1.0,1942-09-17,2019-02-01,train,False,,val,ses-009291,sub-008346,p0052021,,https://ceib.cipf.es/xnat2/data/projects/p0052021/experiments/XNAT03_E06942?format=html,4,76,,,,,30.762056,,1,True,"Motivo Motivo Motivo extensión de extensión CaP de alto riesgo.

Se realiza RM de pelvis con estudio multiparamétrico de próstata pre y post administración de CIV. El estudio muestra artefactos por movimientos irregulares del paciente.

Próstata de 37,3 x 48,8 x 32,5 mm en sus diámetros craneocaudal, transverso y anteroposterior respectivamente.
Signos de restos hemáticos que afectan a ambos lóbulos de próstata.
Alteración difusa de intensidad de señal de próstata que hace indistinguible la zona central, transicional ni periférica, apreciando un área de 40 x 18 mm su diámetros transverso y anteroposterior respectivamente que afecta a ambos lóbulos, hipointensa en secuencia T2 con múltiples focos de restricción en secuencia difusión y captación precoz postcontraste siendo de aspecto sospechoso.
Vesícula retardo en la cápsula prostática indicando infiltración de la misma..
Imagen de posible pólipo de 15 mm en pared posterior de recto medio, situándose a una distancia de 77 mm de margen anal. Recomendamos estudio especifico.

No se visualizan otros hallazgos destacables.

Conclusión: Área nodular de 40 x 18 mm con afectación de ambos lóbulos y signos de infiltración de cápsula. Pi-RADS V
",XNAT03_S04397,XNAT03_E06942
sub-008346,ses-009291,/mnt/ceib/datalake/FISABIO_datalake/prueba/p0052021_reborn/sub-008346/ses-009291/mim-mr/anat/sub-008346_ses-009291_acq-fse_run-3_bp-prostate_vp-ax_T2w.nii.gz,/mnt/ceib/datalake/FISABIO_datalake/prueba/p0052021_reborn/sub-008346/ses-009291/mim-mr/dwi/sub-008346_ses-009291_acq-bvalue_run-11_bp-prostate_vp-ax_dwi.nii.gz,/mnt/ceib/datalake/FISABIO_datalake/prueba/p0052021_reborn/sub-008346/ses-009291/mim-mr/dwi/sub-008346_ses-009291_acq-adc_run-1050_bp-prostate_vp-ax_dwi.nii.gz,4.0,76.0,,,,,30.762056,,1.0,1942-09-17,2019-02-01,train,False,,val,ses-009291,sub-008346,p0052021,,https://ceib.cipf.es/xnat2/data/projects/p0052021/experiments/XNAT03_E06942?format=html,4,76,,,,,30.762056,,1,True,"Motivo Motivo Motivo extensión de extensión CaP de alto riesgo.

Se realiza RM de pelvis con estudio multiparamétrico de próstata pre y post administración de CIV. El estudio muestra artefactos por movimientos irregulares del paciente.

Próstata de 37,3 x 48,8 x 32,5 mm en sus diámetros craneocaudal, transverso y anteroposterior respectivamente.
Signos de restos hemáticos que afectan a ambos lóbulos de próstata.
Alteración difusa de intensidad de señal de próstata que hace indistinguible la zona central, transicional ni periférica, apreciando un área de 40 x 18 mm su diámetros transverso y anteroposterior respectivamente que afecta a ambos lóbulos, hipointensa en secuencia T2 con múltiples focos de restricción en secuencia difusión y captación precoz postcontraste siendo de aspecto sospechoso.
Vesícula retardo en la cápsula prostática indicando infiltración de la misma..
Imagen de posible pólipo de 15 mm en pared posterior de recto medio, situándose a una distancia de 77 mm de margen anal. Recomendamos estudio especifico.

No se visualizan otros hallazgos destacables.

Conclusión: Área nodular de 40 x 18 mm con afectación de ambos lóbulos y signos de infiltración de cápsula. Pi-RADS V
",XNAT03_S04397,XNAT03_E06942
sub-008346,ses-009291,/mnt/ceib/datalake/FISABIO_datalake/prueba/p0052021_reborn/sub-008346/ses-009291/mim-mr/anat/sub-008346_ses-009291_acq-fse_run-6_bp-prostate_vp-ax_T2w.nii.gz,/mnt/ceib/datalake/FISABIO_datalake/prueba/p0052021_reborn/sub-008346/ses-009291/mim-mr/dwi/sub-008346_ses-009291_acq-bvalue_run-11_bp-prostate_vp-ax_dwi.nii.gz,/mnt/ceib/datalake/FISABIO_datalake/prueba/p0052021_reborn/sub-008346/ses-009291/mim-mr/dwi/sub-008346_ses-009291_acq-adc_run-1050_bp-prostate_vp-ax_dwi.nii.gz,4.0,76.0,,,,,30.762056,,1.0,1942-09-17,2019-02-01,train,False,,val,ses-009291,sub-008346,p0052021,,https://ceib.cipf.es/xnat2/data/projects/p0052021/experiments/XNAT03_E06942?format=html,4,76,,,,,30.762056,,1,True,"Motivo Motivo Motivo extensión de extensión CaP de alto riesgo.

Se realiza RM de pelvis con estudio multiparamétrico de próstata pre y post administración de CIV. El estudio muestra artefactos por movimientos irregulares del paciente.

Próstata de 37,3 x 48,8 x 32,5 mm en sus diámetros craneocaudal, transverso y anteroposterior respectivamente.
Signos de restos hemáticos que afectan a ambos lóbulos de próstata.
Alteración difusa de intensidad de señal de próstata que hace indistinguible la zona central, transicional ni periférica, apreciando un área de 40 x 18 mm su diámetros transverso y anteroposterior respectivamente que afecta a ambos lóbulos, hipointensa en secuencia T2 con múltiples focos de restricción en secuencia difusión y captación precoz postcontraste siendo de aspecto sospechoso.
Vesícula retardo en la cápsula prostática indicando infiltración de la misma..
Imagen de posible pólipo de 15 mm en pared posterior de recto medio, situándose a una distancia de 77 mm de margen anal. Recomendamos estudio especifico.

No se visualizan otros hallazgos destacables.

Conclusión: Área nodular de 40 x 18 mm con afectación de ambos lóbulos y signos de infiltración de cápsula. Pi-RADS V
",XNAT03_S04397,XNAT03_E06942
sub-007914,ses-008771,/mnt/ceib/datalake/FISABIO_datalake/prueba/p0052021_reborn/sub-007914/ses-008771/mim-mr/anat/sub-007914_ses-008771_acq-fse_run-1201_bp-prostate_vp-ax_T2w.nii.gz,/mnt/ceib/datalake/FISABIO_datalake/prueba/p0052021_reborn/sub-007914/ses-008771/mim-mr/dwi/sub-007914_ses-008771_acq-bvalue_run-1305_bp-prostate_vp-ax_dwi.nii.gz,/mnt/ceib/datalake/FISABIO_datalake/prueba/p0052021_reborn/sub-007914/ses-008771/mim-mr/dwi/sub-007914_ses-008771_acq-adc_run-703_bp-prostate_vp-ax_dwi.nii.gz,20.0,69.0,,,,11.0,,4.0,1.0,1941-10-12,2010-12-15,train,False,,val,ses-008771,sub-007914,p0052021,,https://ceib.cipf.es/xnat2/data/projects/p0052021/experiments/XNAT03_E05975?format=html,20,69,,,,11.00000000000000,,"[2, 4]",1,True,"Datos Datos CA de próstata. Valoración PIRADS.

Se realiza resonancia magnética pélvica centrada sobre próstata empleando secuencias axial T1, axial coronal y sagital T2, difusión. T2 supresión grasa y dinámico tras administración de contraste intravenoso.

Próstata con un volumen global de 23 cm³ y heterogénea principalmente en su zona transicional, aunque también en menor medida en ambos lóbulos periféricos con áreas hiperintensas en T1 principalmente en toda la extensión del lóbulo periférico derecho y en menor medida del izquierdo, probablemente secundario a restos hemáticos de biopsia, aunque dichos hallazgos no resultan sospechosos de malignidad atribuyéndoles un PIRADS 2, existiendo sin embargo una hipointensidad de contornos mal definidos y de aproximadamente 13 mm en la porción anterior del lóbulo transicional derecho afectando principalmente a su vertiente inferior e intermedia, con un PIRADS 4.
No existen signos sugestivos de enfermedad extraprostática.
No se objetivan adenopatías, ni lesiones óseas sospechosas.
Cambios postquirúrgicos de herniorrafia inguinal izquierda.

Conclusión: alteración sospechosa de malignidad (PIRDS-4) en la porción inferior e intermedia de la vertiente anterior del lóbulo transicional derecho.
",XNAT03_S03581,XNAT03_E05975
sub-007914,ses-008771,/mnt/ceib/datalake/FISABIO_datalake/prueba/p0052021_reborn/sub-007914/ses-008771/mim-mr/anat/sub-007914_ses-008771_acq-fse_run-901_bp-prostate_vp-ax_T2w.nii.gz,/mnt/ceib/datalake/FISABIO_datalake/prueba/p0052021_reborn/sub-007914/ses-008771/mim-mr/dwi/sub-007914_ses-008771_acq-bvalue_run-1305_bp-prostate_vp-ax_dwi.nii.gz,/mnt/ceib/datalake/FISABIO_datalake/prueba/p0052021_reborn/sub-007914/ses-008771/mim-mr/dwi/sub-007914_ses-008771_acq-adc_run-703_bp-prostate_vp-ax_dwi.nii.gz,20.0,69.0,,,,11.0,,4.0,1.0,1941-10-12,2010-12-15,train,False,,val,ses-008771,sub-007914,p0052021,,https://ceib.cipf.es/xnat2/data/projects/p0052021/experiments/XNAT03_E05975?format=html,20,69,,,,11.00000000000000,,"[2, 4]",1,True,"Datos Datos CA de próstata. Valoración PIRADS.

Se realiza resonancia magnética pélvica centrada sobre próstata empleando secuencias axial T1, axial coronal y sagital T2, difusión. T2 supresión grasa y dinámico tras administración de contraste intravenoso.

Próstata con un volumen global de 23 cm³ y heterogénea principalmente en su zona transicional, aunque también en menor medida en ambos lóbulos periféricos con áreas hiperintensas en T1 principalmente en toda la extensión del lóbulo periférico derecho y en menor medida del izquierdo, probablemente secundario a restos hemáticos de biopsia, aunque dichos hallazgos no resultan sospechosos de malignidad atribuyéndoles un PIRADS 2, existiendo sin embargo una hipointensidad de contornos mal definidos y de aproximadamente 13 mm en la porción anterior del lóbulo transicional derecho afectando principalmente a su vertiente inferior e intermedia, con un PIRADS 4.
No existen signos sugestivos de enfermedad extraprostática.
No se objetivan adenopatías, ni lesiones óseas sospechosas.
Cambios postquirúrgicos de herniorrafia inguinal izquierda.

Conclusión: alteración sospechosa de malignidad (PIRDS-4) en la porción inferior e intermedia de la vertiente anterior del lóbulo transicional derecho.
",XNAT03_S03581,XNAT03_E05975
sub-007914,ses-008771,/mnt/ceib/datalake/FISABIO_datalake/prueba/p0052021_reborn/sub-007914/ses-008771/mim-mr/anat/sub-007914_ses-008771_acq-fse_run-1101_bp-prostate_vp-ax_T2w.nii.gz,/mnt/ceib/datalake/FISABIO_datalake/prueba/p0052021_reborn/sub-007914/ses-008771/mim-mr/dwi/sub-007914_ses-008771_acq-bvalue_run-1305_bp-prostate_vp-ax_dwi.nii.gz,/mnt/ceib/datalake/FISABIO_datalake/prueba/p0052021_reborn/sub-007914/ses-008771/mim-mr/dwi/sub-007914_ses-008771_acq-adc_run-703_bp-prostate_vp-ax_dwi.nii.gz,20.0,69.0,,,,11.0,,4.0,1.0,1941-10-12,2010-12-15,train,False,,val,ses-008771,sub-007914,p0052021,,https://ceib.cipf.es/xnat2/data/projects/p0052021/experiments/XNAT03_E05975?format=html,20,69,,,,11.00000000000000,,"[2, 4]",1,True,"Datos Datos CA de próstata. Valoración PIRADS.

Se realiza resonancia magnética pélvica centrada sobre próstata empleando secuencias axial T1, axial coronal y sagital T2, difusión. T2 supresión grasa y dinámico tras administración de contraste intravenoso.

Próstata con un volumen global de 23 cm³ y heterogénea principalmente en su zona transicional, aunque también en menor medida en ambos lóbulos periféricos con áreas hiperintensas en T1 principalmente en toda la extensión del lóbulo periférico derecho y en menor medida del izquierdo, probablemente secundario a restos hemáticos de biopsia, aunque dichos hallazgos no resultan sospechosos de malignidad atribuyéndoles un PIRADS 2, existiendo sin embargo una hipointensidad de contornos mal definidos y de aproximadamente 13 mm en la porción anterior del lóbulo transicional derecho afectando principalmente a su vertiente inferior e intermedia, con un PIRADS 4.
No existen signos sugestivos de enfermedad extraprostática.
No se objetivan adenopatías, ni lesiones óseas sospechosas.
Cambios postquirúrgicos de herniorrafia inguinal izquierda.

Conclusión: alteración sospechosa de malignidad (PIRDS-4) en la porción inferior e intermedia de la vertiente anterior del lóbulo transicional derecho.
",XNAT03_S03581,XNAT03_E05975
sub-007153,ses-007838,/mnt/ceib/datalake/FISABIO_datalake/prueba/p0052021_reborn/sub-007153/ses-007838/mim-mr/anat/sub-007153_ses-007838_acq-fse_run-6_bp-prostate_vp-ax_T2w.nii.gz,/mnt/ceib/datalake/FISABIO_datalake/prueba/p0052021_reborn/sub-007153/ses-007838/mim-mr/dwi/sub-007153_ses-007838_acq-bvalue_run-10_bp-prostate_vp-ax_dwi.nii.gz,/mnt/ceib/datalake/FISABIO_datalake/prueba/p0052021_reborn/sub-007153/ses-007838/mim-mr/dwi/sub-007153_ses-007838_acq-adc_run-700_bp-prostate_vp-ax_dwi.nii.gz,21.0,77.0,,,,24.3,52.1664,5.0,1.0,1939-06-02,2017-02-17,train,False,,val,ses-007838,sub-007153,p0052021,,https://ceib.cipf.es/xnat2/data/projects/p0052021/experiments/XNAT03_E05640?format=html,21,77,,,,24.30000000000000,52.1664,[5],1,True,"PACIENTE: <NAME> <NAME>, <NAME>
PRESCRIPCION:  Dr.  <NAME> <NAME> <NAME>, 								FRANCISCO

<LOC> <LOC> , <FECHA> <FECHA> <FECHA> <FECHA> <FECHA>


RESONANCIA MAGNETICA DE PRÓSTATA:

JUICIO JUICIO
Porstatitis. Enfermedad de Parkinsong. PSA elevado con anatomía patológica de adenocarcinoma de próstata Glison 4+3 en el lóbulo derecho y 3+4 en el izquierdo

TÉCNICA:
Se realizan cortes axiales, sagitales y coronales utilizando secuencias TSE-T1, TSE-T2 sin y con saturación de la grasa; incluyendo estudio de alta resolución. Se complementa el estudio con cortes dinámicos (axiales-SPIR) tras la administración de gadolinio intravenoso y tardíos T1 y T1-SPIR.

INFORME:
Estudio de valor diagnóstico limitado debido a artefactos de movimientos respiratorios del paricente así como obesidad que disminuye la calidad diagnóstica de las imágenes.
Glándula prostática aumentada de tamaño, mide aproximadamente 6 x 3,8 x 4,4 cm (diámetros T xAP xCC). Es de intensidad de señal hetereogénea con hipointensidad difusa de la zona periférica así como de la zona transicional. Se visualiza imagen nodular de aproximadamente 2 cm hipointensas secuencias T2, que se corresponde con área de restricción de la difusión con valor de B 1500 localizada entorno a la zona transicional posterior y periférica posteromedial-posterolateral del lóbulo prostático derecho a nivel de la media glándula. No se aprecian signos de extensión extracapsular, vesículas seminales, uretra prostática o cuello vesical. Entono a la glándula media-APEX y a nivel de la zona periférica posterolateral del lóbulo prostático izquierdo se aprecia hipointensidad más definida aproximadamente 1,6 cm sin clara manifestación en secuencias de difusión.
Presentan curvas de cinética de captación tipo II.
Hallazgos en relación con lesión PI-RADS 5 en el lóbulo prostático derecho y BI-RADS 3-4 en lóbulo prostático izquierdo. A correlacionar con exploración física y anatomía patológica.
No se visualizan adenopatías locorregionales en cadenas ilíacas o inguinales de tamaño o aspecto patológico.
Vejiga de pared trabecular, en probable relación con vejiga de lucha. Se visualiza imagen de morfología ovalada hipointensa en todas las secuencias de pulso localizada hacia la porción dedive de la misma. Se recomienda correlacionar con técnicas complementarias (RX, ecografía o cistoscópia), para descartar litiasis intravesical y / o otras etiologías.
Recto sin hallazgos significativos.
No se visualiza líquido libre en pelvis.
No se observan otras alteraciones significativas valorables mediante esta técnica.








CONCLUSIÓN:
Lesión PI-RADS 5 y PI-RADS 3-4  localizada en el lóbulo prostático derecho e izquierdo, según las características descritas previamente. No se aprecian signos de extensión estructural de simas.
Imagen hipointensa intravesical, a correlacionar con técnicas complementarias.
Sin otros hallazgos significativos.




SAN <LOC> ,  <FECHA> <FECHA> <FECHA> <FECHA> <FECHA>

Fdo:  <NAME> <NAME>, <NAME> <NAME>
Médico Radiólogo. Colegiado Nº: <NUM>


",XNAT03_S03315,XNAT03_E05640
sub-007153,ses-007838,/mnt/ceib/datalake/FISABIO_datalake/prueba/p0052021_reborn/sub-007153/ses-007838/mim-mr/anat/sub-007153_ses-007838_acq-fse_run-8_bp-prostate_vp-ax_T2w.nii.gz,/mnt/ceib/datalake/FISABIO_datalake/prueba/p0052021_reborn/sub-007153/ses-007838/mim-mr/dwi/sub-007153_ses-007838_acq-bvalue_run-10_bp-prostate_vp-ax_dwi.nii.gz,/mnt/ceib/datalake/FISABIO_datalake/prueba/p0052021_reborn/sub-007153/ses-007838/mim-mr/dwi/sub-007153_ses-007838_acq-adc_run-700_bp-prostate_vp-ax_dwi.nii.gz,21.0,77.0,,,,24.3,52.1664,5.0,1.0,1939-06-02,2017-02-17,train,False,,val,ses-007838,sub-007153,p0052021,,https://ceib.cipf.es/xnat2/data/projects/p0052021/experiments/XNAT03_E05640?format=html,21,77,,,,24.30000000000000,52.1664,[5],1,True,"PACIENTE: <NAME> <NAME>, <NAME>
PRESCRIPCION:  Dr.  <NAME> <NAME> <NAME>, 								FRANCISCO

<LOC> <LOC> , <FECHA> <FECHA> <FECHA> <FECHA> <FECHA>


RESONANCIA MAGNETICA DE PRÓSTATA:

JUICIO JUICIO
Porstatitis. Enfermedad de Parkinsong. PSA elevado con anatomía patológica de adenocarcinoma de próstata Glison 4+3 en el lóbulo derecho y 3+4 en el izquierdo

TÉCNICA:
Se realizan cortes axiales, sagitales y coronales utilizando secuencias TSE-T1, TSE-T2 sin y con saturación de la grasa; incluyendo estudio de alta resolución. Se complementa el estudio con cortes dinámicos (axiales-SPIR) tras la administración de gadolinio intravenoso y tardíos T1 y T1-SPIR.

INFORME:
Estudio de valor diagnóstico limitado debido a artefactos de movimientos respiratorios del paricente así como obesidad que disminuye la calidad diagnóstica de las imágenes.
Glándula prostática aumentada de tamaño, mide aproximadamente 6 x 3,8 x 4,4 cm (diámetros T xAP xCC). Es de intensidad de señal hetereogénea con hipointensidad difusa de la zona periférica así como de la zona transicional. Se visualiza imagen nodular de aproximadamente 2 cm hipointensas secuencias T2, que se corresponde con área de restricción de la difusión con valor de B 1500 localizada entorno a la zona transicional posterior y periférica posteromedial-posterolateral del lóbulo prostático derecho a nivel de la media glándula. No se aprecian signos de extensión extracapsular, vesículas seminales, uretra prostática o cuello vesical. Entono a la glándula media-APEX y a nivel de la zona periférica posterolateral del lóbulo prostático izquierdo se aprecia hipointensidad más definida aproximadamente 1,6 cm sin clara manifestación en secuencias de difusión.
Presentan curvas de cinética de captación tipo II.
Hallazgos en relación con lesión PI-RADS 5 en el lóbulo prostático derecho y BI-RADS 3-4 en lóbulo prostático izquierdo. A correlacionar con exploración física y anatomía patológica.
No se visualizan adenopatías locorregionales en cadenas ilíacas o inguinales de tamaño o aspecto patológico.
Vejiga de pared trabecular, en probable relación con vejiga de lucha. Se visualiza imagen de morfología ovalada hipointensa en todas las secuencias de pulso localizada hacia la porción dedive de la misma. Se recomienda correlacionar con técnicas complementarias (RX, ecografía o cistoscópia), para descartar litiasis intravesical y / o otras etiologías.
Recto sin hallazgos significativos.
No se visualiza líquido libre en pelvis.
No se observan otras alteraciones significativas valorables mediante esta técnica.








CONCLUSIÓN:
Lesión PI-RADS 5 y PI-RADS 3-4  localizada en el lóbulo prostático derecho e izquierdo, según las características descritas previamente. No se aprecian signos de extensión estructural de simas.
Imagen hipointensa intravesical, a correlacionar con técnicas complementarias.
Sin otros hallazgos significativos.




SAN <LOC> ,  <FECHA> <FECHA> <FECHA> <FECHA> <FECHA>

Fdo:  <NAME> <NAME>, <NAME> <NAME>
Médico Radiólogo. Colegiado Nº: <NUM>


",XNAT03_S03315,XNAT03_E05640
sub-007900,ses-008757,/mnt/ceib/datalake/FISABIO_datalake/prueba/p0052021_reborn/sub-007900/ses-008757/mim-mr/anat/sub-007900_ses-008757_acq-fse_run-11_bp-prostate_vp-ax_T2w.nii.gz,/mnt/ceib/datalake/FISABIO_datalake/prueba/p0052021_reborn/sub-007900/ses-008757/mim-mr/dwi/sub-007900_ses-008757_acq-bvalue_run-12_bp-prostate_vp-ax_dwi.nii.gz,/mnt/ceib/datalake/FISABIO_datalake/prueba/p0052021_reborn/sub-007900/ses-008757/mim-mr/dwi/sub-007900_ses-008757_acq-adc_run-1201_bp-prostate_vp-ax_dwi.nii.gz,19.0,70.0,11.0,,,16.84,103.95839999999998,5.0,1.0,1941-07-04,2011-12-31,train,False,,val,ses-008757,sub-007900,p0052021,,https://ceib.cipf.es/xnat2/data/projects/p0052021/experiments/XNAT03_E05972?format=html,19,70,11.0,,,16.84000000000000,103.9584,"[4, 5]",1,True,"

PACIENTE: <NAME>  <NAME> , <NAME>
PRESCRIPCION:  Dra.  <NAME> <NAME>, <NAME>

<LOC> , <FECHA> <FECHA> <FECHA> <FECHA> <FECHA>




RESONANCIA MAGNETICA DE PRÓSTATA:

JUICIO JUICIO
ADC de próstata gleson 4 + 3 en lóbulo derecho, alto riesgo.

TÉCNICA:
Se realizan cortes axiales, sagitales y coronales utilizando secuencias TSE-T1, TSE-T2 sin y con saturación de la grasa; incluyendo estudio de alta resolución. Se complementa el estudio con cortes dinámicos (axiales-SPIR) tras la administración de gadolinio intravenoso y tardíos T1 y T1-SPIR.

INFORME:
Próstata aumentada de tamaño de forma difusa, a expensas de la zona transicional sobre todo en la región central y basal que protruye de forma significativa sobre el suelo vesical en relación con adenoma prostático.  Los diámetros aproximados son de 7 x 5.6 x 5.1 cm CC x T x AP.
Se aprecia un nódulo apical parasagital derecho de 1.5 x 1 x 0.7 cm de diámetros CC x T x AP sin claros signos de invasión extracapsular, marcadamente hipointenso en T2 y en T2 FAT-SAT y con restricción a la difusión en relación con nódulo sospechoso de malignidad en categoria Pirads 4-5.
También llama la atención la hipointensidad de señal mal definida a nivel de las zonas periféricas bibasales, no obstante sin morfología nodular, visualizadas solamente en T2 y de forma más moderada que el nódulo ya específicado sin clara restricción a la difusión, por lo que consideramos que es más probable que se trate de cambios degenerativos y no claramente afectación neoplásica. Se clasificarían como Pirads como mucho 3.

CONCLUSIÓN:
Gran adenoma prostático.
Nódulo Pirads 4-5 apical parasagital periférico derecho.
Alteración de señal bibasal periférica y de la base de las vesiculas seminales que podrían traducir cambios degenerativos se podría clasificar como Pirads como mucho 3. Valorar con controles evolutivos.

<LOC> ,  <FECHA> <FECHA> <FECHA> <FECHA> <FECHA>

Fdo:  <NAME> , <NAME> <NAME>
Médico Radiólogo. Colegiado Nº: <NUM>

",XNAT03_S03578,XNAT03_E05972
sub-007900,ses-008757,/mnt/ceib/datalake/FISABIO_datalake/prueba/p0052021_reborn/sub-007900/ses-008757/mim-mr/anat/sub-007900_ses-008757_acq-fse_run-10_bp-prostate_vp-ax_T2w.nii.gz,/mnt/ceib/datalake/FISABIO_datalake/prueba/p0052021_reborn/sub-007900/ses-008757/mim-mr/dwi/sub-007900_ses-008757_acq-bvalue_run-12_bp-prostate_vp-ax_dwi.nii.gz,/mnt/ceib/datalake/FISABIO_datalake/prueba/p0052021_reborn/sub-007900/ses-008757/mim-mr/dwi/sub-007900_ses-008757_acq-adc_run-1201_bp-prostate_vp-ax_dwi.nii.gz,19.0,70.0,11.0,,,16.84,103.95839999999998,5.0,1.0,1941-07-04,2011-12-31,train,False,,val,ses-008757,sub-007900,p0052021,,https://ceib.cipf.es/xnat2/data/projects/p0052021/experiments/XNAT03_E05972?format=html,19,70,11.0,,,16.84000000000000,103.9584,"[4, 5]",1,True,"

PACIENTE: <NAME>  <NAME> , <NAME>
PRESCRIPCION:  Dra.  <NAME> <NAME>, <NAME>

<LOC> , <FECHA> <FECHA> <FECHA> <FECHA> <FECHA>




RESONANCIA MAGNETICA DE PRÓSTATA:

JUICIO JUICIO
ADC de próstata gleson 4 + 3 en lóbulo derecho, alto riesgo.

TÉCNICA:
Se realizan cortes axiales, sagitales y coronales utilizando secuencias TSE-T1, TSE-T2 sin y con saturación de la grasa; incluyendo estudio de alta resolución. Se complementa el estudio con cortes dinámicos (axiales-SPIR) tras la administración de gadolinio intravenoso y tardíos T1 y T1-SPIR.

INFORME:
Próstata aumentada de tamaño de forma difusa, a expensas de la zona transicional sobre todo en la región central y basal que protruye de forma significativa sobre el suelo vesical en relación con adenoma prostático.  Los diámetros aproximados son de 7 x 5.6 x 5.1 cm CC x T x AP.
Se aprecia un nódulo apical parasagital derecho de 1.5 x 1 x 0.7 cm de diámetros CC x T x AP sin claros signos de invasión extracapsular, marcadamente hipointenso en T2 y en T2 FAT-SAT y con restricción a la difusión en relación con nódulo sospechoso de malignidad en categoria Pirads 4-5.
También llama la atención la hipointensidad de señal mal definida a nivel de las zonas periféricas bibasales, no obstante sin morfología nodular, visualizadas solamente en T2 y de forma más moderada que el nódulo ya específicado sin clara restricción a la difusión, por lo que consideramos que es más probable que se trate de cambios degenerativos y no claramente afectación neoplásica. Se clasificarían como Pirads como mucho 3.

CONCLUSIÓN:
Gran adenoma prostático.
Nódulo Pirads 4-5 apical parasagital periférico derecho.
Alteración de señal bibasal periférica y de la base de las vesiculas seminales que podrían traducir cambios degenerativos se podría clasificar como Pirads como mucho 3. Valorar con controles evolutivos.

<LOC> ,  <FECHA> <FECHA> <FECHA> <FECHA> <FECHA>

Fdo:  <NAME> , <NAME> <NAME>
Médico Radiólogo. Colegiado Nº: <NUM>

",XNAT03_S03578,XNAT03_E05972
sub-007148,ses-007833,/mnt/ceib/datalake/FISABIO_datalake/prueba/p0052021_reborn/sub-007148/ses-007833/mim-mr/anat/sub-007148_ses-007833_acq-fse_run-10_bp-prostate_vp-ax_T2w.nii.gz,/mnt/ceib/datalake/FISABIO_datalake/prueba/p0052021_reborn/sub-007148/ses-007833/mim-mr/dwi/sub-007148_ses-007833_acq-bvalue_run-11_bp-prostate_vp-ax_dwi.nii.gz,/mnt/ceib/datalake/FISABIO_datalake/prueba/p0052021_reborn/sub-007148/ses-007833/mim-mr/dwi/sub-007148_ses-007833_acq-adc_run-1300_bp-prostate_vp-ax_dwi.nii.gz,19.0,64.0,,,,5.62,,,1.0,1953-01-10,2017-03-30,train,False,,val,ses-007833,sub-007148,p0052021,,https://ceib.cipf.es/xnat2/data/projects/p0052021/experiments/XNAT03_E05454?format=html,19,64,,,,5.620000000000000,,,1,True,"

PACIENTE: <NAME> <NAME>, <NAME> <NAME>
PRESCRIPCION:  Dr.  <NAME> <NAME>, <NAME>

<LOC> , <FECHA> <FECHA> <FECHA> <FECHA> <FECHA>




RESONANCIA MAGNETICA DE PRÓSTATA:

JUICIO JUICIO
Elevación de PSA. Adenocarcinoma de próstata.

TÉCNICA:
Se realizan cortes axiales, sagitales y coronales utilizando secuencias TSE-T1, TSE-T2 sin y con saturación de la grasa; incluyendo estudio de alta resolución. Se complementa el estudio con cortes dinámicos (axiales-SPIR) tras la administración de gadolinio intravenoso y tardíos T1 y T1-SPIR. Se emplean técnicas de perfusión.

INFORME:
Imagen nodular en la zona periférica prostática derecha en el tercio medio de aproximadamente 1.2 x 1.3 x 1.3 cm AP x T x CC, con restricción a la difusión y con marcada captación en el estudio dinámico y en perfusión de predominio precoz con respecto al estudio de la glándula en relación con foco de neoplasia. Existe un borramiento de la cápsula prostática posterior con una mínima protrusión hacia la grasa periprostática menor de 2 mm en relación con infiltración extracapsular. Existe además un área de hipointensidad de señal en T2 de 1.9 cm de diámetro máximo localizada en la zona periférica prostática izquierda, no claramente nodular y peor definida que el lado contralateral que parece presentar una mínima hiperintensidad de señal en difusión con dudosa restricción en el mapa ADC y que en estudio dinámico presenta mayor captación que el resto de la glándula y menor que en nódulo ya mencionado no obstante en la secuencia de perfusión no presenta diferencias con el resto de la glándula por lo que consideramos improbable que se trate de otro foco, no obstante no es descartable del todo, a correlacionar con los resultados de la biopsia.
No se aprecian adenopatías sospechosas.
No hay filtración de las vesiculas seminales.

CONCLUSIÓN:
Neoplasia de próstata que se clasificaría por imagen como probable T3a. Dudosa afectación en el lóbulo prostático izquierdo improbable, a correlacionar con los resultados de la biopsia.

<LOC> ,  <FECHA> <FECHA> <FECHA> <FECHA> <FECHA>

Fdo:  <NAME> , <NAME> <NAME>
Médico Radiólogo. Colegiado Nº: <NUM>


",XNAT03_S03159,XNAT03_E05454
sub-007148,ses-007833,/mnt/ceib/datalake/FISABIO_datalake/prueba/p0052021_reborn/sub-007148/ses-007833/mim-mr/anat/sub-007148_ses-007833_acq-fse_run-7_bp-prostate_vp-ax_T2w.nii.gz,/mnt/ceib/datalake/FISABIO_datalake/prueba/p0052021_reborn/sub-007148/ses-007833/mim-mr/dwi/sub-007148_ses-007833_acq-bvalue_run-11_bp-prostate_vp-ax_dwi.nii.gz,/mnt/ceib/datalake/FISABIO_datalake/prueba/p0052021_reborn/sub-007148/ses-007833/mim-mr/dwi/sub-007148_ses-007833_acq-adc_run-1300_bp-prostate_vp-ax_dwi.nii.gz,19.0,64.0,,,,5.62,,,1.0,1953-01-10,2017-03-30,train,False,,val,ses-007833,sub-007148,p0052021,,https://ceib.cipf.es/xnat2/data/projects/p0052021/experiments/XNAT03_E05454?format=html,19,64,,,,5.620000000000000,,,1,True,"

PACIENTE: <NAME> <NAME>, <NAME> <NAME>
PRESCRIPCION:  Dr.  <NAME> <NAME>, <NAME>

<LOC> , <FECHA> <FECHA> <FECHA> <FECHA> <FECHA>




RESONANCIA MAGNETICA DE PRÓSTATA:

JUICIO JUICIO
Elevación de PSA. Adenocarcinoma de próstata.

TÉCNICA:
Se realizan cortes axiales, sagitales y coronales utilizando secuencias TSE-T1, TSE-T2 sin y con saturación de la grasa; incluyendo estudio de alta resolución. Se complementa el estudio con cortes dinámicos (axiales-SPIR) tras la administración de gadolinio intravenoso y tardíos T1 y T1-SPIR. Se emplean técnicas de perfusión.

INFORME:
Imagen nodular en la zona periférica prostática derecha en el tercio medio de aproximadamente 1.2 x 1.3 x 1.3 cm AP x T x CC, con restricción a la difusión y con marcada captación en el estudio dinámico y en perfusión de predominio precoz con respecto al estudio de la glándula en relación con foco de neoplasia. Existe un borramiento de la cápsula prostática posterior con una mínima protrusión hacia la grasa periprostática menor de 2 mm en relación con infiltración extracapsular. Existe además un área de hipointensidad de señal en T2 de 1.9 cm de diámetro máximo localizada en la zona periférica prostática izquierda, no claramente nodular y peor definida que el lado contralateral que parece presentar una mínima hiperintensidad de señal en difusión con dudosa restricción en el mapa ADC y que en estudio dinámico presenta mayor captación que el resto de la glándula y menor que en nódulo ya mencionado no obstante en la secuencia de perfusión no presenta diferencias con el resto de la glándula por lo que consideramos improbable que se trate de otro foco, no obstante no es descartable del todo, a correlacionar con los resultados de la biopsia.
No se aprecian adenopatías sospechosas.
No hay filtración de las vesiculas seminales.

CONCLUSIÓN:
Neoplasia de próstata que se clasificaría por imagen como probable T3a. Dudosa afectación en el lóbulo prostático izquierdo improbable, a correlacionar con los resultados de la biopsia.

<LOC> ,  <FECHA> <FECHA> <FECHA> <FECHA> <FECHA>

Fdo:  <NAME> , <NAME> <NAME>
Médico Radiólogo. Colegiado Nº: <NUM>


",XNAT03_S03159,XNAT03_E05454
sub-006679,ses-007281,/mnt/ceib/datalake/FISABIO_datalake/prueba/p0052021_reborn/sub-006679/ses-007281/mim-mr/anat/sub-006679_ses-007281_acq-fse_run-7_bp-prostate_vp-ax_T2w.nii.gz,/mnt/ceib/datalake/FISABIO_datalake/prueba/p0052021_reborn/sub-006679/ses-007281/mim-mr/dwi/sub-006679_ses-007281_acq-bvalue_run-8_bp-prostate_vp-ax_dwi.nii.gz,/mnt/ceib/datalake/FISABIO_datalake/prueba/p0052021_reborn/sub-006679/ses-007281/mim-mr/dwi/sub-006679_ses-007281_acq-adc_run-801_bp-prostate_vp-ax_dwi.nii.gz,21.0,72.0,,,,,,,1.0,1936-07-03,2008-12-09,train,False,,val,ses-007281,sub-006679,p0052021,,https://ceib.cipf.es/xnat2/data/projects/p0052021/experiments/XNAT03_E04944?format=html,21,72,,,,,,4,1,True,"
PACIENTE: <NAME> <NAME>, <NAME> <NAME>
PRESCRIPCION:  Dr.

<LOC> <LOC> , <FECHA> <FECHA> <FECHA> <FECHA> <FECHA>




RESONANCIA MAGNETICA DE PRÓSTATA:

JUICIO JUICIO
Adenocarcinoma de próstata. Estadiaje.

TÉCNICA:
Se realizan cortes axiales, sagitales y coronales utilizando secuencias TSE-T1, TSE-T2 sin y con saturación de la grasa; incluyendo estudio de alta resolución. Se complementa el estudio con cortes dinámicos (axiales-SPIR) tras la administración de gadolinio intravenoso y tardíos T1 y T1-SPIR.

INFORME:
Divertículos en sigma.
No se identifican adenopatías en las cadenas ganglionares visualizadas ni lesiones óseas sugestivas de metástasis.
Próstata heterogénea con aumento de su zona de transición destacando hiperintensidad en T1 sin contraste fundamentalmente en el lóbulo izquierdo en relación con cambios hemáticos postbiopsia, destacando hipointensidad en este y fundamentalmente de aspecto nodular en la vertiente posterior del lóbulo derecho, con realce tras la administración de contraste, que sinembargo no parece exceder de forma evidente la cápsula prostática, no mostrando afectación tumoral de las vesículas seminales ni de otros órganos visualizados con lo que estaríamos ante un estadío T2.
Hidrocele bilateral.

CONCLUSIÓN:
Estadiaje de Ca de próstata con afectación de ambos lóbulos periféricos, mayoritariamente el derecho en su vertiente posterior, siendo sugestivo de estadío T2, sin adenopatías ni metástasis óseas evidentes.

",XNAT03_S02734,XNAT03_E04944
sub-006679,ses-007281,/mnt/ceib/datalake/FISABIO_datalake/prueba/p0052021_reborn/sub-006679/ses-007281/mim-mr/anat/sub-006679_ses-007281_acq-fse_run-6_bp-prostate_vp-ax_T2w.nii.gz,/mnt/ceib/datalake/FISABIO_datalake/prueba/p0052021_reborn/sub-006679/ses-007281/mim-mr/dwi/sub-006679_ses-007281_acq-bvalue_run-8_bp-prostate_vp-ax_dwi.nii.gz,/mnt/ceib/datalake/FISABIO_datalake/prueba/p0052021_reborn/sub-006679/ses-007281/mim-mr/dwi/sub-006679_ses-007281_acq-adc_run-801_bp-prostate_vp-ax_dwi.nii.gz,21.0,72.0,,,,,,,1.0,1936-07-03,2008-12-09,train,False,,val,ses-007281,sub-006679,p0052021,,https://ceib.cipf.es/xnat2/data/projects/p0052021/experiments/XNAT03_E04944?format=html,21,72,,,,,,4,1,True,"
PACIENTE: <NAME> <NAME>, <NAME> <NAME>
PRESCRIPCION:  Dr.

<LOC> <LOC> , <FECHA> <FECHA> <FECHA> <FECHA> <FECHA>




RESONANCIA MAGNETICA DE PRÓSTATA:

JUICIO JUICIO
Adenocarcinoma de próstata. Estadiaje.

TÉCNICA:
Se realizan cortes axiales, sagitales y coronales utilizando secuencias TSE-T1, TSE-T2 sin y con saturación de la grasa; incluyendo estudio de alta resolución. Se complementa el estudio con cortes dinámicos (axiales-SPIR) tras la administración de gadolinio intravenoso y tardíos T1 y T1-SPIR.

INFORME:
Divertículos en sigma.
No se identifican adenopatías en las cadenas ganglionares visualizadas ni lesiones óseas sugestivas de metástasis.
Próstata heterogénea con aumento de su zona de transición destacando hiperintensidad en T1 sin contraste fundamentalmente en el lóbulo izquierdo en relación con cambios hemáticos postbiopsia, destacando hipointensidad en este y fundamentalmente de aspecto nodular en la vertiente posterior del lóbulo derecho, con realce tras la administración de contraste, que sinembargo no parece exceder de forma evidente la cápsula prostática, no mostrando afectación tumoral de las vesículas seminales ni de otros órganos visualizados con lo que estaríamos ante un estadío T2.
Hidrocele bilateral.

CONCLUSIÓN:
Estadiaje de Ca de próstata con afectación de ambos lóbulos periféricos, mayoritariamente el derecho en su vertiente posterior, siendo sugestivo de estadío T2, sin adenopatías ni metástasis óseas evidentes.

",XNAT03_S02734,XNAT03_E04944
sub-007294,ses-008011,/mnt/ceib/datalake/FISABIO_datalake/prueba/p0052021_reborn/sub-007294/ses-008011/mim-mr/anat/sub-007294_ses-008011_acq-fse_run-6_bp-prostate_vp-ax_T2w.nii.gz,/mnt/ceib/datalake/FISABIO_datalake/prueba/p0052021_reborn/sub-007294/ses-008011/mim-mr/dwi/sub-007294_ses-008011_acq-bvalue_run-7_bp-prostate_vp-ax_dwi.nii.gz,/mnt/ceib/datalake/FISABIO_datalake/prueba/p0052021_reborn/sub-007294/ses-008011/mim-mr/dwi/sub-007294_ses-008011_acq-adc_run-701_bp-prostate_vp-ax_dwi.nii.gz,21.0,68.0,,,,8.46,22.1312,5.0,1.0,1943-09-03,2011-12-07,train,False,,val,ses-008011,sub-007294,p0052021,,https://ceib.cipf.es/xnat2/data/projects/p0052021/experiments/XNAT03_E05817?format=html,21,68,,,,8.460000000000001,22.1312,"[4, 5]",1,True,"PACIENTE: <NAME> <NAME>, <NAME>
PRESCRIPCION:  Dr. <NAME> <NAME>, <NAME> <NAME>
<LOC> <LOC> , 8 de JUNIO de 2017

RESONANCIA MAGNETICA DE PRÓSTATA:

JUICIO JUICIO
4 Biopsia prostáticas negativas, foco glandular atípico. Sospecha neoplasia. Valorar área sospechosas / tumorales.

TÉCNICA:
Se realizan cortes axiales, sagitales y coronales utilizando secuencias TSE-T1, TSE-T2 sin y con saturación de la grasa; incluyendo estudio de alta resolución. Se complementa el estudio con cortes dinámicos (axiales-SPIR) tras la administración de gadolinio intravenoso y tardíos T1 y T1-SPIR.

INFORME:
Próstata ligeramente aumentada de tamaño, mide aproximadamente 3,8 x 2,8 x 4 cm (diámetros T x AP xCC). Es de intensidad de señal heterogénea con celdilla prostática, en probable relación con RTU previa. La zona periférica es de intensidad de señal ligeramente heterogénea, de iso a hiperintensa, sin objetivar claras imágenes nodulares sospechosas. En torno a la base-glándula media, a nivel de la zona transicional anterior-estroma anterior del lóbulo prostático derecho, se visualiza imagen hipointensa de morfología irregular y bordes mal definidos que mide aproximadamente 1,3 cm de diámetro mayor. Se corresponde con áreas de restricción de la difusión con valor de B 1500, así como con zonas con curvas de cinética de captación patológica. Borra parcialmente la hipointensidad de la muscular del cuello vesical, así como encontrarse en íntimo contacto con la uretra postática. No se aprecian signos de extensión extracapsular, infiltración de vesícula seminales o de estructuras vecinas. Hallazgos en relación con lesión PI-RADS 4-5.
No se visualizan adenopatías locorregionales o en cadenas ilíacas de tamaño o aspecto patológico. Adenopatía inginal izquierda ligeramente heterogénea, que condiciona restricción de la difusión. Podría ser de caracter reactivo inflamatorio, sin descartar infiltración secundaria.
Vejiga de lucha.
Diverticulosis en sigma.
Recto sin alteraciones.
No se visualiza líquido libre en pelvis.
Sin otros hallazgos significativos valorables mediante esta técnica.

CONCLUSIÓN:
Lesión PI-RADS 4-5 a nivel de la base-glándula media, en torno a la zona transicional anterior/estoma anterior de lóbulo prostático derecho, según las características descritas previamente.
Cambios post-RTU.
Vejiga de lucha.
Adenopatía inguinal izquierda ligeramente heterogénea, que podría ser reactiva sin descartar completamente infiltración secundaria.
Sin otros hallazgos significativos.

SAN <LOC> ,  <FECHA> <FECHA> <FECHA> <FECHA> <FECHA>

Fdo:  <NAME> <NAME>, <NAME> <NAME>
Médico Radiólogo. Colegiado Nº: <NUM>
",XNAT03_S03455,XNAT03_E05817
sub-007294,ses-008011,/mnt/ceib/datalake/FISABIO_datalake/prueba/p0052021_reborn/sub-007294/ses-008011/mim-mr/anat/sub-007294_ses-008011_acq-fse_run-8_bp-prostate_vp-ax_T2w.nii.gz,/mnt/ceib/datalake/FISABIO_datalake/prueba/p0052021_reborn/sub-007294/ses-008011/mim-mr/dwi/sub-007294_ses-008011_acq-bvalue_run-7_bp-prostate_vp-ax_dwi.nii.gz,/mnt/ceib/datalake/FISABIO_datalake/prueba/p0052021_reborn/sub-007294/ses-008011/mim-mr/dwi/sub-007294_ses-008011_acq-adc_run-701_bp-prostate_vp-ax_dwi.nii.gz,21.0,68.0,,,,8.46,22.1312,5.0,1.0,1943-09-03,2011-12-07,train,False,,val,ses-008011,sub-007294,p0052021,,https://ceib.cipf.es/xnat2/data/projects/p0052021/experiments/XNAT03_E05817?format=html,21,68,,,,8.460000000000001,22.1312,"[4, 5]",1,True,"PACIENTE: <NAME> <NAME>, <NAME>
PRESCRIPCION:  Dr. <NAME> <NAME>, <NAME> <NAME>
<LOC> <LOC> , 8 de JUNIO de 2017

RESONANCIA MAGNETICA DE PRÓSTATA:

JUICIO JUICIO
4 Biopsia prostáticas negativas, foco glandular atípico. Sospecha neoplasia. Valorar área sospechosas / tumorales.

TÉCNICA:
Se realizan cortes axiales, sagitales y coronales utilizando secuencias TSE-T1, TSE-T2 sin y con saturación de la grasa; incluyendo estudio de alta resolución. Se complementa el estudio con cortes dinámicos (axiales-SPIR) tras la administración de gadolinio intravenoso y tardíos T1 y T1-SPIR.

INFORME:
Próstata ligeramente aumentada de tamaño, mide aproximadamente 3,8 x 2,8 x 4 cm (diámetros T x AP xCC). Es de intensidad de señal heterogénea con celdilla prostática, en probable relación con RTU previa. La zona periférica es de intensidad de señal ligeramente heterogénea, de iso a hiperintensa, sin objetivar claras imágenes nodulares sospechosas. En torno a la base-glándula media, a nivel de la zona transicional anterior-estroma anterior del lóbulo prostático derecho, se visualiza imagen hipointensa de morfología irregular y bordes mal definidos que mide aproximadamente 1,3 cm de diámetro mayor. Se corresponde con áreas de restricción de la difusión con valor de B 1500, así como con zonas con curvas de cinética de captación patológica. Borra parcialmente la hipointensidad de la muscular del cuello vesical, así como encontrarse en íntimo contacto con la uretra postática. No se aprecian signos de extensión extracapsular, infiltración de vesícula seminales o de estructuras vecinas. Hallazgos en relación con lesión PI-RADS 4-5.
No se visualizan adenopatías locorregionales o en cadenas ilíacas de tamaño o aspecto patológico. Adenopatía inginal izquierda ligeramente heterogénea, que condiciona restricción de la difusión. Podría ser de caracter reactivo inflamatorio, sin descartar infiltración secundaria.
Vejiga de lucha.
Diverticulosis en sigma.
Recto sin alteraciones.
No se visualiza líquido libre en pelvis.
Sin otros hallazgos significativos valorables mediante esta técnica.

CONCLUSIÓN:
Lesión PI-RADS 4-5 a nivel de la base-glándula media, en torno a la zona transicional anterior/estoma anterior de lóbulo prostático derecho, según las características descritas previamente.
Cambios post-RTU.
Vejiga de lucha.
Adenopatía inguinal izquierda ligeramente heterogénea, que podría ser reactiva sin descartar completamente infiltración secundaria.
Sin otros hallazgos significativos.

SAN <LOC> ,  <FECHA> <FECHA> <FECHA> <FECHA> <FECHA>

Fdo:  <NAME> <NAME>, <NAME> <NAME>
Médico Radiólogo. Colegiado Nº: <NUM>
",XNAT03_S03455,XNAT03_E05817
sub-007214,ses-007910,/mnt/ceib/datalake/FISABIO_datalake/prueba/p0052021_reborn/sub-007214/ses-007910/mim-mr/anat/sub-007214_ses-007910_acq-fse_run-8_bp-prostate_vp-ax_T2w.nii.gz,/mnt/ceib/datalake/FISABIO_datalake/prueba/p0052021_reborn/sub-007214/ses-007910/mim-mr/dwi/sub-007214_ses-007910_acq-bvalue_run-6_bp-prostate_vp-ax_dwi.nii.gz,/mnt/ceib/datalake/FISABIO_datalake/prueba/p0052021_reborn/sub-007214/ses-007910/mim-mr/dwi/sub-007214_ses-007910_acq-adc_run-600_bp-prostate_vp-ax_dwi.nii.gz,21.0,75.0,,,,9.73,33.9456,,0.0,1935-10-12,2010-12-10,train,False,,val,ses-007910,sub-007214,p0052021,,https://ceib.cipf.es/xnat2/data/projects/p0052021/experiments/XNAT03_E05743?format=html,21,75,,,,9.730000000000000,33.9456,,1,True,"PACIENTE: <NAME> <NAME>, <NAME>
PRESCRIPCION:  Dr. <NAME> <NAME>, 								    <NAME> <NAME>

<LOC> <LOC> , <FECHA> <FECHA> <FECHA> <FECHA> <FECHA>


RESONANCIA MAGNETICA DE PRÓSTATA:

JUICIO JUICIO
Adenocarcinoma Gleason 3 + 3 en el lóbulo derecho.

TÉCNICA:
Se realizan cortes axiales, sagitales y coronales utilizando secuencias TSE-T1, TSE-T2 sin y con saturación de la grasa; incluyendo estudio de alta resolución. Se complementa el estudio con cortes dinámicos (axiales-SPIR) tras la administración de gadolinio intravenoso y tardíos T1 y T1-SPIR. Secuencia de difusión de 1500.

INFORME:
Próstata de aproximadamente 5,1 cm (T) x 4 cm (CC) x 3,2 cm (AP) con leve hipertrofia de la zona transicional.
Se aprecia una lesión nodular de morfología ovalada y relativamente bien delimitada de 1,7 cm de diámetro mayor localizada en la porción periférica del tercio medio del lóbulo prostático derecho, hipointensa en T2 con restricción en difusión y captación homogénea post-contraste, con hiposeñal en el mapa ADC, compatible con lesión PI-RADs 4.
No se aprecian lesiones sospechosas de malignidad en la porción periférica del lóbulo prostático izquierdo.
Los hallazgos sugieren afectación neoplásica en el lóbulo derecho en la porción periférica, que se clasificaría por RM como estadio T2b N0 Mx.
Extensa diverticulosis en el colon descendente y sigma.

CONCLUSIÓN:
Lesión PI-RADs 4 en el tercio medio de la porción periférica del lóbulo prostático derecho, que se clasificaría por RM como estadio T2b N0 Mx.




SAN <LOC> ,  <FECHA> <FECHA> <FECHA> <FECHA> <FECHA>

Fdo:  <NAME> , <NAME> <NAME>
Médico Radiólogo. Colegiado Nº: <NUM>

",XNAT03_S03398,XNAT03_E05743
sub-007214,ses-007910,/mnt/ceib/datalake/FISABIO_datalake/prueba/p0052021_reborn/sub-007214/ses-007910/mim-mr/anat/sub-007214_ses-007910_acq-fse_run-7_bp-prostate_vp-ax_T2w.nii.gz,/mnt/ceib/datalake/FISABIO_datalake/prueba/p0052021_reborn/sub-007214/ses-007910/mim-mr/dwi/sub-007214_ses-007910_acq-bvalue_run-6_bp-prostate_vp-ax_dwi.nii.gz,/mnt/ceib/datalake/FISABIO_datalake/prueba/p0052021_reborn/sub-007214/ses-007910/mim-mr/dwi/sub-007214_ses-007910_acq-adc_run-600_bp-prostate_vp-ax_dwi.nii.gz,21.0,75.0,,,,9.73,33.9456,,0.0,1935-10-12,2010-12-10,train,False,,val,ses-007910,sub-007214,p0052021,,https://ceib.cipf.es/xnat2/data/projects/p0052021/experiments/XNAT03_E05743?format=html,21,75,,,,9.730000000000000,33.9456,,1,True,"PACIENTE: <NAME> <NAME>, <NAME>
PRESCRIPCION:  Dr. <NAME> <NAME>, 								    <NAME> <NAME>

<LOC> <LOC> , <FECHA> <FECHA> <FECHA> <FECHA> <FECHA>


RESONANCIA MAGNETICA DE PRÓSTATA:

JUICIO JUICIO
Adenocarcinoma Gleason 3 + 3 en el lóbulo derecho.

TÉCNICA:
Se realizan cortes axiales, sagitales y coronales utilizando secuencias TSE-T1, TSE-T2 sin y con saturación de la grasa; incluyendo estudio de alta resolución. Se complementa el estudio con cortes dinámicos (axiales-SPIR) tras la administración de gadolinio intravenoso y tardíos T1 y T1-SPIR. Secuencia de difusión de 1500.

INFORME:
Próstata de aproximadamente 5,1 cm (T) x 4 cm (CC) x 3,2 cm (AP) con leve hipertrofia de la zona transicional.
Se aprecia una lesión nodular de morfología ovalada y relativamente bien delimitada de 1,7 cm de diámetro mayor localizada en la porción periférica del tercio medio del lóbulo prostático derecho, hipointensa en T2 con restricción en difusión y captación homogénea post-contraste, con hiposeñal en el mapa ADC, compatible con lesión PI-RADs 4.
No se aprecian lesiones sospechosas de malignidad en la porción periférica del lóbulo prostático izquierdo.
Los hallazgos sugieren afectación neoplásica en el lóbulo derecho en la porción periférica, que se clasificaría por RM como estadio T2b N0 Mx.
Extensa diverticulosis en el colon descendente y sigma.

CONCLUSIÓN:
Lesión PI-RADs 4 en el tercio medio de la porción periférica del lóbulo prostático derecho, que se clasificaría por RM como estadio T2b N0 Mx.




SAN <LOC> ,  <FECHA> <FECHA> <FECHA> <FECHA> <FECHA>

Fdo:  <NAME> , <NAME> <NAME>
Médico Radiólogo. Colegiado Nº: <NUM>

",XNAT03_S03398,XNAT03_E05743
sub-007536,ses-008303,/mnt/ceib/datalake/FISABIO_datalake/prueba/p0052021_reborn/sub-007536/ses-008303/mim-mr/anat/sub-007536_ses-008303_acq-fse_run-9_bp-prostate_vp-ax_T2w.nii.gz,/mnt/ceib/datalake/FISABIO_datalake/prueba/p0052021_reborn/sub-007536/ses-008303/mim-mr/dwi/sub-007536_ses-008303_acq-bvalue_run-11_bp-prostate_vp-ax_dwi.nii.gz,/mnt/ceib/datalake/FISABIO_datalake/prueba/p0052021_reborn/sub-007536/ses-008303/mim-mr/dwi/sub-007536_ses-008303_acq-adc_run-1101_bp-prostate_vp-ax_dwi.nii.gz,19.0,65.0,,,,14.06,,,1.0,1947-03-30,2012-11-21,train,False,,val,ses-008303,sub-007536,p0052021,,https://ceib.cipf.es/xnat2/data/projects/p0052021/experiments/XNAT03_E05865?format=html,19,65,,,,14.06000000000000,,,1,True,"



PACIENTE: <NAME> <NAME>, <NAME>
PRESCRIPCION:  Dra. <NAME> <NAME>.

<LOC> , 2 de NOVIEMBRE de 2018




RESONANCIA MAGNETICA DE PRÓSTATA:

JUICIO JUICIO
Adenocarcinoma de próstata de riesgo intermedio. Estudio de extensión.

TÉCNICA:
Se realizan cortes axiales, sagitales y coronales utilizando secuencias TSE-T1, TSE-T2 sin y con saturación de la grasa; incluyendo estudio de alta resolución. Se complementa el estudio con cortes dinámicos (axiales-SPIR) tras la administración de gadolinio intravenoso y tardíos T1 y T1-SPIR.

INFORME:
Se aprecia una lesión nodular heterogénea de contornos mal definidos a nivel basal en la zona periférica prostática derecha con restricción a la difusión, con un diámetro máximo de al menos 1.5 cm en cráneo-caudal con ligera hipercaptación en el estudio dinámico y que podría corresponder con la lesión neoplásica mencionada. Aunque la lesión contacta con el origen de las vesículas seminales no parece presentar clara infiltración. Existe una discreta protrusión hacia la grasa periprostática derecha con borramiento leve de la cápsula probablemente por mínima infiltración extracapsular.
No se aprecian otras captaciones captaciones de contraste u otros focos de restricción a la difusión o de hipointensidad de señal en T2.
No se aprecian adenopatías sospechosas de infiltración.
No hay lesiones óseas sospechosas de malignidad.
Los hallazgos se clasifican como neoplasia prostática que se clasifica por imagen como T3A N0.
Como hallazgo casual se aprecia  marcado hidrocele izquierdo.

CONCLUSIÓN:
Imagen sugestiva de neoplasia prostática en la zona periférica derecha basal que se clasificaría por imagen como T3A N0.
Hidrocele izquierdo.


<LOC> ,  8 de NOVIEMBRE de 2018

Fdo:  <NAME> , <NAME> <NAME>
Médico Radiólogo. Colegiado Nº: <NUM>

",XNAT03_S03495,XNAT03_E05865
sub-007536,ses-008303,/mnt/ceib/datalake/FISABIO_datalake/prueba/p0052021_reborn/sub-007536/ses-008303/mim-mr/anat/sub-007536_ses-008303_acq-fse_run-7_bp-prostate_vp-ax_T2w.nii.gz,/mnt/ceib/datalake/FISABIO_datalake/prueba/p0052021_reborn/sub-007536/ses-008303/mim-mr/dwi/sub-007536_ses-008303_acq-bvalue_run-11_bp-prostate_vp-ax_dwi.nii.gz,/mnt/ceib/datalake/FISABIO_datalake/prueba/p0052021_reborn/sub-007536/ses-008303/mim-mr/dwi/sub-007536_ses-008303_acq-adc_run-1101_bp-prostate_vp-ax_dwi.nii.gz,19.0,65.0,,,,14.06,,,1.0,1947-03-30,2012-11-21,train,False,,val,ses-008303,sub-007536,p0052021,,https://ceib.cipf.es/xnat2/data/projects/p0052021/experiments/XNAT03_E05865?format=html,19,65,,,,14.06000000000000,,,1,True,"



PACIENTE: <NAME> <NAME>, <NAME>
PRESCRIPCION:  Dra. <NAME> <NAME>.

<LOC> , 2 de NOVIEMBRE de 2018




RESONANCIA MAGNETICA DE PRÓSTATA:

JUICIO JUICIO
Adenocarcinoma de próstata de riesgo intermedio. Estudio de extensión.

TÉCNICA:
Se realizan cortes axiales, sagitales y coronales utilizando secuencias TSE-T1, TSE-T2 sin y con saturación de la grasa; incluyendo estudio de alta resolución. Se complementa el estudio con cortes dinámicos (axiales-SPIR) tras la administración de gadolinio intravenoso y tardíos T1 y T1-SPIR.

INFORME:
Se aprecia una lesión nodular heterogénea de contornos mal definidos a nivel basal en la zona periférica prostática derecha con restricción a la difusión, con un diámetro máximo de al menos 1.5 cm en cráneo-caudal con ligera hipercaptación en el estudio dinámico y que podría corresponder con la lesión neoplásica mencionada. Aunque la lesión contacta con el origen de las vesículas seminales no parece presentar clara infiltración. Existe una discreta protrusión hacia la grasa periprostática derecha con borramiento leve de la cápsula probablemente por mínima infiltración extracapsular.
No se aprecian otras captaciones captaciones de contraste u otros focos de restricción a la difusión o de hipointensidad de señal en T2.
No se aprecian adenopatías sospechosas de infiltración.
No hay lesiones óseas sospechosas de malignidad.
Los hallazgos se clasifican como neoplasia prostática que se clasifica por imagen como T3A N0.
Como hallazgo casual se aprecia  marcado hidrocele izquierdo.

CONCLUSIÓN:
Imagen sugestiva de neoplasia prostática en la zona periférica derecha basal que se clasificaría por imagen como T3A N0.
Hidrocele izquierdo.


<LOC> ,  8 de NOVIEMBRE de 2018

Fdo:  <NAME> , <NAME> <NAME>
Médico Radiólogo. Colegiado Nº: <NUM>

",XNAT03_S03495,XNAT03_E05865
sub-000283,ses-000285,/mnt/ceib/datalake/FISABIO_datalake/prueba/p0052021_reborn/sub-000283/ses-000285/mim-mr/anat/sub-000283_ses-000285_acq-fse_run-8_bp-prostate_vp-ax_T2w.nii.gz,/mnt/ceib/datalake/FISABIO_datalake/prueba/p0052021_reborn/sub-000283/ses-000285/mim-mr/dwi/sub-000283_ses-000285_acq-bvalue_run-6_bp-prostate_vp-ax_dwi.nii.gz,/mnt/ceib/datalake/FISABIO_datalake/prueba/p0052021_reborn/sub-000283/ses-000285/mim-mr/dwi/sub-000283_ses-000285_acq-adc_run-1201_bp-prostate_vp-ax_dwi.nii.gz,21.0,66.0,,,,,,,1.0,1936-12-24,2003-11-27,train,False,,val,ses-000285,sub-000283,p0052021,,https://ceib.cipf.es/xnat2/data/projects/p0052021/experiments/XNAT3_E92066?format=html,21,66,,,,,,,1,True,"







PACIENTE: <NAME> <NAME>, <NAME>
PRESCRIPCION:  Dr.

<LOC> <LOC> , <FECHA> <FECHA> <FECHA> <FECHA> <FECHA>



RESONANCIA MAGNETICA DE PRÓSTATA:

JUICIO JUICIO
CA de próstata. Estadiaje.

TÉCNICA:
Se realizan cortes axiales, sagitales y coronales utilizando secuencias TSE-T1, TSE-T2 sin y con saturación de la grasa; incluyendo estudio de alta resolución. Se complementa el estudio con cortes dinámicos (axiales-SPIR) tras la administración de gadolinio intravenoso y tardíos T1 y T1-SPIR.

INFORME:
Se aprecia una imagen pseudo-nodular hipointensa en el componente periférico del lóbulo prostático izquierdo, con aparente infiltración milimétrica de la grasa circundante a nivel posterolateral izquierdo, destacando un realce discretamente más precoz que el resto de aproximadamente similar al que se produce en algunas áreas de la heterogenea zona de transición, que se encuentra aumentada de tamaño e improntando en la vertiente inferior de la vejíga.
No se objetivan lesiones óseas sugestivas de metástasis ni adenopatías claramente patológicas.

CONCLUSIÓN:
Imagen sugestiva de infiltración tumoral en la zona periférica derecha de la próstata con probable infiltración de la grasa a nivel posterolateral izquierdo, que lo convertiría en un estadio T3.






<LOC> <LOC> , <FECHA> <FECHA> <FECHA> <FECHA> <FECHA>

Fdo:  <NAME> <NAME>, <NAME> <NAME>



",XNAT3_S37022,XNAT3_E92066
sub-000283,ses-000285,/mnt/ceib/datalake/FISABIO_datalake/prueba/p0052021_reborn/sub-000283/ses-000285/mim-mr/anat/sub-000283_ses-000285_acq-fse_run-7_bp-prostate_vp-ax_T2w.nii.gz,/mnt/ceib/datalake/FISABIO_datalake/prueba/p0052021_reborn/sub-000283/ses-000285/mim-mr/dwi/sub-000283_ses-000285_acq-bvalue_run-6_bp-prostate_vp-ax_dwi.nii.gz,/mnt/ceib/datalake/FISABIO_datalake/prueba/p0052021_reborn/sub-000283/ses-000285/mim-mr/dwi/sub-000283_ses-000285_acq-adc_run-1201_bp-prostate_vp-ax_dwi.nii.gz,21.0,66.0,,,,,,,1.0,1936-12-24,2003-11-27,train,False,,val,ses-000285,sub-000283,p0052021,,https://ceib.cipf.es/xnat2/data/projects/p0052021/experiments/XNAT3_E92066?format=html,21,66,,,,,,,1,True,"







PACIENTE: <NAME> <NAME>, <NAME>
PRESCRIPCION:  Dr.

<LOC> <LOC> , <FECHA> <FECHA> <FECHA> <FECHA> <FECHA>



RESONANCIA MAGNETICA DE PRÓSTATA:

JUICIO JUICIO
CA de próstata. Estadiaje.

TÉCNICA:
Se realizan cortes axiales, sagitales y coronales utilizando secuencias TSE-T1, TSE-T2 sin y con saturación de la grasa; incluyendo estudio de alta resolución. Se complementa el estudio con cortes dinámicos (axiales-SPIR) tras la administración de gadolinio intravenoso y tardíos T1 y T1-SPIR.

INFORME:
Se aprecia una imagen pseudo-nodular hipointensa en el componente periférico del lóbulo prostático izquierdo, con aparente infiltración milimétrica de la grasa circundante a nivel posterolateral izquierdo, destacando un realce discretamente más precoz que el resto de aproximadamente similar al que se produce en algunas áreas de la heterogenea zona de transición, que se encuentra aumentada de tamaño e improntando en la vertiente inferior de la vejíga.
No se objetivan lesiones óseas sugestivas de metástasis ni adenopatías claramente patológicas.

CONCLUSIÓN:
Imagen sugestiva de infiltración tumoral en la zona periférica derecha de la próstata con probable infiltración de la grasa a nivel posterolateral izquierdo, que lo convertiría en un estadio T3.






<LOC> <LOC> , <FECHA> <FECHA> <FECHA> <FECHA> <FECHA>

Fdo:  <NAME> <NAME>, <NAME> <NAME>



",XNAT3_S37022,XNAT3_E92066
sub-000283,ses-000285,/mnt/ceib/datalake/FISABIO_datalake/prueba/p0052021_reborn/sub-000283/ses-000285/mim-mr/anat/sub-000283_ses-000285_acq-fse_run-11_bp-prostate_vp-ax_T2w.nii.gz,/mnt/ceib/datalake/FISABIO_datalake/prueba/p0052021_reborn/sub-000283/ses-000285/mim-mr/dwi/sub-000283_ses-000285_acq-bvalue_run-6_bp-prostate_vp-ax_dwi.nii.gz,/mnt/ceib/datalake/FISABIO_datalake/prueba/p0052021_reborn/sub-000283/ses-000285/mim-mr/dwi/sub-000283_ses-000285_acq-adc_run-1201_bp-prostate_vp-ax_dwi.nii.gz,21.0,66.0,,,,,,,1.0,1936-12-24,2003-11-27,train,False,,val,ses-000285,sub-000283,p0052021,,https://ceib.cipf.es/xnat2/data/projects/p0052021/experiments/XNAT3_E92066?format=html,21,66,,,,,,,1,True,"







PACIENTE: <NAME> <NAME>, <NAME>
PRESCRIPCION:  Dr.

<LOC> <LOC> , <FECHA> <FECHA> <FECHA> <FECHA> <FECHA>



RESONANCIA MAGNETICA DE PRÓSTATA:

JUICIO JUICIO
CA de próstata. Estadiaje.

TÉCNICA:
Se realizan cortes axiales, sagitales y coronales utilizando secuencias TSE-T1, TSE-T2 sin y con saturación de la grasa; incluyendo estudio de alta resolución. Se complementa el estudio con cortes dinámicos (axiales-SPIR) tras la administración de gadolinio intravenoso y tardíos T1 y T1-SPIR.

INFORME:
Se aprecia una imagen pseudo-nodular hipointensa en el componente periférico del lóbulo prostático izquierdo, con aparente infiltración milimétrica de la grasa circundante a nivel posterolateral izquierdo, destacando un realce discretamente más precoz que el resto de aproximadamente similar al que se produce en algunas áreas de la heterogenea zona de transición, que se encuentra aumentada de tamaño e improntando en la vertiente inferior de la vejíga.
No se objetivan lesiones óseas sugestivas de metástasis ni adenopatías claramente patológicas.

CONCLUSIÓN:
Imagen sugestiva de infiltración tumoral en la zona periférica derecha de la próstata con probable infiltración de la grasa a nivel posterolateral izquierdo, que lo convertiría en un estadio T3.






<LOC> <LOC> , <FECHA> <FECHA> <FECHA> <FECHA> <FECHA>

Fdo:  <NAME> <NAME>, <NAME> <NAME>



",XNAT3_S37022,XNAT3_E92066
sub-007140,ses-007823,/mnt/ceib/datalake/FISABIO_datalake/prueba/p0052021_reborn/sub-007140/ses-007823/mim-mr/anat/sub-007140_ses-007823_acq-fse_run-7_bp-prostate_vp-ax_T2w.nii.gz,/mnt/ceib/datalake/FISABIO_datalake/prueba/p0052021_reborn/sub-007140/ses-007823/mim-mr/dwi/sub-007140_ses-007823_acq-bvalue_run-8_bp-prostate_vp-ax_dwi.nii.gz,/mnt/ceib/datalake/FISABIO_datalake/prueba/p0052021_reborn/sub-007140/ses-007823/mim-mr/dwi/sub-007140_ses-007823_acq-adc_run-800_bp-prostate_vp-ax_dwi.nii.gz,21.0,69.0,,,,7.76,,,1.0,1944-12-07,2014-04-03,train,False,,val,ses-007823,sub-007140,p0052021,,https://ceib.cipf.es/xnat2/data/projects/p0052021/experiments/XNAT03_E05897?format=html,21,69,,,,7.760000000000000,,,1,True,"PACIENTE: <NAME> <NAME>, <NAME>
PRESCRIPCION:  Dr.  <NAME> <NAME> <NAME>, 							  FRANCISCO

<LOC> <LOC> , 4 de MAYO de 2017


RESONANCIA MAGNETICA DE PRÓSTATA:

JUICIO JUICIO
Adenocarcinoma de próstata 3+3 en lóbulo izquierdo. Estadiaje.

TÉCNICA:
Se realizan cortes axiales, sagitales y coronales utilizando secuencias TSE-T1, TSE-T2 sin y con saturación de la grasa; incluyendo estudio de alta resolución. Se complementa el estudio con cortes dinámicos (axiales-SPIR) tras la administración de gadolinio intravenoso y tardíos T1 y T1-SPIR.

INFORME:
Abundantes restos hemáticos postpunción en la porción periférica del tercio medio de ambos lóbulos, que disminuyen la fiabilidad del estudio.
Lesión nodular altamente sugestiva de malignidad de unos 24 mm. (CC) x 23 mm.(T) hipointensa en T2, con intensa restricción en difusión e hiposeñal en el mapa ACD, mostrando captación moderada post-contraste localizada en la mitad izquierda de la zona transicional.
Foco milimétrico de restricción en  difusión con captación postcontraste en la mitad derecha de la zona transicional, que también podría estar relación con efectación neoplásica incipiente.
No se aprecian imágenes que sugieran extensión neoplásica transcapsular. Los hallazgos sugieren estadio T2 N0 MX.
Espóndilo-discopatía  degenerativa en columna lumbo-sacra con protrusión póstero-medial de base ancha L5-S1 y cambio MODIC.


CONCLUSIÓN:
Nódulos altamente sugestivos de malignidad en la zona transicional bilateral, de predominio izquierdo, el mayor de 24 mm. (CC) x 23 mm.(T). Hallazgos sugestivos de estadio T2 N0 MX.
Abundantes restos hemáticos en la zona periférica del tercio medio bilateral.



SAN <LOC> ,  <FECHA> <FECHA> <FECHA> <FECHA> <FECHA>

Fdo:  <NAME> , <NAME> <NAME>
Médico Radiólogo. Colegiado Nº: <NUM>


",XNAT03_S03519,XNAT03_E05897
sub-007140,ses-007823,/mnt/ceib/datalake/FISABIO_datalake/prueba/p0052021_reborn/sub-007140/ses-007823/mim-mr/anat/sub-007140_ses-007823_acq-fse_run-6_bp-prostate_vp-ax_T2w.nii.gz,/mnt/ceib/datalake/FISABIO_datalake/prueba/p0052021_reborn/sub-007140/ses-007823/mim-mr/dwi/sub-007140_ses-007823_acq-bvalue_run-8_bp-prostate_vp-ax_dwi.nii.gz,/mnt/ceib/datalake/FISABIO_datalake/prueba/p0052021_reborn/sub-007140/ses-007823/mim-mr/dwi/sub-007140_ses-007823_acq-adc_run-800_bp-prostate_vp-ax_dwi.nii.gz,21.0,69.0,,,,7.76,,,1.0,1944-12-07,2014-04-03,train,False,,val,ses-007823,sub-007140,p0052021,,https://ceib.cipf.es/xnat2/data/projects/p0052021/experiments/XNAT03_E05897?format=html,21,69,,,,7.760000000000000,,,1,True,"PACIENTE: <NAME> <NAME>, <NAME>
PRESCRIPCION:  Dr.  <NAME> <NAME> <NAME>, 							  FRANCISCO

<LOC> <LOC> , 4 de MAYO de 2017


RESONANCIA MAGNETICA DE PRÓSTATA:

JUICIO JUICIO
Adenocarcinoma de próstata 3+3 en lóbulo izquierdo. Estadiaje.

TÉCNICA:
Se realizan cortes axiales, sagitales y coronales utilizando secuencias TSE-T1, TSE-T2 sin y con saturación de la grasa; incluyendo estudio de alta resolución. Se complementa el estudio con cortes dinámicos (axiales-SPIR) tras la administración de gadolinio intravenoso y tardíos T1 y T1-SPIR.

INFORME:
Abundantes restos hemáticos postpunción en la porción periférica del tercio medio de ambos lóbulos, que disminuyen la fiabilidad del estudio.
Lesión nodular altamente sugestiva de malignidad de unos 24 mm. (CC) x 23 mm.(T) hipointensa en T2, con intensa restricción en difusión e hiposeñal en el mapa ACD, mostrando captación moderada post-contraste localizada en la mitad izquierda de la zona transicional.
Foco milimétrico de restricción en  difusión con captación postcontraste en la mitad derecha de la zona transicional, que también podría estar relación con efectación neoplásica incipiente.
No se aprecian imágenes que sugieran extensión neoplásica transcapsular. Los hallazgos sugieren estadio T2 N0 MX.
Espóndilo-discopatía  degenerativa en columna lumbo-sacra con protrusión póstero-medial de base ancha L5-S1 y cambio MODIC.


CONCLUSIÓN:
Nódulos altamente sugestivos de malignidad en la zona transicional bilateral, de predominio izquierdo, el mayor de 24 mm. (CC) x 23 mm.(T). Hallazgos sugestivos de estadio T2 N0 MX.
Abundantes restos hemáticos en la zona periférica del tercio medio bilateral.



SAN <LOC> ,  <FECHA> <FECHA> <FECHA> <FECHA> <FECHA>

Fdo:  <NAME> , <NAME> <NAME>
Médico Radiólogo. Colegiado Nº: <NUM>


",XNAT03_S03519,XNAT03_E05897
sub-007833,ses-008671,/mnt/ceib/datalake/FISABIO_datalake/prueba/p0052021_reborn/sub-007833/ses-008671/mim-mr/anat/sub-007833_ses-008671_acq-fse_run-6_bp-prostate_vp-ax_T2w.nii.gz,/mnt/ceib/datalake/FISABIO_datalake/prueba/p0052021_reborn/sub-007833/ses-008671/mim-mr/dwi/sub-007833_ses-008671_acq-bvalue_run-8_bp-prostate_vp-ax_dwi.nii.gz,/mnt/ceib/datalake/FISABIO_datalake/prueba/p0052021_reborn/sub-007833/ses-008671/mim-mr/dwi/sub-007833_ses-008671_acq-adc_run-800_bp-prostate_vp-ax_dwi.nii.gz,21.0,78.0,,,,28.7,,,1.0,1937-01-18,2015-10-16,train,False,,val,ses-008671,sub-007833,p0052021,,https://ceib.cipf.es/xnat2/data/projects/p0052021/experiments/XNAT03_E05949?format=html,21,78,,,,28.70000000000000,,,1,True,"JUICIO JUICIO   Adenocarcinoma de próstata Gleason 4 + 4 bilateral , valoración pelviana para descartar afectación extraglandular

TÉCNICA:
Se realizan cortes axiales, sagitales y coronales utilizando secuencias TSE-T1, TSE-T2 sin y con saturación de la grasa; incluyendo estudio de alta resolución. Se complementa el estudio con cortes dinámicos (axiales-SPIR) tras la administración de gadolinio intravenoso y tardíos T1 y T1-SPIR.

INFORME:

Próstata con  aumento moderado del volumen a expensas de la zona transicional que no muestra nódulos de aspecto sospechoso.
Extensa afectación de ambos lóbulos periféricos con lesiones en los segmentos posteriores de tercio medio y basal   del lóbulo periférico derecho con focos nodulares en segmento apical anterior.
El lóbulo periférico izquierdo también presenta una amplia afectación más parcheada con con áreas que afectan todo el segmento anterior apicales  y medio basales.
Dichas áreas muestran marcado signos de restricción de señal compatibles con el diagnóstico de adenocarcinoma.
Las lesiones en el lado derecho  prácticamente establecen contacto con la raízde la vesícula seminal pero el ángulo parece preservado y  no identifico signos valorables de infiltración de la misma. Los segmentos apicales izquierdos muestran un mínimo abombamiento capsular pero sin signos valorables de extensión extra capsular
Vesículas seminales y ángulo recto prostático preservados
Vejiga y recto sin alteraciones.
No se observan adenopatías, alteraciones de señal en los elementos óseos estudiados ni otros hallazgos reseñables en los cortes obtenidos.

CONCLUSIÓN:

Hallazgos compatibles con extensa afectación bilobar sin signos concluyentes de extensión extracapsular ni afectación locorregional
",XNAT03_S03559,XNAT03_E05949
sub-007833,ses-008671,/mnt/ceib/datalake/FISABIO_datalake/prueba/p0052021_reborn/sub-007833/ses-008671/mim-mr/anat/sub-007833_ses-008671_acq-fse_run-7_bp-prostate_vp-ax_T2w.nii.gz,/mnt/ceib/datalake/FISABIO_datalake/prueba/p0052021_reborn/sub-007833/ses-008671/mim-mr/dwi/sub-007833_ses-008671_acq-bvalue_run-8_bp-prostate_vp-ax_dwi.nii.gz,/mnt/ceib/datalake/FISABIO_datalake/prueba/p0052021_reborn/sub-007833/ses-008671/mim-mr/dwi/sub-007833_ses-008671_acq-adc_run-800_bp-prostate_vp-ax_dwi.nii.gz,21.0,78.0,,,,28.7,,,1.0,1937-01-18,2015-10-16,train,False,,val,ses-008671,sub-007833,p0052021,,https://ceib.cipf.es/xnat2/data/projects/p0052021/experiments/XNAT03_E05949?format=html,21,78,,,,28.70000000000000,,,1,True,"JUICIO JUICIO   Adenocarcinoma de próstata Gleason 4 + 4 bilateral , valoración pelviana para descartar afectación extraglandular

TÉCNICA:
Se realizan cortes axiales, sagitales y coronales utilizando secuencias TSE-T1, TSE-T2 sin y con saturación de la grasa; incluyendo estudio de alta resolución. Se complementa el estudio con cortes dinámicos (axiales-SPIR) tras la administración de gadolinio intravenoso y tardíos T1 y T1-SPIR.

INFORME:

Próstata con  aumento moderado del volumen a expensas de la zona transicional que no muestra nódulos de aspecto sospechoso.
Extensa afectación de ambos lóbulos periféricos con lesiones en los segmentos posteriores de tercio medio y basal   del lóbulo periférico derecho con focos nodulares en segmento apical anterior.
El lóbulo periférico izquierdo también presenta una amplia afectación más parcheada con con áreas que afectan todo el segmento anterior apicales  y medio basales.
Dichas áreas muestran marcado signos de restricción de señal compatibles con el diagnóstico de adenocarcinoma.
Las lesiones en el lado derecho  prácticamente establecen contacto con la raízde la vesícula seminal pero el ángulo parece preservado y  no identifico signos valorables de infiltración de la misma. Los segmentos apicales izquierdos muestran un mínimo abombamiento capsular pero sin signos valorables de extensión extra capsular
Vesículas seminales y ángulo recto prostático preservados
Vejiga y recto sin alteraciones.
No se observan adenopatías, alteraciones de señal en los elementos óseos estudiados ni otros hallazgos reseñables en los cortes obtenidos.

CONCLUSIÓN:

Hallazgos compatibles con extensa afectación bilobar sin signos concluyentes de extensión extracapsular ni afectación locorregional
",XNAT03_S03559,XNAT03_E05949
sub-006287,ses-006833,/mnt/ceib/datalake/FISABIO_datalake/prueba/p0052021_reborn/sub-006287/ses-006833/mim-mr/anat/sub-006287_ses-006833_acq-fse_run-6_bp-prostate_vp-ax_T2w.nii.gz,/mnt/ceib/datalake/FISABIO_datalake/prueba/p0052021_reborn/sub-006287/ses-006833/mim-mr/dwi/sub-006287_ses-006833_acq-bvalue_run-7_bp-prostate_vp-ax_dwi.nii.gz,/mnt/ceib/datalake/FISABIO_datalake/prueba/p0052021_reborn/sub-006287/ses-006833/mim-mr/dwi/sub-006287_ses-006833_acq-adc_run-701_bp-prostate_vp-ax_dwi.nii.gz,21.0,76.0,,,,11.2,3.016,,0.0,1943-02-28,2019-09-14,train,False,,val,ses-006833,sub-006287,p0052021,,https://ceib.cipf.es/xnat2/data/projects/p0052021/experiments/XNAT03_E06755?format=html,21,76,,,,11.20000000000000,3.016,,1,True,"
PACIENTE: <NAME> , <NAME> <NAME>
PRESCRIPCION:  Dra. <NAME>

<LOC> <LOC> , 3 de NOVIEMBRE de 2020


RESONANCIA MAGNETICA DE PRÓSTATA:

JUICIO JUICIO
Estudio de extensión en paciente con ADC de próstata.

TÉCNICA:
Se realizan cortes axiales, sagitales y coronales utilizando secuencias TSE-T1, TSE-T2 sin y con saturación de la grasa; incluyendo estudio de alta resolución. Se complementa el estudio con cortes dinámicos (axiales-SPIR) tras la administración de gadolinio intravenoso y tardíos T1 y T1-SPIR.

INFORME:
Próstata correctamente definida de aproximadamente 58 mm de diámetro mayor transverso. El parenquima prostático muestra una intensidad de señal principalmente hipointensa en T1. En T2, se observa un aumento del tamaño del lóbulo medio y formaciones pseudonodulares mal definidas, inespecíficas. En la parte derecha del lóbulo medio, la intensidad de la señal del parenquima es algo más hipointensa, teniendo un cierto reflejo en la difusión y observándose una pérdida de señal en el mapa ADC. Además, se observa una alteración focal de señal de 6 mm en el lóbulo izquierdo que tiene un cierto reflejo en la difusión y una marcada pérdida de señal en el mapa ADC. Tras la administración de gadolinio, esta alteración de señal izquierda capta contraste. El lóbulo medio muestra una captación inespecífica en su totalidad.
La cápsula prostática está íntegra.
Morfología normal de vesículas seminales.
Intensidad de señal normal de la grasa pélvica.
En la parte izquierda de la pelvis, se observa un ganglio linfático de 2 cm de diámetro mayor sin clara alteración de su morfología. El resto de los ganglios pélvicos identificados mantienen un tamaño y morfología normal.

CONCLUSIÓN:
Alteración de señal focalizada en el lóbulo izquierdo que podría tener relación con la neoplasia diagnosticada. Cambios de señal en la parte izquierda del lóbulo medio que es inespecífica. Puesto que existe diagnóstico de neoplasia, se trataría como máximo de un estadio T2 por resonancia. Adenomegalia pélvica inespecífica.


SAN BARTOLOME ,  4 de NOVIEMBRE de 2020

Fdo:  <NAME> <NAME>, <NAME>
Médico Radiólogo. Colegiado Nº: <NUM>

",XNAT03_S03890,XNAT03_E06755
sub-006287,ses-006833,/mnt/ceib/datalake/FISABIO_datalake/prueba/p0052021_reborn/sub-006287/ses-006833/mim-mr/anat/sub-006287_ses-006833_acq-fse_run-8_bp-prostate_vp-ax_T2w.nii.gz,/mnt/ceib/datalake/FISABIO_datalake/prueba/p0052021_reborn/sub-006287/ses-006833/mim-mr/dwi/sub-006287_ses-006833_acq-bvalue_run-7_bp-prostate_vp-ax_dwi.nii.gz,/mnt/ceib/datalake/FISABIO_datalake/prueba/p0052021_reborn/sub-006287/ses-006833/mim-mr/dwi/sub-006287_ses-006833_acq-adc_run-701_bp-prostate_vp-ax_dwi.nii.gz,21.0,76.0,,,,11.2,3.016,,0.0,1943-02-28,2019-09-14,train,False,,val,ses-006833,sub-006287,p0052021,,https://ceib.cipf.es/xnat2/data/projects/p0052021/experiments/XNAT03_E06755?format=html,21,76,,,,11.20000000000000,3.016,,1,True,"
PACIENTE: <NAME> , <NAME> <NAME>
PRESCRIPCION:  Dra. <NAME>

<LOC> <LOC> , 3 de NOVIEMBRE de 2020


RESONANCIA MAGNETICA DE PRÓSTATA:

JUICIO JUICIO
Estudio de extensión en paciente con ADC de próstata.

TÉCNICA:
Se realizan cortes axiales, sagitales y coronales utilizando secuencias TSE-T1, TSE-T2 sin y con saturación de la grasa; incluyendo estudio de alta resolución. Se complementa el estudio con cortes dinámicos (axiales-SPIR) tras la administración de gadolinio intravenoso y tardíos T1 y T1-SPIR.

INFORME:
Próstata correctamente definida de aproximadamente 58 mm de diámetro mayor transverso. El parenquima prostático muestra una intensidad de señal principalmente hipointensa en T1. En T2, se observa un aumento del tamaño del lóbulo medio y formaciones pseudonodulares mal definidas, inespecíficas. En la parte derecha del lóbulo medio, la intensidad de la señal del parenquima es algo más hipointensa, teniendo un cierto reflejo en la difusión y observándose una pérdida de señal en el mapa ADC. Además, se observa una alteración focal de señal de 6 mm en el lóbulo izquierdo que tiene un cierto reflejo en la difusión y una marcada pérdida de señal en el mapa ADC. Tras la administración de gadolinio, esta alteración de señal izquierda capta contraste. El lóbulo medio muestra una captación inespecífica en su totalidad.
La cápsula prostática está íntegra.
Morfología normal de vesículas seminales.
Intensidad de señal normal de la grasa pélvica.
En la parte izquierda de la pelvis, se observa un ganglio linfático de 2 cm de diámetro mayor sin clara alteración de su morfología. El resto de los ganglios pélvicos identificados mantienen un tamaño y morfología normal.

CONCLUSIÓN:
Alteración de señal focalizada en el lóbulo izquierdo que podría tener relación con la neoplasia diagnosticada. Cambios de señal en la parte izquierda del lóbulo medio que es inespecífica. Puesto que existe diagnóstico de neoplasia, se trataría como máximo de un estadio T2 por resonancia. Adenomegalia pélvica inespecífica.


SAN BARTOLOME ,  4 de NOVIEMBRE de 2020

Fdo:  <NAME> <NAME>, <NAME>
Médico Radiólogo. Colegiado Nº: <NUM>

",XNAT03_S03890,XNAT03_E06755
sub-007860,ses-008702,/mnt/ceib/datalake/FISABIO_datalake/prueba/p0052021_reborn/sub-007860/ses-008702/mim-mr/anat/sub-007860_ses-008702_acq-fse_run-8_bp-prostate_vp-ax_T2w.nii.gz,/mnt/ceib/datalake/FISABIO_datalake/prueba/p0052021_reborn/sub-007860/ses-008702/mim-mr/dwi/sub-007860_ses-008702_acq-bvalue_run-6_bp-prostate_vp-ax_dwi.nii.gz,/mnt/ceib/datalake/FISABIO_datalake/prueba/p0052021_reborn/sub-007860/ses-008702/mim-mr/dwi/sub-007860_ses-008702_acq-adc_run-601_bp-prostate_vp-ax_dwi.nii.gz,21.0,68.0,,,,4.18,,5.0,1.0,1949-08-12,2018-07-23,train,False,,val,ses-008702,sub-007860,p0052021,,https://ceib.cipf.es/xnat2/data/projects/p0052021/experiments/XNAT03_E06047?format=html,21,68,,,,4.180000000000000,,[5],1,True,"JUICIO JUICIO Valoración de paciente con adenocarcinoma de próstata Gleason 3 +3 . Aumento de la consistencia ligera en la glándula valoración de la afectación extra glandular


TÉCNICA:
Se realizan cortes axiales, sagitales y coronales utilizando secuencias TSE-T1, TSE-T2 sin y con saturación de la grasa; incluyendo estudio de alta resolución. Se complementa el estudio con cortes dinámicos (axiales-SPIR) tras la administración de gadolinio intravenoso y tardíos T1 y T1-SPIR.

INFORME:

Próstata de volumen conservado
Área nodular mal definida de baja señal localizada en los segmentos posteriores medios y apicales del lóbulo periférico izquierdo con marcados signos de restricción de señal compatible con el diagnóstico de adenocarcinoma.
La lesión mide aproximadamente 15 mm contacta con la capsula que se encuentra ligeramente desdibujada sugiriendo infiltración  y mínima afectación extracapsular.
El resto de los lóbulos y la zona transicional no muestran alteraciones destacables. La raíz es seminales están preservadas
Vejiga y recto sin alteraciones.
No se observan adenopatías, alteraciones de señal en los elementos óseos estudiados ni otros hallazgos reseñables en los cortes obtenidos.

CONCLUSIÓN:

Lesión PIRADS 5  en s.posteriores del lóbulo periférico izquierdo con  posible afectación mínima extra capsular
",XNAT03_S03635,XNAT03_E06047
sub-007860,ses-008702,/mnt/ceib/datalake/FISABIO_datalake/prueba/p0052021_reborn/sub-007860/ses-008702/mim-mr/anat/sub-007860_ses-008702_acq-fse_run-5_bp-prostate_vp-ax_T2w.nii.gz,/mnt/ceib/datalake/FISABIO_datalake/prueba/p0052021_reborn/sub-007860/ses-008702/mim-mr/dwi/sub-007860_ses-008702_acq-bvalue_run-6_bp-prostate_vp-ax_dwi.nii.gz,/mnt/ceib/datalake/FISABIO_datalake/prueba/p0052021_reborn/sub-007860/ses-008702/mim-mr/dwi/sub-007860_ses-008702_acq-adc_run-601_bp-prostate_vp-ax_dwi.nii.gz,21.0,68.0,,,,4.18,,5.0,1.0,1949-08-12,2018-07-23,train,False,,val,ses-008702,sub-007860,p0052021,,https://ceib.cipf.es/xnat2/data/projects/p0052021/experiments/XNAT03_E06047?format=html,21,68,,,,4.180000000000000,,[5],1,True,"JUICIO JUICIO Valoración de paciente con adenocarcinoma de próstata Gleason 3 +3 . Aumento de la consistencia ligera en la glándula valoración de la afectación extra glandular


TÉCNICA:
Se realizan cortes axiales, sagitales y coronales utilizando secuencias TSE-T1, TSE-T2 sin y con saturación de la grasa; incluyendo estudio de alta resolución. Se complementa el estudio con cortes dinámicos (axiales-SPIR) tras la administración de gadolinio intravenoso y tardíos T1 y T1-SPIR.

INFORME:

Próstata de volumen conservado
Área nodular mal definida de baja señal localizada en los segmentos posteriores medios y apicales del lóbulo periférico izquierdo con marcados signos de restricción de señal compatible con el diagnóstico de adenocarcinoma.
La lesión mide aproximadamente 15 mm contacta con la capsula que se encuentra ligeramente desdibujada sugiriendo infiltración  y mínima afectación extracapsular.
El resto de los lóbulos y la zona transicional no muestran alteraciones destacables. La raíz es seminales están preservadas
Vejiga y recto sin alteraciones.
No se observan adenopatías, alteraciones de señal en los elementos óseos estudiados ni otros hallazgos reseñables en los cortes obtenidos.

CONCLUSIÓN:

Lesión PIRADS 5  en s.posteriores del lóbulo periférico izquierdo con  posible afectación mínima extra capsular
",XNAT03_S03635,XNAT03_E06047
sub-007860,ses-008702,/mnt/ceib/datalake/FISABIO_datalake/prueba/p0052021_reborn/sub-007860/ses-008702/mim-mr/anat/sub-007860_ses-008702_acq-fse_run-7_bp-prostate_vp-ax_T2w.nii.gz,/mnt/ceib/datalake/FISABIO_datalake/prueba/p0052021_reborn/sub-007860/ses-008702/mim-mr/dwi/sub-007860_ses-008702_acq-bvalue_run-6_bp-prostate_vp-ax_dwi.nii.gz,/mnt/ceib/datalake/FISABIO_datalake/prueba/p0052021_reborn/sub-007860/ses-008702/mim-mr/dwi/sub-007860_ses-008702_acq-adc_run-601_bp-prostate_vp-ax_dwi.nii.gz,21.0,68.0,,,,4.18,,5.0,1.0,1949-08-12,2018-07-23,train,False,,val,ses-008702,sub-007860,p0052021,,https://ceib.cipf.es/xnat2/data/projects/p0052021/experiments/XNAT03_E06047?format=html,21,68,,,,4.180000000000000,,[5],1,True,"JUICIO JUICIO Valoración de paciente con adenocarcinoma de próstata Gleason 3 +3 . Aumento de la consistencia ligera en la glándula valoración de la afectación extra glandular


TÉCNICA:
Se realizan cortes axiales, sagitales y coronales utilizando secuencias TSE-T1, TSE-T2 sin y con saturación de la grasa; incluyendo estudio de alta resolución. Se complementa el estudio con cortes dinámicos (axiales-SPIR) tras la administración de gadolinio intravenoso y tardíos T1 y T1-SPIR.

INFORME:

Próstata de volumen conservado
Área nodular mal definida de baja señal localizada en los segmentos posteriores medios y apicales del lóbulo periférico izquierdo con marcados signos de restricción de señal compatible con el diagnóstico de adenocarcinoma.
La lesión mide aproximadamente 15 mm contacta con la capsula que se encuentra ligeramente desdibujada sugiriendo infiltración  y mínima afectación extracapsular.
El resto de los lóbulos y la zona transicional no muestran alteraciones destacables. La raíz es seminales están preservadas
Vejiga y recto sin alteraciones.
No se observan adenopatías, alteraciones de señal en los elementos óseos estudiados ni otros hallazgos reseñables en los cortes obtenidos.

CONCLUSIÓN:

Lesión PIRADS 5  en s.posteriores del lóbulo periférico izquierdo con  posible afectación mínima extra capsular
",XNAT03_S03635,XNAT03_E06047
sub-007151,ses-007836,/mnt/ceib/datalake/FISABIO_datalake/prueba/p0052021_reborn/sub-007151/ses-007836/mim-mr/anat/sub-007151_ses-007836_acq-fse_run-8_bp-prostate_vp-ax_T2w.nii.gz,/mnt/ceib/datalake/FISABIO_datalake/prueba/p0052021_reborn/sub-007151/ses-007836/mim-mr/dwi/sub-007151_ses-007836_acq-bvalue_run-7_bp-prostate_vp-ax_dwi.nii.gz,/mnt/ceib/datalake/FISABIO_datalake/prueba/p0052021_reborn/sub-007151/ses-007836/mim-mr/dwi/sub-007151_ses-007836_acq-adc_run-701_bp-prostate_vp-ax_dwi.nii.gz,21.0,68.0,,,,5.19,27.955200000000005,,1.0,1943-07-28,2012-01-12,train,False,,val,ses-007836,sub-007151,p0052021,,https://ceib.cipf.es/xnat2/data/projects/p0052021/experiments/XNAT03_E05173?format=html,21,68,,,,5.190000000000000,27.9552,5,1,True,"
PACIENTE: <NAME> <NAME>, <NAME>
PRESCRIPCION:  Dr. <NAME> <NAME> <NAME>, 								FRANCISCO

<LOC> <LOC> , <FECHA> <FECHA> <FECHA> <FECHA> <FECHA>

RESONANCIA MAGNETICA DE PRÓSTATA:

JUICIO JUICIO
PSA Elevado, biopsia prostática con adenocarcinoma Glison 3+4.

TÉCNICA:
Se realizan cortes axiales, sagitales y coronales utilizando secuencias TSE-T1, TSE-T2 sin y con saturación de la grasa; incluyendo estudio de alta resolución. Se complementa el estudio con cortes dinámicos (axiales-SPIR) tras la administración de gadolinio intravenoso y tardíos T1 y T1-SPIR.

INFORME:
Glándula prostática ligeremente aumentada de tamaño, mide aproximadamente 4,2 x 3,2 x 4 cm (diámetros T x AP x CC). Es de intensidad de señal heterogénea con hipointensidad difusa de la zona periférica así como ligera entorno a la zona transicional, a correlacionar con antecedentes (quirúrgicos, prostatitis previa, etc.). Entorno a la zona transicional posterior del lóbulo prostático izquierdo, y en la base de la glándula se visualiza imagen de morfología ligeramente triangular que mide aproximadamene 0,5 cm de diámetro mayor. Se corresponde con área de restricción de la difusión en secuencias con valor de B 1500. No presenta curva de cinética de captación alteradas. No se aprecia extensión al lóbulo contralateral, afectación de la uretra prostática, vesículas seminales o cuello vesical. Hallazgos en probable relación con lesión PI-RADS 5.
Vejiga de pared trabecular, con algún divertículo que sugiere vejiga de lucha. Por la morfología de la misma no se descarta completamente componente de vejiga neurogénica. A correlacionar con clínica, exploración física mediante técnicas complementarias si procede.
Recto sin alteraciones.
No se visualizan adenopatías locorregionales, en cadenas ilíacas o inguinales de tamaño o aspecto patológico.
No se aprecia líquido libre en pelvis.
Resto de estructura valorables mediante esta técnica, sin alteraciones significativas.

CONCLUSIÓN:
Lesión PI-RADS 5 entorno a la zona transicional posterior de la base de la glándula en el lóbulo prostático izquierdo, según las características descritas en el informe.
Vejiga de lucha. Por la morfología de la misma, no se descarta componente de gen neurogénica. A correlacionar con clínica, antecedentes y técnicas complementarias si procede.
Sin otros hallazgos significativos.

SAN <LOC> ,  <FECHA> <FECHA> <FECHA> <FECHA> <FECHA>

Fdo:  <NAME> <NAME>, <NAME> <NAME>
Médico Radiólogo. Colegiado Nº: <NUM>

",XNAT03_S02920,XNAT03_E05173
sub-007151,ses-007836,/mnt/ceib/datalake/FISABIO_datalake/prueba/p0052021_reborn/sub-007151/ses-007836/mim-mr/anat/sub-007151_ses-007836_acq-fse_run-6_bp-prostate_vp-ax_T2w.nii.gz,/mnt/ceib/datalake/FISABIO_datalake/prueba/p0052021_reborn/sub-007151/ses-007836/mim-mr/dwi/sub-007151_ses-007836_acq-bvalue_run-7_bp-prostate_vp-ax_dwi.nii.gz,/mnt/ceib/datalake/FISABIO_datalake/prueba/p0052021_reborn/sub-007151/ses-007836/mim-mr/dwi/sub-007151_ses-007836_acq-adc_run-701_bp-prostate_vp-ax_dwi.nii.gz,21.0,68.0,,,,5.19,27.955200000000005,,1.0,1943-07-28,2012-01-12,train,False,,val,ses-007836,sub-007151,p0052021,,https://ceib.cipf.es/xnat2/data/projects/p0052021/experiments/XNAT03_E05173?format=html,21,68,,,,5.190000000000000,27.9552,5,1,True,"
PACIENTE: <NAME> <NAME>, <NAME>
PRESCRIPCION:  Dr. <NAME> <NAME> <NAME>, 								FRANCISCO

<LOC> <LOC> , <FECHA> <FECHA> <FECHA> <FECHA> <FECHA>

RESONANCIA MAGNETICA DE PRÓSTATA:

JUICIO JUICIO
PSA Elevado, biopsia prostática con adenocarcinoma Glison 3+4.

TÉCNICA:
Se realizan cortes axiales, sagitales y coronales utilizando secuencias TSE-T1, TSE-T2 sin y con saturación de la grasa; incluyendo estudio de alta resolución. Se complementa el estudio con cortes dinámicos (axiales-SPIR) tras la administración de gadolinio intravenoso y tardíos T1 y T1-SPIR.

INFORME:
Glándula prostática ligeremente aumentada de tamaño, mide aproximadamente 4,2 x 3,2 x 4 cm (diámetros T x AP x CC). Es de intensidad de señal heterogénea con hipointensidad difusa de la zona periférica así como ligera entorno a la zona transicional, a correlacionar con antecedentes (quirúrgicos, prostatitis previa, etc.). Entorno a la zona transicional posterior del lóbulo prostático izquierdo, y en la base de la glándula se visualiza imagen de morfología ligeramente triangular que mide aproximadamene 0,5 cm de diámetro mayor. Se corresponde con área de restricción de la difusión en secuencias con valor de B 1500. No presenta curva de cinética de captación alteradas. No se aprecia extensión al lóbulo contralateral, afectación de la uretra prostática, vesículas seminales o cuello vesical. Hallazgos en probable relación con lesión PI-RADS 5.
Vejiga de pared trabecular, con algún divertículo que sugiere vejiga de lucha. Por la morfología de la misma no se descarta completamente componente de vejiga neurogénica. A correlacionar con clínica, exploración física mediante técnicas complementarias si procede.
Recto sin alteraciones.
No se visualizan adenopatías locorregionales, en cadenas ilíacas o inguinales de tamaño o aspecto patológico.
No se aprecia líquido libre en pelvis.
Resto de estructura valorables mediante esta técnica, sin alteraciones significativas.

CONCLUSIÓN:
Lesión PI-RADS 5 entorno a la zona transicional posterior de la base de la glándula en el lóbulo prostático izquierdo, según las características descritas en el informe.
Vejiga de lucha. Por la morfología de la misma, no se descarta componente de gen neurogénica. A correlacionar con clínica, antecedentes y técnicas complementarias si procede.
Sin otros hallazgos significativos.

SAN <LOC> ,  <FECHA> <FECHA> <FECHA> <FECHA> <FECHA>

Fdo:  <NAME> <NAME>, <NAME> <NAME>
Médico Radiólogo. Colegiado Nº: <NUM>

",XNAT03_S02920,XNAT03_E05173
sub-007172,ses-007858,/mnt/ceib/datalake/FISABIO_datalake/prueba/p0052021_reborn/sub-007172/ses-007858/mim-mr/anat/sub-007172_ses-007858_acq-fse_run-9_bp-prostate_vp-ax_T2w.nii.gz,/mnt/ceib/datalake/FISABIO_datalake/prueba/p0052021_reborn/sub-007172/ses-007858/mim-mr/dwi/sub-007172_ses-007858_acq-bvalue_run-8_bp-prostate_vp-ax_dwi.nii.gz,/mnt/ceib/datalake/FISABIO_datalake/prueba/p0052021_reborn/sub-007172/ses-007858/mim-mr/dwi/sub-007172_ses-007858_acq-adc_run-800_bp-prostate_vp-ax_dwi.nii.gz,21.0,63.0,,,,13.1,51.324000000000005,5.0,0.0,1949-01-24,2012-03-21,train,False,,val,ses-007858,sub-007172,p0052021,,https://ceib.cipf.es/xnat2/data/projects/p0052021/experiments/XNAT03_E05861?format=html,21,63,,,,13.10000000000000,51.32400000000001,"[5, 5, 4]",1,True,"
PACIENTE: <NAME>  <NAME>, <NAME>
PRESCRIPCION:  Dr. <NAME> <NAME>, <NAME> <NAME>
<LOC> <LOC> , <FECHA> <FECHA> <FECHA> <FECHA> <FECHA>

RESONANCIA MAGNETICA DE PRÓSTATA:

JUICIO JUICIO
Adenocarcinoma de próstata lóbulo derecho Gleason 3+3 lóbulo izquierdo Gleason  3+4.

TÉCNICA:
Se realizan cortes axiales, sagitales y coronales utilizando secuencias TSE-T1, TSE-T2 sin y con saturación de la grasa; incluyendo estudio de alta resolución. Se complementa el estudio con cortes dinámicos (axiales-SPIR) tras la administración de gadolinio intravenoso y tardíos T1 y T1-SPIR.

INFORME:
Glándula prostática aumentada de tamaño, mide aproximadamente 6 x 3,5 x 4,7 cm (diámetros T x AP x CC). Es de intensidad de señal heterogénea, con algunas áreas hiperintensas entorno a la zona transicional que sugieren adenomas en relación con hiperplasia benigna de próstata. En secuencias T1, tras administración de gadolíneo, se visualiza alguna hiperintensidad probablemente secundaria a sangrado post-biopsia. En torno a la glándula media, y la zona transicional anterior, posterior y periférica posterolateral, se visualiza imagen hipointensa de bordes mal definidos que mide aproximadamente 2 cm. de diámetro mayor. Se corresponde con áreas de restricción de la difusión con valor de 1500. No presenta signos de extensión extracapsular, invasión de uretra prostática, cuello vesical o vesícula seminales.
Se aprecia hipointensidad en morfología de cuña afectando a la zona periférica del lóbulo prostático derecho, en torno a la base y glándula media. No condiciona restricción de la difusión significativa y presenta realce tras administración de gadolíneo. No se aprecian signos de extensión extracapsular o invasión  estructural de sinas.
Hallazgos en relación con lesiones BI-RADS 5 en lóbulo prostático derecho y  4 en la zona periférica del lóbulo prostático izquierdo.
Trabeculación y engrosamiento difuso en la pared vesical, en probable relación vejiga de lucha.
Recto sin alteraciones.
No se visualizan adenopatías en cadenas ilíacas o inguinales de tamaño o aspecto patológico.
Sin otros hallazgos significativos.

CONCLUSIÓN:
Lesiones BI-RADS 5 y 4 en lóbulo prostático derecho e izquierdo respectivamente, según las características descritas en el informe. No presentan signos de extension extracapsular o invasión a estructruras de sinas.
Vejiga de lucha.
Incidentalmente se aprecia testículo izquierdo en el aspecto distal del canal inguinal. A correlacionar con exploración física, clínica.
Sin otros hallazgos significativos.
SAN BARTOLOME ,  4 de MAYO de 2017
Fdo:  <NAME> <NAME>, <NAME> <NAME>
Médico Radiólogo. Colegiado Nº: <NUM>


",XNAT03_S03491,XNAT03_E05861
sub-007172,ses-007858,/mnt/ceib/datalake/FISABIO_datalake/prueba/p0052021_reborn/sub-007172/ses-007858/mim-mr/anat/sub-007172_ses-007858_acq-fse_run-10_bp-prostate_vp-ax_T2w.nii.gz,/mnt/ceib/datalake/FISABIO_datalake/prueba/p0052021_reborn/sub-007172/ses-007858/mim-mr/dwi/sub-007172_ses-007858_acq-bvalue_run-8_bp-prostate_vp-ax_dwi.nii.gz,/mnt/ceib/datalake/FISABIO_datalake/prueba/p0052021_reborn/sub-007172/ses-007858/mim-mr/dwi/sub-007172_ses-007858_acq-adc_run-800_bp-prostate_vp-ax_dwi.nii.gz,21.0,63.0,,,,13.1,51.324000000000005,5.0,0.0,1949-01-24,2012-03-21,train,False,,val,ses-007858,sub-007172,p0052021,,https://ceib.cipf.es/xnat2/data/projects/p0052021/experiments/XNAT03_E05861?format=html,21,63,,,,13.10000000000000,51.32400000000001,"[5, 5, 4]",1,True,"
PACIENTE: <NAME>  <NAME>, <NAME>
PRESCRIPCION:  Dr. <NAME> <NAME>, <NAME> <NAME>
<LOC> <LOC> , <FECHA> <FECHA> <FECHA> <FECHA> <FECHA>

RESONANCIA MAGNETICA DE PRÓSTATA:

JUICIO JUICIO
Adenocarcinoma de próstata lóbulo derecho Gleason 3+3 lóbulo izquierdo Gleason  3+4.

TÉCNICA:
Se realizan cortes axiales, sagitales y coronales utilizando secuencias TSE-T1, TSE-T2 sin y con saturación de la grasa; incluyendo estudio de alta resolución. Se complementa el estudio con cortes dinámicos (axiales-SPIR) tras la administración de gadolinio intravenoso y tardíos T1 y T1-SPIR.

INFORME:
Glándula prostática aumentada de tamaño, mide aproximadamente 6 x 3,5 x 4,7 cm (diámetros T x AP x CC). Es de intensidad de señal heterogénea, con algunas áreas hiperintensas entorno a la zona transicional que sugieren adenomas en relación con hiperplasia benigna de próstata. En secuencias T1, tras administración de gadolíneo, se visualiza alguna hiperintensidad probablemente secundaria a sangrado post-biopsia. En torno a la glándula media, y la zona transicional anterior, posterior y periférica posterolateral, se visualiza imagen hipointensa de bordes mal definidos que mide aproximadamente 2 cm. de diámetro mayor. Se corresponde con áreas de restricción de la difusión con valor de 1500. No presenta signos de extensión extracapsular, invasión de uretra prostática, cuello vesical o vesícula seminales.
Se aprecia hipointensidad en morfología de cuña afectando a la zona periférica del lóbulo prostático derecho, en torno a la base y glándula media. No condiciona restricción de la difusión significativa y presenta realce tras administración de gadolíneo. No se aprecian signos de extensión extracapsular o invasión  estructural de sinas.
Hallazgos en relación con lesiones BI-RADS 5 en lóbulo prostático derecho y  4 en la zona periférica del lóbulo prostático izquierdo.
Trabeculación y engrosamiento difuso en la pared vesical, en probable relación vejiga de lucha.
Recto sin alteraciones.
No se visualizan adenopatías en cadenas ilíacas o inguinales de tamaño o aspecto patológico.
Sin otros hallazgos significativos.

CONCLUSIÓN:
Lesiones BI-RADS 5 y 4 en lóbulo prostático derecho e izquierdo respectivamente, según las características descritas en el informe. No presentan signos de extension extracapsular o invasión a estructruras de sinas.
Vejiga de lucha.
Incidentalmente se aprecia testículo izquierdo en el aspecto distal del canal inguinal. A correlacionar con exploración física, clínica.
Sin otros hallazgos significativos.
SAN BARTOLOME ,  4 de MAYO de 2017
Fdo:  <NAME> <NAME>, <NAME> <NAME>
Médico Radiólogo. Colegiado Nº: <NUM>


",XNAT03_S03491,XNAT03_E05861
sub-007172,ses-007858,/mnt/ceib/datalake/FISABIO_datalake/prueba/p0052021_reborn/sub-007172/ses-007858/mim-mr/anat/sub-007172_ses-007858_acq-fse_run-7_bp-prostate_vp-ax_T2w.nii.gz,/mnt/ceib/datalake/FISABIO_datalake/prueba/p0052021_reborn/sub-007172/ses-007858/mim-mr/dwi/sub-007172_ses-007858_acq-bvalue_run-8_bp-prostate_vp-ax_dwi.nii.gz,/mnt/ceib/datalake/FISABIO_datalake/prueba/p0052021_reborn/sub-007172/ses-007858/mim-mr/dwi/sub-007172_ses-007858_acq-adc_run-800_bp-prostate_vp-ax_dwi.nii.gz,21.0,63.0,,,,13.1,51.324000000000005,5.0,0.0,1949-01-24,2012-03-21,train,False,,val,ses-007858,sub-007172,p0052021,,https://ceib.cipf.es/xnat2/data/projects/p0052021/experiments/XNAT03_E05861?format=html,21,63,,,,13.10000000000000,51.32400000000001,"[5, 5, 4]",1,True,"
PACIENTE: <NAME>  <NAME>, <NAME>
PRESCRIPCION:  Dr. <NAME> <NAME>, <NAME> <NAME>
<LOC> <LOC> , <FECHA> <FECHA> <FECHA> <FECHA> <FECHA>

RESONANCIA MAGNETICA DE PRÓSTATA:

JUICIO JUICIO
Adenocarcinoma de próstata lóbulo derecho Gleason 3+3 lóbulo izquierdo Gleason  3+4.

TÉCNICA:
Se realizan cortes axiales, sagitales y coronales utilizando secuencias TSE-T1, TSE-T2 sin y con saturación de la grasa; incluyendo estudio de alta resolución. Se complementa el estudio con cortes dinámicos (axiales-SPIR) tras la administración de gadolinio intravenoso y tardíos T1 y T1-SPIR.

INFORME:
Glándula prostática aumentada de tamaño, mide aproximadamente 6 x 3,5 x 4,7 cm (diámetros T x AP x CC). Es de intensidad de señal heterogénea, con algunas áreas hiperintensas entorno a la zona transicional que sugieren adenomas en relación con hiperplasia benigna de próstata. En secuencias T1, tras administración de gadolíneo, se visualiza alguna hiperintensidad probablemente secundaria a sangrado post-biopsia. En torno a la glándula media, y la zona transicional anterior, posterior y periférica posterolateral, se visualiza imagen hipointensa de bordes mal definidos que mide aproximadamente 2 cm. de diámetro mayor. Se corresponde con áreas de restricción de la difusión con valor de 1500. No presenta signos de extensión extracapsular, invasión de uretra prostática, cuello vesical o vesícula seminales.
Se aprecia hipointensidad en morfología de cuña afectando a la zona periférica del lóbulo prostático derecho, en torno a la base y glándula media. No condiciona restricción de la difusión significativa y presenta realce tras administración de gadolíneo. No se aprecian signos de extensión extracapsular o invasión  estructural de sinas.
Hallazgos en relación con lesiones BI-RADS 5 en lóbulo prostático derecho y  4 en la zona periférica del lóbulo prostático izquierdo.
Trabeculación y engrosamiento difuso en la pared vesical, en probable relación vejiga de lucha.
Recto sin alteraciones.
No se visualizan adenopatías en cadenas ilíacas o inguinales de tamaño o aspecto patológico.
Sin otros hallazgos significativos.

CONCLUSIÓN:
Lesiones BI-RADS 5 y 4 en lóbulo prostático derecho e izquierdo respectivamente, según las características descritas en el informe. No presentan signos de extension extracapsular o invasión a estructruras de sinas.
Vejiga de lucha.
Incidentalmente se aprecia testículo izquierdo en el aspecto distal del canal inguinal. A correlacionar con exploración física, clínica.
Sin otros hallazgos significativos.
SAN BARTOLOME ,  4 de MAYO de 2017
Fdo:  <NAME> <NAME>, <NAME> <NAME>
Médico Radiólogo. Colegiado Nº: <NUM>


",XNAT03_S03491,XNAT03_E05861
sub-007819,ses-008649,/mnt/ceib/datalake/FISABIO_datalake/prueba/p0052021_reborn/sub-007819/ses-008649/mim-mr/anat/sub-007819_ses-008649_acq-fse_run-8_bp-prostate_vp-ax_T2w.nii.gz,/mnt/ceib/datalake/FISABIO_datalake/prueba/p0052021_reborn/sub-007819/ses-008649/mim-mr/dwi/sub-007819_ses-008649_acq-bvalue_run-7_bp-prostate_vp-ax_dwi.nii.gz,/mnt/ceib/datalake/FISABIO_datalake/prueba/p0052021_reborn/sub-007819/ses-008649/mim-mr/dwi/sub-007819_ses-008649_acq-adc_run-700_bp-prostate_vp-ax_dwi.nii.gz,21.0,69.0,,,,5.06,2.756,,1.0,1945-01-18,2014-12-18,train,False,,val,ses-008649,sub-007819,p0052021,,https://ceib.cipf.es/xnat2/data/projects/p0052021/experiments/XNAT03_E06476?format=html,21,69,,,,5.060000000000000,2.756,,1,True,"





PACIENTE: <NAME> <NAME>, <NAME>
PRESCRIPCION:  Dr.  <NAME> <NAME>

<LOC> <LOC> , <FECHA> <FECHA> <FECHA> <FECHA> <FECHA>



RESONANCIA MAGNETICA DE PROSTATA  :

JUICIO JUICIO
Valoración en paciente con adenocarcinoma prostático.

TECNICA:
Se realizan secuencias T2/TSE/sagital, T1/TSE/axial, T2/TSE/axial, T2/TSE/coronal, T2/TSE/axial, T1/TSE/axial, DWI/axial, axial dinámico con gadolinio, tardío TSE/axial con gadolinio.

INFORME:
Próstata correctamente definida de aproximadamente 53 mm de diámetro mayor transverso. El parénquima pancreático muestra una intensidad de señal uniformemente hipointensa en T1 y principalmente hipointensa en T2. En el lóbulo izquierdo, se pone de manifiesto una alteración focal de señal de aspecto ovalado, de 18 mm que aparece hipointensa en T2 y está reflejada en la difusión. Esta anomalía muestra una pérdida de señal en el mapa ADC y capta contraste sobre todo en la fase arterial. El resto de la glándula muestra un comportamiento inespecífico que hay que valorar con el resto de las exploraciones.
La cápsula prostática está íntegra.
Morfología normal de vesículas seminales.
Intensidad de señal normal de la grasa pélvica.
No se ponen de manifiesto adenomegalias pélvicas.

CONCLUSIÓN:
Alteración estructural focal de 18 mm en el lóbulo prostático derecho que puede relacionarse con la neoplasia diagnosticada. En principio, se trataría de un estadío T2 N0 por resonancia.



SAN <LOC> ,  <FECHA> <FECHA> <FECHA> <FECHA> <FECHA>

Fdo:  <NAME> <NAME>, <NAME>
Médico Radiólogo. Colegiado Nº: <NUM>

",XNAT03_S03990,XNAT03_E06476
sub-007819,ses-008649,/mnt/ceib/datalake/FISABIO_datalake/prueba/p0052021_reborn/sub-007819/ses-008649/mim-mr/anat/sub-007819_ses-008649_acq-fse_run-6_bp-prostate_vp-ax_T2w.nii.gz,/mnt/ceib/datalake/FISABIO_datalake/prueba/p0052021_reborn/sub-007819/ses-008649/mim-mr/dwi/sub-007819_ses-008649_acq-bvalue_run-7_bp-prostate_vp-ax_dwi.nii.gz,/mnt/ceib/datalake/FISABIO_datalake/prueba/p0052021_reborn/sub-007819/ses-008649/mim-mr/dwi/sub-007819_ses-008649_acq-adc_run-700_bp-prostate_vp-ax_dwi.nii.gz,21.0,69.0,,,,5.06,2.756,,1.0,1945-01-18,2014-12-18,train,False,,val,ses-008649,sub-007819,p0052021,,https://ceib.cipf.es/xnat2/data/projects/p0052021/experiments/XNAT03_E06476?format=html,21,69,,,,5.060000000000000,2.756,,1,True,"





PACIENTE: <NAME> <NAME>, <NAME>
PRESCRIPCION:  Dr.  <NAME> <NAME>

<LOC> <LOC> , <FECHA> <FECHA> <FECHA> <FECHA> <FECHA>



RESONANCIA MAGNETICA DE PROSTATA  :

JUICIO JUICIO
Valoración en paciente con adenocarcinoma prostático.

TECNICA:
Se realizan secuencias T2/TSE/sagital, T1/TSE/axial, T2/TSE/axial, T2/TSE/coronal, T2/TSE/axial, T1/TSE/axial, DWI/axial, axial dinámico con gadolinio, tardío TSE/axial con gadolinio.

INFORME:
Próstata correctamente definida de aproximadamente 53 mm de diámetro mayor transverso. El parénquima pancreático muestra una intensidad de señal uniformemente hipointensa en T1 y principalmente hipointensa en T2. En el lóbulo izquierdo, se pone de manifiesto una alteración focal de señal de aspecto ovalado, de 18 mm que aparece hipointensa en T2 y está reflejada en la difusión. Esta anomalía muestra una pérdida de señal en el mapa ADC y capta contraste sobre todo en la fase arterial. El resto de la glándula muestra un comportamiento inespecífico que hay que valorar con el resto de las exploraciones.
La cápsula prostática está íntegra.
Morfología normal de vesículas seminales.
Intensidad de señal normal de la grasa pélvica.
No se ponen de manifiesto adenomegalias pélvicas.

CONCLUSIÓN:
Alteración estructural focal de 18 mm en el lóbulo prostático derecho que puede relacionarse con la neoplasia diagnosticada. En principio, se trataría de un estadío T2 N0 por resonancia.



SAN <LOC> ,  <FECHA> <FECHA> <FECHA> <FECHA> <FECHA>

Fdo:  <NAME> <NAME>, <NAME>
Médico Radiólogo. Colegiado Nº: <NUM>

",XNAT03_S03990,XNAT03_E06476
sub-007587,ses-008365,/mnt/ceib/datalake/FISABIO_datalake/prueba/p0052021_reborn/sub-007587/ses-008365/mim-mr/anat/sub-007587_ses-008365_acq-fse_run-8_bp-prostate_vp-ax_T2w.nii.gz,/mnt/ceib/datalake/FISABIO_datalake/prueba/p0052021_reborn/sub-007587/ses-008365/mim-mr/dwi/sub-007587_ses-008365_acq-bvalue_run-6_bp-prostate_vp-ax_dwi.nii.gz,/mnt/ceib/datalake/FISABIO_datalake/prueba/p0052021_reborn/sub-007587/ses-008365/mim-mr/dwi/sub-007587_ses-008365_acq-adc_run-600_bp-prostate_vp-ax_dwi.nii.gz,21.0,83.0,,,,3.8,,5.0,1.0,1930-09-18,2014-06-26,train,False,,val,ses-008365,sub-007587,p0052021,,https://ceib.cipf.es/xnat2/data/projects/p0052021/experiments/XNAT03_E05547?format=html,21,83,,,,3.800000000000000,,[5],1,True,"Información clinica: Paciente con cancer de prostata en tratamiento hormal. Aumento de PSA.

Técnica: Se realiza RM  de próstata con secuencias sagitales, axiales y coronales T1, T2, T2 FATSAT, difusión y estudio dinámico tras la administración de gadolinio i.v.

Hallazgos:
Próstata discretamtente aumentada de volumen de 28 x 45 x 39 mm (26 cc).
Se identirica una lesión hipointensa en T2 en zona periférirca y central que se exiente afectando a la base, media y ápex del lóbulo prostático izquierdo, presenta marcada restricción de la difusión y  captación tras la administración de contraste,  mide aproximadamente 21 x 19 mm de diámetros axiales, compatible con lesión PRIADS 5.
Asocia prostusión capsular posterior izquierda, rectifiación del ángulo rectoprostático y asimetría en paquete vasculo-nervioso izquierdo compatible con signos de extensión extracasular.
Se observa una alteración de la señal a nivel de la base de la vesícula seminal izquierda por lo que no se puede descartar infiltración de la misma, presenta también una alteración de la señal del líquido (hiperintenso en T1 e hipointenso T2) compatible con restos hemáticos.

Incidentalmente, se observa pequeño quiste en músculo obturador inerno izquierdo que no presenta captación significativa de contraste ni restringe en seucencias de difusión.

CONCLUSIÓN:
Lesión en lóbulo prostático izquierdo de afecta a la zona periferica y central de la base, medio y apéx del LPI (PIRADS 5) con signos de extensión extracapsular. Alteración de la señal de la base de la glándula prostática izquierda por  por lo que no se puede descartar infiltración de la misma.
",XNAT03_S03238,XNAT03_E05547
sub-007587,ses-008365,/mnt/ceib/datalake/FISABIO_datalake/prueba/p0052021_reborn/sub-007587/ses-008365/mim-mr/anat/sub-007587_ses-008365_acq-fse_run-7_bp-prostate_vp-ax_T2w.nii.gz,/mnt/ceib/datalake/FISABIO_datalake/prueba/p0052021_reborn/sub-007587/ses-008365/mim-mr/dwi/sub-007587_ses-008365_acq-bvalue_run-6_bp-prostate_vp-ax_dwi.nii.gz,/mnt/ceib/datalake/FISABIO_datalake/prueba/p0052021_reborn/sub-007587/ses-008365/mim-mr/dwi/sub-007587_ses-008365_acq-adc_run-600_bp-prostate_vp-ax_dwi.nii.gz,21.0,83.0,,,,3.8,,5.0,1.0,1930-09-18,2014-06-26,train,False,,val,ses-008365,sub-007587,p0052021,,https://ceib.cipf.es/xnat2/data/projects/p0052021/experiments/XNAT03_E05547?format=html,21,83,,,,3.800000000000000,,[5],1,True,"Información clinica: Paciente con cancer de prostata en tratamiento hormal. Aumento de PSA.

Técnica: Se realiza RM  de próstata con secuencias sagitales, axiales y coronales T1, T2, T2 FATSAT, difusión y estudio dinámico tras la administración de gadolinio i.v.

Hallazgos:
Próstata discretamtente aumentada de volumen de 28 x 45 x 39 mm (26 cc).
Se identirica una lesión hipointensa en T2 en zona periférirca y central que se exiente afectando a la base, media y ápex del lóbulo prostático izquierdo, presenta marcada restricción de la difusión y  captación tras la administración de contraste,  mide aproximadamente 21 x 19 mm de diámetros axiales, compatible con lesión PRIADS 5.
Asocia prostusión capsular posterior izquierda, rectifiación del ángulo rectoprostático y asimetría en paquete vasculo-nervioso izquierdo compatible con signos de extensión extracasular.
Se observa una alteración de la señal a nivel de la base de la vesícula seminal izquierda por lo que no se puede descartar infiltración de la misma, presenta también una alteración de la señal del líquido (hiperintenso en T1 e hipointenso T2) compatible con restos hemáticos.

Incidentalmente, se observa pequeño quiste en músculo obturador inerno izquierdo que no presenta captación significativa de contraste ni restringe en seucencias de difusión.

CONCLUSIÓN:
Lesión en lóbulo prostático izquierdo de afecta a la zona periferica y central de la base, medio y apéx del LPI (PIRADS 5) con signos de extensión extracapsular. Alteración de la señal de la base de la glándula prostática izquierda por  por lo que no se puede descartar infiltración de la misma.
",XNAT03_S03238,XNAT03_E05547
sub-006672,ses-007274,/mnt/ceib/datalake/FISABIO_datalake/prueba/p0052021_reborn/sub-006672/ses-007274/mim-mr/anat/sub-006672_ses-007274_acq-fse_run-6_bp-prostate_vp-ax_T2w.nii.gz,/mnt/ceib/datalake/FISABIO_datalake/prueba/p0052021_reborn/sub-006672/ses-007274/mim-mr/dwi/sub-006672_ses-007274_acq-bvalue_run-8_bp-prostate_vp-ax_dwi.nii.gz,/mnt/ceib/datalake/FISABIO_datalake/prueba/p0052021_reborn/sub-006672/ses-007274/mim-mr/dwi/sub-006672_ses-007274_acq-adc_run-801_bp-prostate_vp-ax_dwi.nii.gz,21.0,80.0,,,,,,,1.0,1925-08-03,2006-07-27,train,False,,val,ses-007274,sub-006672,p0052021,,https://ceib.cipf.es/xnat2/data/projects/p0052021/experiments/XNAT03_E05055?format=html,21,80,,,,,,4,1,True,"



PACIENTE: <NAME> <NAME>, <NAME>
PRESCRIPCION:  Dr.

<LOC> <LOC> , <FECHA> <FECHA> <FECHA> <FECHA> <FECHA>




RESONANCIA MAGNETICA DE PRÓSTATA:

JUICIO JUICIO
Adenocarcinoma de próstata. Valorar organoconfinamiento.

TÉCNICA:
Se realizan cortes axiales, sagitales y coronales utilizando secuencias TSE-T1, TSE-T2 sin y con saturación de la grasa; incluyendo estudio de alta resolución. Se complementa el estudio con cortes dinámicos (axiales-SPIR) tras la administración de gadolinio intravenoso y tardíos T1 y T1-SPIR.

INFORME:
Próstata heterogénea principalmente en su zona transicional, con hipointensidad en T2 en las vertientes posteriores de ambos lóbulos periféricos inmediatamente por debajo de la unión de las vesículas seminales principalmente evidente en la izquierda donde muestra un realce precoz tras la administración de contraste, mostrando en la unión posterior de ambos lóbulos un par de imágenes quísticas que protruyen posteriormente, siendo dificil valorar en este punto si la lesión puede exceder la cápsula prostática. En cualquier caso no parece que lo haga de manera evidente por lo que cabe considerarla como un estacío T2 si bien existe una pequeña adenopatía redondeada sospechosa adyacente a la vertiente izquierda de la próstata existiendo otro ganglio indeterminado en cadena ilíaca común izquierda.
Cambios degenerativos en L5-S1 mostrando un pequeño foco posiblemente escleroso en la vertiente derecha del sacro de escasamente 5 mm muy bien delimitado y que probablemente corresponda a un pequeño islote óseo.

CONCLUSIÓN:
Próstata heterogénea con alteración de señal fundamentalmente  en el lóbulo periférico izquierdo inmediatamente por debajo de la unión de las vesículas seminales sin que pueda demostrarse afectación extracapsular con lo que posiblemente corresponda a un estadío T2 aunque con una pequeña adenopatía sospechosa adyacente a la vertiente izquierda de la próstata.


",XNAT03_S02821,XNAT03_E05055
sub-006672,ses-007274,/mnt/ceib/datalake/FISABIO_datalake/prueba/p0052021_reborn/sub-006672/ses-007274/mim-mr/anat/sub-006672_ses-007274_acq-fse_run-7_bp-prostate_vp-ax_T2w.nii.gz,/mnt/ceib/datalake/FISABIO_datalake/prueba/p0052021_reborn/sub-006672/ses-007274/mim-mr/dwi/sub-006672_ses-007274_acq-bvalue_run-8_bp-prostate_vp-ax_dwi.nii.gz,/mnt/ceib/datalake/FISABIO_datalake/prueba/p0052021_reborn/sub-006672/ses-007274/mim-mr/dwi/sub-006672_ses-007274_acq-adc_run-801_bp-prostate_vp-ax_dwi.nii.gz,21.0,80.0,,,,,,,1.0,1925-08-03,2006-07-27,train,False,,val,ses-007274,sub-006672,p0052021,,https://ceib.cipf.es/xnat2/data/projects/p0052021/experiments/XNAT03_E05055?format=html,21,80,,,,,,4,1,True,"



PACIENTE: <NAME> <NAME>, <NAME>
PRESCRIPCION:  Dr.

<LOC> <LOC> , <FECHA> <FECHA> <FECHA> <FECHA> <FECHA>




RESONANCIA MAGNETICA DE PRÓSTATA:

JUICIO JUICIO
Adenocarcinoma de próstata. Valorar organoconfinamiento.

TÉCNICA:
Se realizan cortes axiales, sagitales y coronales utilizando secuencias TSE-T1, TSE-T2 sin y con saturación de la grasa; incluyendo estudio de alta resolución. Se complementa el estudio con cortes dinámicos (axiales-SPIR) tras la administración de gadolinio intravenoso y tardíos T1 y T1-SPIR.

INFORME:
Próstata heterogénea principalmente en su zona transicional, con hipointensidad en T2 en las vertientes posteriores de ambos lóbulos periféricos inmediatamente por debajo de la unión de las vesículas seminales principalmente evidente en la izquierda donde muestra un realce precoz tras la administración de contraste, mostrando en la unión posterior de ambos lóbulos un par de imágenes quísticas que protruyen posteriormente, siendo dificil valorar en este punto si la lesión puede exceder la cápsula prostática. En cualquier caso no parece que lo haga de manera evidente por lo que cabe considerarla como un estacío T2 si bien existe una pequeña adenopatía redondeada sospechosa adyacente a la vertiente izquierda de la próstata existiendo otro ganglio indeterminado en cadena ilíaca común izquierda.
Cambios degenerativos en L5-S1 mostrando un pequeño foco posiblemente escleroso en la vertiente derecha del sacro de escasamente 5 mm muy bien delimitado y que probablemente corresponda a un pequeño islote óseo.

CONCLUSIÓN:
Próstata heterogénea con alteración de señal fundamentalmente  en el lóbulo periférico izquierdo inmediatamente por debajo de la unión de las vesículas seminales sin que pueda demostrarse afectación extracapsular con lo que posiblemente corresponda a un estadío T2 aunque con una pequeña adenopatía sospechosa adyacente a la vertiente izquierda de la próstata.


",XNAT03_S02821,XNAT03_E05055
sub-007475,ses-008235,/mnt/ceib/datalake/FISABIO_datalake/prueba/p0052021_reborn/sub-007475/ses-008235/mim-mr/anat/sub-007475_ses-008235_acq-fse_run-6_bp-prostate_vp-ax_T2w.nii.gz,/mnt/ceib/datalake/FISABIO_datalake/prueba/p0052021_reborn/sub-007475/ses-008235/mim-mr/dwi/sub-007475_ses-008235_acq-bvalue_run-7_bp-prostate_vp-ax_dwi.nii.gz,/mnt/ceib/datalake/FISABIO_datalake/prueba/p0052021_reborn/sub-007475/ses-008235/mim-mr/dwi/sub-007475_ses-008235_acq-adc_run-701_bp-prostate_vp-ax_dwi.nii.gz,21.0,73.0,,,,7.0,27.9864,,1.0,1939-09-30,2013-07-29,train,False,,val,ses-008235,sub-007475,p0052021,,https://ceib.cipf.es/xnat2/data/projects/p0052021/experiments/XNAT03_E05270?format=html,21,73,,,,7.000000000000000,27.9864,,1,True,"
PACIENTE: <NAME> <NAME>, <NAME>
PRESCRIPCION:  Dr.  <NAME>
<LOC> <LOC> , 5 de DICIEMBRE de 2016


RESONANCIA MAGNETICA DE PRÓSTATA:

JUICIO JUICIO
Adenocarcinoma Gleason 4 + 3 en lóbulo derecho de la próstata.

TÉCNICA:
Se realizan cortes axiales, sagitales y coronales utilizando secuencias TSE-T1, TSE-T2 sin y con saturación de la grasa; incluyendo estudio de alta resolución. Se complementa el estudio con cortes dinámicos (axiales-SPIR) tras la administración de gadolinio intravenoso y tardíos T1 y T1-SPIR.

INFORME:
Estudio de valor diagnóstico limitado ya que por fallo técnico no se puede realizar secuencias de difusión con valor de B alto (B 1500).
Glándula prostática ligeramente aumentada de tamaño, mide 4.6 x 3 x 3.9 cm (diámetros T x AP x CC). Es de intensidad de señal heterogénea, de predominio hiperintenso, en probable relación con adenoma e hiperplasia benigna de próstata.
En la zona periférica póstero-medial del lóbulo prostático izquierdo, a nivel de la media glándula y apex se visualiza lesión hipointensa de bodes mal definidos que mide aproximadamente 2 x 1.1 x 2 cm (diámetros T x AP x CC). La lesión parece extenderse mínimamente a la zona transicional posterior del lóbulo ipsilateral, así como a la zona periférica póstero-medial del lóbulo contralateral. Tras estudio con gadolinio presenta curva de cinética de captación sospechosa. Parece extenderse hasta la vesícula seminal ipsilateral.
No se observan signos de extensión extracapsular, infiltración de la uretra o vesícula seminal izquierda. Por fallos técnicos no se realizan secuencias de difusión con B alto.
Hallazgos en probable relación con neoplasia prostática.
No se observan adenopatías locorregionales, en cadenas iliacas o inguinales de tamaño o aspecto patológico.
Vejiga y recto sin alteraciones.
Discreta cantidad de líquido en torno a la inserción proximal de los isquio-tibiales, a valorar tendinopatía.
No se aprecian otras alteraciones de interés en el resto de partes blandas y óseas valorables mediante esta técnica.

CONCLUSIÓN:
Lesión en la zona periférica póstero-medial del lóbulo prostático derecho, según las características descritas en el informe, sugerente de neoplasia prostática.
Sin otros hallazgos significativos.


SAN <LOC> ,  <FECHA> <FECHA> <FECHA> <FECHA> <FECHA>

Fdo:  <NAME> <NAME>, <NAME> <NAME>
Médico Radiólogo. Colegiado Nº: <NUM>

 
PACIENTE: <NAME> <NAME>, <NAME>
PRESCRIPCION:  Dr.  <NAME>
<LOC> <LOC> , 5 de DICIEMBRE de 2016


RESONANCIA MAGNETICA RESONANCIA PRÃ_x0093_STATA:

JUICIO JUICIO
Adenocarcinoma Gleason 4 + 3 en lÃ³bulo derecho de la prÃ³stata.

TÃ_x0089_CNICA:
Se realizan cortes axiales, sagitales y coronales utilizando secuencias TSE-T1, TSE-T2 sin y con saturaciÃ³n de la grasa; incluyendo estudio de alta resoluciÃ³n. Se complementa el estudio con cortes dinÃ¡micos (axiales-SPIR) tras la administraciÃ³n de gadolinio intravenoso y tardÃ­os T1 y T1-SPIR.

INFORME:
Estudio de valor diagnÃ³stico limitado ya que por fallo tÃ©cnico no se puede realizar secuencias de difusiÃ³n con valor de B alto (B 1500).
GlÃ¡ndula prostÃ¡tica ligeramente aumentada de tamaÃ±o, mide 4.6 x 3 x 3.9 cm (diÃ¡metros T x AP x CC). Es de intensidad de seÃ±al heterogÃ©nea, de predominio hiperintenso, en probable relaciÃ³n con adenoma e hiperplasia benigna de prÃ³stata.
En la zona perifÃ©rica pÃ³stero-medial del lÃ³bulo prostÃ¡tico izquierdo, a nivel de la media glÃ¡ndula y apex se visualiza lesiÃ³n hipointensa de bodes mal definidos que mide aproximadamente 2 x 1.1 x 2 cm (diÃ¡metros T x AP x CC). La lesiÃ³n parece extenderse mÃ­nimamente a la zona transicional posterior del lÃ³bulo ipsilateral, asÃ­ como a la zona perifÃ©rica pÃ³stero-medial del lÃ³bulo contralateral. Tras estudio con gadolinio presenta curva de cinÃ©tica de captaciÃ³n sospechosa. Parece extenderse hasta la vesÃ­cula seminal ipsilateral.
No se observan signos de extensiÃ³n extracapsular, infiltraciÃ³n de la uretra o vesÃ­cula seminal izquierda. Por fallos tÃ©cnicos no se realizan secuencias de difusiÃ³n con B alto.
Hallazgos en probable relaciÃ³n con neoplasia prostÃ¡tica.
No se observan adenopatÃ­as locorregionales, en cadenas iliacas o inguinales de tamaÃ±o o aspecto patolÃ³gico.
Vejiga y recto sin alteraciones.
Discreta cantidad de lÃ­quido en torno a la inserciÃ³n proximal de los isquio-tibiales, a valorar tendinopatÃ­a.
No se aprecian otras alteraciones de interÃ©s en el resto de partes blandas y Ã³seas valorables mediante esta tÃ©cnica.

CONCLUSIÃ_x0093_N:
LesiÃ³n en la zona perifÃ©rica pÃ³stero-medial del lÃ³bulo prostÃ¡tico derecho, segÃºn las caracterÃ­sticas descritas en el informe, sugerente de neoplasia prostÃ¡tica.
Sin otros hallazgos significativos.


SAN <LOC> ,  <FECHA> <FECHA> <FECHA> <FECHA> <FECHA>

Fdo:  <NAME> <NAME>, <NAME> <NAME>
MÃ©dico RadiÃ³logo. Colegiado NÂº: <NUM>

",XNAT03_S02998,XNAT03_E05270
sub-007475,ses-008235,/mnt/ceib/datalake/FISABIO_datalake/prueba/p0052021_reborn/sub-007475/ses-008235/mim-mr/anat/sub-007475_ses-008235_acq-fse_run-8_bp-prostate_vp-ax_T2w.nii.gz,/mnt/ceib/datalake/FISABIO_datalake/prueba/p0052021_reborn/sub-007475/ses-008235/mim-mr/dwi/sub-007475_ses-008235_acq-bvalue_run-7_bp-prostate_vp-ax_dwi.nii.gz,/mnt/ceib/datalake/FISABIO_datalake/prueba/p0052021_reborn/sub-007475/ses-008235/mim-mr/dwi/sub-007475_ses-008235_acq-adc_run-701_bp-prostate_vp-ax_dwi.nii.gz,21.0,73.0,,,,7.0,27.9864,,1.0,1939-09-30,2013-07-29,train,False,,val,ses-008235,sub-007475,p0052021,,https://ceib.cipf.es/xnat2/data/projects/p0052021/experiments/XNAT03_E05270?format=html,21,73,,,,7.000000000000000,27.9864,,1,True,"
PACIENTE: <NAME> <NAME>, <NAME>
PRESCRIPCION:  Dr.  <NAME>
<LOC> <LOC> , 5 de DICIEMBRE de 2016


RESONANCIA MAGNETICA DE PRÓSTATA:

JUICIO JUICIO
Adenocarcinoma Gleason 4 + 3 en lóbulo derecho de la próstata.

TÉCNICA:
Se realizan cortes axiales, sagitales y coronales utilizando secuencias TSE-T1, TSE-T2 sin y con saturación de la grasa; incluyendo estudio de alta resolución. Se complementa el estudio con cortes dinámicos (axiales-SPIR) tras la administración de gadolinio intravenoso y tardíos T1 y T1-SPIR.

INFORME:
Estudio de valor diagnóstico limitado ya que por fallo técnico no se puede realizar secuencias de difusión con valor de B alto (B 1500).
Glándula prostática ligeramente aumentada de tamaño, mide 4.6 x 3 x 3.9 cm (diámetros T x AP x CC). Es de intensidad de señal heterogénea, de predominio hiperintenso, en probable relación con adenoma e hiperplasia benigna de próstata.
En la zona periférica póstero-medial del lóbulo prostático izquierdo, a nivel de la media glándula y apex se visualiza lesión hipointensa de bodes mal definidos que mide aproximadamente 2 x 1.1 x 2 cm (diámetros T x AP x CC). La lesión parece extenderse mínimamente a la zona transicional posterior del lóbulo ipsilateral, así como a la zona periférica póstero-medial del lóbulo contralateral. Tras estudio con gadolinio presenta curva de cinética de captación sospechosa. Parece extenderse hasta la vesícula seminal ipsilateral.
No se observan signos de extensión extracapsular, infiltración de la uretra o vesícula seminal izquierda. Por fallos técnicos no se realizan secuencias de difusión con B alto.
Hallazgos en probable relación con neoplasia prostática.
No se observan adenopatías locorregionales, en cadenas iliacas o inguinales de tamaño o aspecto patológico.
Vejiga y recto sin alteraciones.
Discreta cantidad de líquido en torno a la inserción proximal de los isquio-tibiales, a valorar tendinopatía.
No se aprecian otras alteraciones de interés en el resto de partes blandas y óseas valorables mediante esta técnica.

CONCLUSIÓN:
Lesión en la zona periférica póstero-medial del lóbulo prostático derecho, según las características descritas en el informe, sugerente de neoplasia prostática.
Sin otros hallazgos significativos.


SAN <LOC> ,  <FECHA> <FECHA> <FECHA> <FECHA> <FECHA>

Fdo:  <NAME> <NAME>, <NAME> <NAME>
Médico Radiólogo. Colegiado Nº: <NUM>

 
PACIENTE: <NAME> <NAME>, <NAME>
PRESCRIPCION:  Dr.  <NAME>
<LOC> <LOC> , 5 de DICIEMBRE de 2016


RESONANCIA MAGNETICA RESONANCIA PRÃ_x0093_STATA:

JUICIO JUICIO
Adenocarcinoma Gleason 4 + 3 en lÃ³bulo derecho de la prÃ³stata.

TÃ_x0089_CNICA:
Se realizan cortes axiales, sagitales y coronales utilizando secuencias TSE-T1, TSE-T2 sin y con saturaciÃ³n de la grasa; incluyendo estudio de alta resoluciÃ³n. Se complementa el estudio con cortes dinÃ¡micos (axiales-SPIR) tras la administraciÃ³n de gadolinio intravenoso y tardÃ­os T1 y T1-SPIR.

INFORME:
Estudio de valor diagnÃ³stico limitado ya que por fallo tÃ©cnico no se puede realizar secuencias de difusiÃ³n con valor de B alto (B 1500).
GlÃ¡ndula prostÃ¡tica ligeramente aumentada de tamaÃ±o, mide 4.6 x 3 x 3.9 cm (diÃ¡metros T x AP x CC). Es de intensidad de seÃ±al heterogÃ©nea, de predominio hiperintenso, en probable relaciÃ³n con adenoma e hiperplasia benigna de prÃ³stata.
En la zona perifÃ©rica pÃ³stero-medial del lÃ³bulo prostÃ¡tico izquierdo, a nivel de la media glÃ¡ndula y apex se visualiza lesiÃ³n hipointensa de bodes mal definidos que mide aproximadamente 2 x 1.1 x 2 cm (diÃ¡metros T x AP x CC). La lesiÃ³n parece extenderse mÃ­nimamente a la zona transicional posterior del lÃ³bulo ipsilateral, asÃ­ como a la zona perifÃ©rica pÃ³stero-medial del lÃ³bulo contralateral. Tras estudio con gadolinio presenta curva de cinÃ©tica de captaciÃ³n sospechosa. Parece extenderse hasta la vesÃ­cula seminal ipsilateral.
No se observan signos de extensiÃ³n extracapsular, infiltraciÃ³n de la uretra o vesÃ­cula seminal izquierda. Por fallos tÃ©cnicos no se realizan secuencias de difusiÃ³n con B alto.
Hallazgos en probable relaciÃ³n con neoplasia prostÃ¡tica.
No se observan adenopatÃ­as locorregionales, en cadenas iliacas o inguinales de tamaÃ±o o aspecto patolÃ³gico.
Vejiga y recto sin alteraciones.
Discreta cantidad de lÃ­quido en torno a la inserciÃ³n proximal de los isquio-tibiales, a valorar tendinopatÃ­a.
No se aprecian otras alteraciones de interÃ©s en el resto de partes blandas y Ã³seas valorables mediante esta tÃ©cnica.

CONCLUSIÃ_x0093_N:
LesiÃ³n en la zona perifÃ©rica pÃ³stero-medial del lÃ³bulo prostÃ¡tico derecho, segÃºn las caracterÃ­sticas descritas en el informe, sugerente de neoplasia prostÃ¡tica.
Sin otros hallazgos significativos.


SAN <LOC> ,  <FECHA> <FECHA> <FECHA> <FECHA> <FECHA>

Fdo:  <NAME> <NAME>, <NAME> <NAME>
MÃ©dico RadiÃ³logo. Colegiado NÂº: <NUM>

",XNAT03_S02998,XNAT03_E05270
sub-007482,ses-008243,/mnt/ceib/datalake/FISABIO_datalake/prueba/p0052021_reborn/sub-007482/ses-008243/mim-mr/anat/sub-007482_ses-008243_acq-fse_run-8_bp-prostate_vp-ax_T2w.nii.gz,/mnt/ceib/datalake/FISABIO_datalake/prueba/p0052021_reborn/sub-007482/ses-008243/mim-mr/dwi/sub-007482_ses-008243_acq-bvalue_run-6_bp-prostate_vp-ax_dwi.nii.gz,/mnt/ceib/datalake/FISABIO_datalake/prueba/p0052021_reborn/sub-007482/ses-008243/mim-mr/dwi/sub-007482_ses-008243_acq-adc_run-601_bp-prostate_vp-ax_dwi.nii.gz,21.0,65.0,,,,6.0,44.252,,1.0,1947-08-31,2012-10-06,train,False,,val,ses-008243,sub-007482,p0052021,,https://ceib.cipf.es/xnat2/data/projects/p0052021/experiments/XNAT03_E05422?format=html,21,65,,,,6.000000000000000,44.252,,1,True,"PACIENTE: <NAME> <NAME>, <NAME>
PRESCRIPCION:  Dr.  <NAME>
<NAME> <LOC> , <FECHA> <FECHA> <FECHA> <FECHA> <FECHA>


RESONANCIA MAGNETICA DE PRÓSTATA:

JUICIO JUICIO
ADC de próstata Gleason 3 + 4 en lóbulo izquierdo. Estadiaje.

TÉCNICA:
Se realizan cortes axiales, sagitales y coronales utilizando secuencias TSE-T1, TSE-T2 sin y con saturación de la grasa; incluyendo estudio de alta resolución. Se complementa el estudio con cortes dinámicos (axiales-SPIR) tras la administración de gadolinio intravenoso y tardíos T1 y T1-SPIR.

INFORME:
Próstata de aproximadamente 5 cm (T) x 4.6 cm (CC) x 3.7 cm (AP), con intensidad de señal hiperintensa en T2 conservada en la porción periférica del lóbulo prostático derecho.
Se aprecia una imagen pseudonodular de 1 cm de diámetro mayor en el ápex de la porción periférica del lóbulo izquierdo, hipointensa en T2, sin clara restricción en difusión, que podría estar en relación con afectación neoplásica previamente biopsiada.
No se objetivan imágenes que sugieran extensión neoplásica transcapsular, con lo cual los hallazgos sugieren afectación neoplásica en el lóbulo izquierdo, que se clasificaría por RM como estadio T2A N0 Mx.
Pequeñas imágenes ganglionares en la cadera obturadora bilateral iliaca externa, menores de 1 cm en eje corto, inespecíficas.
Vejiga urinaria sin alteraciones.
Espóndilo-discopatía degenerativa L4-L5 y L5-S1 con cambios Modic en este último nivel.
CONCLUSIÓN:
Afectación neoplásica en la porción periférica del ápex prostático izquierdo, que se 	clasificaría por RM como probable estadio T2A N0 Mx.





SAN <LOC> ,  <FECHA> <FECHA> <FECHA> <FECHA> <FECHA>

Fdo:  <NAME> , <NAME> <NAME>
Médico Radiólogo. Colegiado Nº: <NUM>


 PACIENTE: <NAME> <NAME>, <NAME>
PRESCRIPCION:  Dr.  <NAME>
<NAME> <LOC> , <FECHA> <FECHA> <FECHA> <FECHA> <FECHA>


RESONANCIA MAGNETICA RESONANCIA PRÃ_x0093_STATA:

JUICIO JUICIO
ADC de prÃ³stata Gleason 3 + 4 en lÃ³bulo izquierdo. Estadiaje.

TÃ_x0089_CNICA:
Se realizan cortes axiales, sagitales y coronales utilizando secuencias TSE-T1, TSE-T2 sin y con saturaciÃ³n de la grasa; incluyendo estudio de alta resoluciÃ³n. Se complementa el estudio con cortes dinÃ¡micos (axiales-SPIR) tras la administraciÃ³n de gadolinio intravenoso y tardÃ­os T1 y T1-SPIR.

INFORME:
PrÃ³stata de aproximadamente 5 cm (T) x 4.6 cm (CC) x 3.7 cm (AP), con intensidad de seÃ±al hiperintensa en T2 conservada en la porciÃ³n perifÃ©rica del lÃ³bulo prostÃ¡tico derecho.
Se aprecia una imagen pseudonodular de 1 cm de diÃ¡metro mayor en el Ã¡pex de la porciÃ³n perifÃ©rica del lÃ³bulo izquierdo, hipointensa en T2, sin clara restricciÃ³n en difusiÃ³n, que podrÃ­a estar en relaciÃ³n con afectaciÃ³n neoplÃ¡sica previamente biopsiada.
No se objetivan imÃ¡genes que sugieran extensiÃ³n neoplÃ¡sica transcapsular, con lo cual los hallazgos sugieren afectaciÃ³n neoplÃ¡sica en el lÃ³bulo izquierdo, que se clasificarÃ­a por RM como estadio T2A N0 Mx.
PequeÃ±as imÃ¡genes ganglionares en la cadera obturadora bilateral iliaca externa, menores de 1 cm en eje corto, inespecÃ­ficas.
Vejiga urinaria sin alteraciones.
EspÃ³ndilo-discopatÃ­a degenerativa L4-L5 y L5-S1 con cambios Modic en este Ãºltimo nivel.
CONCLUSIÃ_x0093_N:
AfectaciÃ³n neoplÃ¡sica en la porciÃ³n perifÃ©rica del Ã¡pex prostÃ¡tico izquierdo, que se 	clasificarÃ­a por RM como probable estadio T2A N0 Mx.





SAN <LOC> ,  <FECHA> <FECHA> <FECHA> <FECHA> <FECHA>

Fdo:  <NAME> , <NAME> <NAME>
MÃ©dico RadiÃ³logo. Colegiado NÂº: <NUM>


",XNAT03_S03130,XNAT03_E05422
sub-007482,ses-008243,/mnt/ceib/datalake/FISABIO_datalake/prueba/p0052021_reborn/sub-007482/ses-008243/mim-mr/anat/sub-007482_ses-008243_acq-fse_run-7_bp-prostate_vp-ax_T2w.nii.gz,/mnt/ceib/datalake/FISABIO_datalake/prueba/p0052021_reborn/sub-007482/ses-008243/mim-mr/dwi/sub-007482_ses-008243_acq-bvalue_run-6_bp-prostate_vp-ax_dwi.nii.gz,/mnt/ceib/datalake/FISABIO_datalake/prueba/p0052021_reborn/sub-007482/ses-008243/mim-mr/dwi/sub-007482_ses-008243_acq-adc_run-601_bp-prostate_vp-ax_dwi.nii.gz,21.0,65.0,,,,6.0,44.252,,1.0,1947-08-31,2012-10-06,train,False,,val,ses-008243,sub-007482,p0052021,,https://ceib.cipf.es/xnat2/data/projects/p0052021/experiments/XNAT03_E05422?format=html,21,65,,,,6.000000000000000,44.252,,1,True,"PACIENTE: <NAME> <NAME>, <NAME>
PRESCRIPCION:  Dr.  <NAME>
<NAME> <LOC> , <FECHA> <FECHA> <FECHA> <FECHA> <FECHA>


RESONANCIA MAGNETICA DE PRÓSTATA:

JUICIO JUICIO
ADC de próstata Gleason 3 + 4 en lóbulo izquierdo. Estadiaje.

TÉCNICA:
Se realizan cortes axiales, sagitales y coronales utilizando secuencias TSE-T1, TSE-T2 sin y con saturación de la grasa; incluyendo estudio de alta resolución. Se complementa el estudio con cortes dinámicos (axiales-SPIR) tras la administración de gadolinio intravenoso y tardíos T1 y T1-SPIR.

INFORME:
Próstata de aproximadamente 5 cm (T) x 4.6 cm (CC) x 3.7 cm (AP), con intensidad de señal hiperintensa en T2 conservada en la porción periférica del lóbulo prostático derecho.
Se aprecia una imagen pseudonodular de 1 cm de diámetro mayor en el ápex de la porción periférica del lóbulo izquierdo, hipointensa en T2, sin clara restricción en difusión, que podría estar en relación con afectación neoplásica previamente biopsiada.
No se objetivan imágenes que sugieran extensión neoplásica transcapsular, con lo cual los hallazgos sugieren afectación neoplásica en el lóbulo izquierdo, que se clasificaría por RM como estadio T2A N0 Mx.
Pequeñas imágenes ganglionares en la cadera obturadora bilateral iliaca externa, menores de 1 cm en eje corto, inespecíficas.
Vejiga urinaria sin alteraciones.
Espóndilo-discopatía degenerativa L4-L5 y L5-S1 con cambios Modic en este último nivel.
CONCLUSIÓN:
Afectación neoplásica en la porción periférica del ápex prostático izquierdo, que se 	clasificaría por RM como probable estadio T2A N0 Mx.





SAN <LOC> ,  <FECHA> <FECHA> <FECHA> <FECHA> <FECHA>

Fdo:  <NAME> , <NAME> <NAME>
Médico Radiólogo. Colegiado Nº: <NUM>


 PACIENTE: <NAME> <NAME>, <NAME>
PRESCRIPCION:  Dr.  <NAME>
<NAME> <LOC> , <FECHA> <FECHA> <FECHA> <FECHA> <FECHA>


RESONANCIA MAGNETICA RESONANCIA PRÃ_x0093_STATA:

JUICIO JUICIO
ADC de prÃ³stata Gleason 3 + 4 en lÃ³bulo izquierdo. Estadiaje.

TÃ_x0089_CNICA:
Se realizan cortes axiales, sagitales y coronales utilizando secuencias TSE-T1, TSE-T2 sin y con saturaciÃ³n de la grasa; incluyendo estudio de alta resoluciÃ³n. Se complementa el estudio con cortes dinÃ¡micos (axiales-SPIR) tras la administraciÃ³n de gadolinio intravenoso y tardÃ­os T1 y T1-SPIR.

INFORME:
PrÃ³stata de aproximadamente 5 cm (T) x 4.6 cm (CC) x 3.7 cm (AP), con intensidad de seÃ±al hiperintensa en T2 conservada en la porciÃ³n perifÃ©rica del lÃ³bulo prostÃ¡tico derecho.
Se aprecia una imagen pseudonodular de 1 cm de diÃ¡metro mayor en el Ã¡pex de la porciÃ³n perifÃ©rica del lÃ³bulo izquierdo, hipointensa en T2, sin clara restricciÃ³n en difusiÃ³n, que podrÃ­a estar en relaciÃ³n con afectaciÃ³n neoplÃ¡sica previamente biopsiada.
No se objetivan imÃ¡genes que sugieran extensiÃ³n neoplÃ¡sica transcapsular, con lo cual los hallazgos sugieren afectaciÃ³n neoplÃ¡sica en el lÃ³bulo izquierdo, que se clasificarÃ­a por RM como estadio T2A N0 Mx.
PequeÃ±as imÃ¡genes ganglionares en la cadera obturadora bilateral iliaca externa, menores de 1 cm en eje corto, inespecÃ­ficas.
Vejiga urinaria sin alteraciones.
EspÃ³ndilo-discopatÃ­a degenerativa L4-L5 y L5-S1 con cambios Modic en este Ãºltimo nivel.
CONCLUSIÃ_x0093_N:
AfectaciÃ³n neoplÃ¡sica en la porciÃ³n perifÃ©rica del Ã¡pex prostÃ¡tico izquierdo, que se 	clasificarÃ­a por RM como probable estadio T2A N0 Mx.





SAN <LOC> ,  <FECHA> <FECHA> <FECHA> <FECHA> <FECHA>

Fdo:  <NAME> , <NAME> <NAME>
MÃ©dico RadiÃ³logo. Colegiado NÂº: <NUM>


",XNAT03_S03130,XNAT03_E05422
sub-007178,ses-007864,/mnt/ceib/datalake/FISABIO_datalake/prueba/p0052021_reborn/sub-007178/ses-007864/mim-mr/anat/sub-007178_ses-007864_acq-fse_run-6_bp-prostate_vp-ax_T2w.nii.gz,/mnt/ceib/datalake/FISABIO_datalake/prueba/p0052021_reborn/sub-007178/ses-007864/mim-mr/dwi/sub-007178_ses-007864_acq-bvalue_run-8_bp-prostate_vp-ax_dwi.nii.gz,/mnt/ceib/datalake/FISABIO_datalake/prueba/p0052021_reborn/sub-007178/ses-007864/mim-mr/dwi/sub-007178_ses-007864_acq-adc_run-801_bp-prostate_vp-ax_dwi.nii.gz,21.0,74.0,,,,25.0,32.76,,1.0,1941-10-16,2016-01-28,train,False,,val,ses-007864,sub-007178,p0052021,,https://ceib.cipf.es/xnat2/data/projects/p0052021/experiments/XNAT03_E05805?format=html,21,74,,,,25.00000000000000,32.76,,1,True,"
PACIENTE: <NAME> <NAME>, <NAME>
PRESCRIPCION:  Dr. <NAME> <NAME>, 									<NAME>

<LOC> <LOC> , 7 de ABRIL de 2017

RESONANCIA MAGNETICA DE PRÓSTATA:

JUICIO JUICIO
ADC de próstata bilateral. Estadiaje.

TÉCNICA:
Se realizan cortes axiales, sagitales y coronales utilizando secuencias TSE-T1, TSE-T2 sin y con saturación de la grasa; incluyendo estudio de alta resolución. Se complementa el estudio con cortes dinámicos (axiales-SPIR) tras la administración de gadolinio intravenoso y tardíos T1 y T1-SPIR.

INFORME:
Glándula prostática de aproximadamente 3,5 cm ( AP ) x 4 cm ( CC ) x 4,5 cm ( T ).
Se aprecia un nódulo hipointenso en T2 de unos 16 mm en el tercio medio de la porción periférica del lóbulo prostático derecho y una extensa área de hiposeñal en T2 afectando a gran parte del tercio medio y parcialmente a la base de la porción perférica del lóbulo izquierdo, con captación homogénea post-contraste y tenue restricción en difusión, en relación con afectación neoplásica bilateral, previamente biopsiada.
No parecen existir imáganes que sugieran extensión neoplásica transcapsular, ni borramiento del ángulo recto-prostático o alteración de señal de las bandeletas neuro-vasculares o vesículas seminales.
Tampoco se objetivan adenopatías de tamaño significativo en la cadena iliaca bilateral, obturadora ni pélvicas.
Los hallazgos sugieren afectación neoplásica en la porción periférica bialteral, de predominio izquierdo, que se clasificaría por RM como estadio T2 c N0 Mx.
Moderada cantidad de liquído libre probablemente de aspecto residual en el hemiabdomen inferior con extensión pélvica.

CONCLUSIÓN:
Afectación neoplásica prostática bilateral que se clasificaría por RM como estadio T2 c N0 Mx.



SAN <LOC> ,  <FECHA> <FECHA> <FECHA> <FECHA> <FECHA>

Fdo:  <NAME> , <NAME> <NAME>
Médico Radiólogo. Colegiado Nº: <NUM>


",XNAT03_S03445,XNAT03_E05805
sub-007178,ses-007864,/mnt/ceib/datalake/FISABIO_datalake/prueba/p0052021_reborn/sub-007178/ses-007864/mim-mr/anat/sub-007178_ses-007864_acq-fse_run-7_bp-prostate_vp-ax_T2w.nii.gz,/mnt/ceib/datalake/FISABIO_datalake/prueba/p0052021_reborn/sub-007178/ses-007864/mim-mr/dwi/sub-007178_ses-007864_acq-bvalue_run-8_bp-prostate_vp-ax_dwi.nii.gz,/mnt/ceib/datalake/FISABIO_datalake/prueba/p0052021_reborn/sub-007178/ses-007864/mim-mr/dwi/sub-007178_ses-007864_acq-adc_run-801_bp-prostate_vp-ax_dwi.nii.gz,21.0,74.0,,,,25.0,32.76,,1.0,1941-10-16,2016-01-28,train,False,,val,ses-007864,sub-007178,p0052021,,https://ceib.cipf.es/xnat2/data/projects/p0052021/experiments/XNAT03_E05805?format=html,21,74,,,,25.00000000000000,32.76,,1,True,"
PACIENTE: <NAME> <NAME>, <NAME>
PRESCRIPCION:  Dr. <NAME> <NAME>, 									<NAME>

<LOC> <LOC> , 7 de ABRIL de 2017

RESONANCIA MAGNETICA DE PRÓSTATA:

JUICIO JUICIO
ADC de próstata bilateral. Estadiaje.

TÉCNICA:
Se realizan cortes axiales, sagitales y coronales utilizando secuencias TSE-T1, TSE-T2 sin y con saturación de la grasa; incluyendo estudio de alta resolución. Se complementa el estudio con cortes dinámicos (axiales-SPIR) tras la administración de gadolinio intravenoso y tardíos T1 y T1-SPIR.

INFORME:
Glándula prostática de aproximadamente 3,5 cm ( AP ) x 4 cm ( CC ) x 4,5 cm ( T ).
Se aprecia un nódulo hipointenso en T2 de unos 16 mm en el tercio medio de la porción periférica del lóbulo prostático derecho y una extensa área de hiposeñal en T2 afectando a gran parte del tercio medio y parcialmente a la base de la porción perférica del lóbulo izquierdo, con captación homogénea post-contraste y tenue restricción en difusión, en relación con afectación neoplásica bilateral, previamente biopsiada.
No parecen existir imáganes que sugieran extensión neoplásica transcapsular, ni borramiento del ángulo recto-prostático o alteración de señal de las bandeletas neuro-vasculares o vesículas seminales.
Tampoco se objetivan adenopatías de tamaño significativo en la cadena iliaca bilateral, obturadora ni pélvicas.
Los hallazgos sugieren afectación neoplásica en la porción periférica bialteral, de predominio izquierdo, que se clasificaría por RM como estadio T2 c N0 Mx.
Moderada cantidad de liquído libre probablemente de aspecto residual en el hemiabdomen inferior con extensión pélvica.

CONCLUSIÓN:
Afectación neoplásica prostática bilateral que se clasificaría por RM como estadio T2 c N0 Mx.



SAN <LOC> ,  <FECHA> <FECHA> <FECHA> <FECHA> <FECHA>

Fdo:  <NAME> , <NAME> <NAME>
Médico Radiólogo. Colegiado Nº: <NUM>


",XNAT03_S03445,XNAT03_E05805
sub-007162,ses-007848,/mnt/ceib/datalake/FISABIO_datalake/prueba/p0052021_reborn/sub-007162/ses-007848/mim-mr/anat/sub-007162_ses-007848_acq-fse_run-6_bp-prostate_vp-ax_T2w.nii.gz,/mnt/ceib/datalake/FISABIO_datalake/prueba/p0052021_reborn/sub-007162/ses-007848/mim-mr/dwi/sub-007162_ses-007848_acq-bvalue_run-7_bp-prostate_vp-ax_dwi.nii.gz,/mnt/ceib/datalake/FISABIO_datalake/prueba/p0052021_reborn/sub-007162/ses-007848/mim-mr/dwi/sub-007162_ses-007848_acq-adc_run-701_bp-prostate_vp-ax_dwi.nii.gz,21.0,72.0,,,,10.2,9.1,,1.0,1941-12-04,2014-10-09,train,False,,val,ses-007848,sub-007162,p0052021,,https://ceib.cipf.es/xnat2/data/projects/p0052021/experiments/XNAT03_E05187?format=html,21,72,,,,10.20000000000000,9.1,,1,True,"PACIENTE: <NAME> <NAME>, <NAME>
PRESCRIPCION:  Dr.  <NAME> <NAME> <NAME>, 								              <NAME>

<LOC> <LOC> , <FECHA> <FECHA> <FECHA> <FECHA> <FECHA>


RESONANCIA MAGNETICA DE PRÓSTATA:

JUICIO JUICIO
Adenocarcinoma 3 + 3 en lóbulo izquierdo. Estadiaje.

TÉCNICA:
Se realizan cortes axiales, sagitales y coronales utilizando secuencias TSE-T1, TSE-T2 sin y con saturación de la grasa; incluyendo estudio de alta resolución. Se complementa el estudio con cortes dinámicos (axiales-SPIR) tras la administración de gadolinio intravenoso y tardíos T1 y T1-SPIR.

INFORME:
Glándula prostática de 3,5 cm. (AP) x 5 cm. (T) x 3,8 cm. (CC) con probables nódulos adenomatoides en la zona transicional.
Parece existir una pequeña área milimétrica de hiposeñal en T2, sin clara restricción en difusión, que muestra captación homogénea post-contraste en la fase dinámica en el tercio medio de la porción periférica del lóbulo izquierdo y que podría estar en relación con lesión neoplásica previamente biopsiada.
No se identifican claras áreas sospechosas hipointensas en T2 en la porción periférica del lóbulo derecho, ni tampoco alteraciones de señal de las vesículas seminales o borramiento del ángulo recto-prostático, que sugieran extensión neoplásica transcapsular. Los hallazgos corresponden a estadio T2 A N0 Nx.
Discopatía degenerativa L5-S1 con portrusión póstero-medial de base ancha.
Edema intraóseo afectando a la vertiente sacra de ambas articulaciones sacro-ilíacas, sugestivo de sacro-ileítis aguda.
Diverticulosis colónica no complicada.

CONCLUSIÓN:
Posible afectación neoplásica en el tercio medio de la porción periférica del lóbulo prostático izquierdo, que se clasificaría por RM como estadio T2 A N0 Nx.
Sacro-ileítis aguda bilateral afectando a la vertiente sacra.

SAN <LOC> ,  <FECHA> <FECHA> <FECHA> <FECHA> <FECHA>

Fdo:  <NAME> , <NAME> <NAME>
Médico Radiólogo. Colegiado Nº: <NUM>


",XNAT03_S02929,XNAT03_E05187
sub-007162,ses-007848,/mnt/ceib/datalake/FISABIO_datalake/prueba/p0052021_reborn/sub-007162/ses-007848/mim-mr/anat/sub-007162_ses-007848_acq-fse_run-8_bp-prostate_vp-ax_T2w.nii.gz,/mnt/ceib/datalake/FISABIO_datalake/prueba/p0052021_reborn/sub-007162/ses-007848/mim-mr/dwi/sub-007162_ses-007848_acq-bvalue_run-7_bp-prostate_vp-ax_dwi.nii.gz,/mnt/ceib/datalake/FISABIO_datalake/prueba/p0052021_reborn/sub-007162/ses-007848/mim-mr/dwi/sub-007162_ses-007848_acq-adc_run-701_bp-prostate_vp-ax_dwi.nii.gz,21.0,72.0,,,,10.2,9.1,,1.0,1941-12-04,2014-10-09,train,False,,val,ses-007848,sub-007162,p0052021,,https://ceib.cipf.es/xnat2/data/projects/p0052021/experiments/XNAT03_E05187?format=html,21,72,,,,10.20000000000000,9.1,,1,True,"PACIENTE: <NAME> <NAME>, <NAME>
PRESCRIPCION:  Dr.  <NAME> <NAME> <NAME>, 								              <NAME>

<LOC> <LOC> , <FECHA> <FECHA> <FECHA> <FECHA> <FECHA>


RESONANCIA MAGNETICA DE PRÓSTATA:

JUICIO JUICIO
Adenocarcinoma 3 + 3 en lóbulo izquierdo. Estadiaje.

TÉCNICA:
Se realizan cortes axiales, sagitales y coronales utilizando secuencias TSE-T1, TSE-T2 sin y con saturación de la grasa; incluyendo estudio de alta resolución. Se complementa el estudio con cortes dinámicos (axiales-SPIR) tras la administración de gadolinio intravenoso y tardíos T1 y T1-SPIR.

INFORME:
Glándula prostática de 3,5 cm. (AP) x 5 cm. (T) x 3,8 cm. (CC) con probables nódulos adenomatoides en la zona transicional.
Parece existir una pequeña área milimétrica de hiposeñal en T2, sin clara restricción en difusión, que muestra captación homogénea post-contraste en la fase dinámica en el tercio medio de la porción periférica del lóbulo izquierdo y que podría estar en relación con lesión neoplásica previamente biopsiada.
No se identifican claras áreas sospechosas hipointensas en T2 en la porción periférica del lóbulo derecho, ni tampoco alteraciones de señal de las vesículas seminales o borramiento del ángulo recto-prostático, que sugieran extensión neoplásica transcapsular. Los hallazgos corresponden a estadio T2 A N0 Nx.
Discopatía degenerativa L5-S1 con portrusión póstero-medial de base ancha.
Edema intraóseo afectando a la vertiente sacra de ambas articulaciones sacro-ilíacas, sugestivo de sacro-ileítis aguda.
Diverticulosis colónica no complicada.

CONCLUSIÓN:
Posible afectación neoplásica en el tercio medio de la porción periférica del lóbulo prostático izquierdo, que se clasificaría por RM como estadio T2 A N0 Nx.
Sacro-ileítis aguda bilateral afectando a la vertiente sacra.

SAN <LOC> ,  <FECHA> <FECHA> <FECHA> <FECHA> <FECHA>

Fdo:  <NAME> , <NAME> <NAME>
Médico Radiólogo. Colegiado Nº: <NUM>


",XNAT03_S02929,XNAT03_E05187
sub-000291,ses-000294,/mnt/ceib/datalake/FISABIO_datalake/prueba/p0052021_reborn/sub-000291/ses-000294/mim-mr/anat/sub-000291_ses-000294_acq-fse_run-9_bp-prostate_vp-ax_T2w.nii.gz,/mnt/ceib/datalake/FISABIO_datalake/prueba/p0052021_reborn/sub-000291/ses-000294/mim-mr/dwi/sub-000291_ses-000294_acq-bvalue_run-8_bp-prostate_vp-ax_dwi.nii.gz,/mnt/ceib/datalake/FISABIO_datalake/prueba/p0052021_reborn/sub-000291/ses-000294/mim-mr/dwi/sub-000291_ses-000294_acq-adc_run-801_bp-prostate_vp-ax_dwi.nii.gz,21.0,65.0,,,,,,,0.0,1938-07-06,2004-01-06,train,False,,val,ses-000294,sub-000291,p0052021,,https://ceib.cipf.es/xnat2/data/projects/p0052021/experiments/XNAT3_E92074?format=html,21,65,,,,,,,1,True,"
PACIENTE: <NAME> <NAME>, <NAME>
PRESCRIPCION:  Dr.

<NAME> <LOC> , <FECHA> <FECHA> <FECHA> <FECHA> <FECHA>




RESONANCIA MAGNETICA DE PRÓSTATA:

JUICIO JUICIO
Adenocarcinoma de próstata. Valorar organiconfinamiento.

TÉCNICA:
Se realizan cortes axiales, sagitales y coronales utilizando secuencias TSE-T1, TSE-T2 sin y con saturación de la grasa; incluyendo estudio de alta resolución. Se complementa el estudio con cortes dinámicos (axiales-SPIR) tras la administración de gadolinio intravenoso y tardíos T1 y T1-SPIR.

INFORME:
Se aprecia una disminución de la intensidad de señal de ambos lóbulos periféricos, más acusada a nivel posterolateral izquierdo donde se visualiza incluso un abombamiento de la cápsula, con una aparente perdida de definición de la misma y realce tras la administración de contraste, no identificando alteraciones significativas en vésicula seminales, vejiga y el resto de órganos pélvicos visualizados.
Tampoco se identifican adenopatias evidentes en los distintos territorios ganglionares incluidos en el estudio.

CONCLUSIÓN:
Afextación de ambos lóbulos periféricos prostáticos, con abombamiento posterolateral izquierdo de la cápsula con posible afectación  de la grasa periprostática, por lo que probablemente corresponda a un estadio T3, sin adenopatias ni metástasis óseas evidentes en el presente estudio.


",XNAT3_S37029,XNAT3_E92074
sub-000291,ses-000294,/mnt/ceib/datalake/FISABIO_datalake/prueba/p0052021_reborn/sub-000291/ses-000294/mim-mr/anat/sub-000291_ses-000294_acq-fse_run-12_bp-prostate_vp-ax_T2w.nii.gz,/mnt/ceib/datalake/FISABIO_datalake/prueba/p0052021_reborn/sub-000291/ses-000294/mim-mr/dwi/sub-000291_ses-000294_acq-bvalue_run-8_bp-prostate_vp-ax_dwi.nii.gz,/mnt/ceib/datalake/FISABIO_datalake/prueba/p0052021_reborn/sub-000291/ses-000294/mim-mr/dwi/sub-000291_ses-000294_acq-adc_run-801_bp-prostate_vp-ax_dwi.nii.gz,21.0,65.0,,,,,,,0.0,1938-07-06,2004-01-06,train,False,,val,ses-000294,sub-000291,p0052021,,https://ceib.cipf.es/xnat2/data/projects/p0052021/experiments/XNAT3_E92074?format=html,21,65,,,,,,,1,True,"
PACIENTE: <NAME> <NAME>, <NAME>
PRESCRIPCION:  Dr.

<NAME> <LOC> , <FECHA> <FECHA> <FECHA> <FECHA> <FECHA>




RESONANCIA MAGNETICA DE PRÓSTATA:

JUICIO JUICIO
Adenocarcinoma de próstata. Valorar organiconfinamiento.

TÉCNICA:
Se realizan cortes axiales, sagitales y coronales utilizando secuencias TSE-T1, TSE-T2 sin y con saturación de la grasa; incluyendo estudio de alta resolución. Se complementa el estudio con cortes dinámicos (axiales-SPIR) tras la administración de gadolinio intravenoso y tardíos T1 y T1-SPIR.

INFORME:
Se aprecia una disminución de la intensidad de señal de ambos lóbulos periféricos, más acusada a nivel posterolateral izquierdo donde se visualiza incluso un abombamiento de la cápsula, con una aparente perdida de definición de la misma y realce tras la administración de contraste, no identificando alteraciones significativas en vésicula seminales, vejiga y el resto de órganos pélvicos visualizados.
Tampoco se identifican adenopatias evidentes en los distintos territorios ganglionares incluidos en el estudio.

CONCLUSIÓN:
Afextación de ambos lóbulos periféricos prostáticos, con abombamiento posterolateral izquierdo de la cápsula con posible afectación  de la grasa periprostática, por lo que probablemente corresponda a un estadio T3, sin adenopatias ni metástasis óseas evidentes en el presente estudio.


",XNAT3_S37029,XNAT3_E92074
sub-000291,ses-000294,/mnt/ceib/datalake/FISABIO_datalake/prueba/p0052021_reborn/sub-000291/ses-000294/mim-mr/anat/sub-000291_ses-000294_acq-fse_run-7_bp-prostate_vp-ax_T2w.nii.gz,/mnt/ceib/datalake/FISABIO_datalake/prueba/p0052021_reborn/sub-000291/ses-000294/mim-mr/dwi/sub-000291_ses-000294_acq-bvalue_run-8_bp-prostate_vp-ax_dwi.nii.gz,/mnt/ceib/datalake/FISABIO_datalake/prueba/p0052021_reborn/sub-000291/ses-000294/mim-mr/dwi/sub-000291_ses-000294_acq-adc_run-801_bp-prostate_vp-ax_dwi.nii.gz,21.0,65.0,,,,,,,0.0,1938-07-06,2004-01-06,train,False,,val,ses-000294,sub-000291,p0052021,,https://ceib.cipf.es/xnat2/data/projects/p0052021/experiments/XNAT3_E92074?format=html,21,65,,,,,,,1,True,"
PACIENTE: <NAME> <NAME>, <NAME>
PRESCRIPCION:  Dr.

<NAME> <LOC> , <FECHA> <FECHA> <FECHA> <FECHA> <FECHA>




RESONANCIA MAGNETICA DE PRÓSTATA:

JUICIO JUICIO
Adenocarcinoma de próstata. Valorar organiconfinamiento.

TÉCNICA:
Se realizan cortes axiales, sagitales y coronales utilizando secuencias TSE-T1, TSE-T2 sin y con saturación de la grasa; incluyendo estudio de alta resolución. Se complementa el estudio con cortes dinámicos (axiales-SPIR) tras la administración de gadolinio intravenoso y tardíos T1 y T1-SPIR.

INFORME:
Se aprecia una disminución de la intensidad de señal de ambos lóbulos periféricos, más acusada a nivel posterolateral izquierdo donde se visualiza incluso un abombamiento de la cápsula, con una aparente perdida de definición de la misma y realce tras la administración de contraste, no identificando alteraciones significativas en vésicula seminales, vejiga y el resto de órganos pélvicos visualizados.
Tampoco se identifican adenopatias evidentes en los distintos territorios ganglionares incluidos en el estudio.

CONCLUSIÓN:
Afextación de ambos lóbulos periféricos prostáticos, con abombamiento posterolateral izquierdo de la cápsula con posible afectación  de la grasa periprostática, por lo que probablemente corresponda a un estadio T3, sin adenopatias ni metástasis óseas evidentes en el presente estudio.


",XNAT3_S37029,XNAT3_E92074
sub-006586,ses-007176,/mnt/ceib/datalake/FISABIO_datalake/prueba/p0052021_reborn/sub-006586/ses-007176/mim-mr/anat/sub-006586_ses-007176_acq-fse_run-7_bp-prostate_vp-ax_T2w.nii.gz,/mnt/ceib/datalake/FISABIO_datalake/prueba/p0052021_reborn/sub-006586/ses-007176/mim-mr/dwi/sub-006586_ses-007176_acq-bvalue_run-4_bp-prostate_vp-ax_dwi.nii.gz,/mnt/ceib/datalake/FISABIO_datalake/prueba/p0052021_reborn/sub-006586/ses-007176/mim-mr/dwi/sub-006586_ses-007176_acq-adc_run-401_bp-prostate_vp-ax_dwi.nii.gz,21.0,67.0,,,,10.9,,,1.0,1941-09-21,2009-06-23,train,False,,val,ses-007176,sub-006586,p0052021,,https://ceib.cipf.es/xnat2/data/projects/p0052021/experiments/XNAT03_E04968?format=html,21,67,,,,10.90000000000000,,5,1,True,"
PACIENTE: <NAME> <NAME>, <NAME>
PRESCRIPCION:  Dr.  <NAME>

<LOC> <LOC> , <FECHA> <FECHA> <FECHA> <FECHA> <FECHA>

RESONANCIA MAGNETICA RESONANCIA PRÃ_x0093_STATA:

JUICIO JUICIO
ADC de prÃ³stata 3 + 4 en el lÃ³bulo izquierdo.

TÃ_x0089_CNICA:
Se realizan cortes axiales, sagitales y coronales utilizando secuencias TSE-T1, TSE-T2 sin y con saturaciÃ³n de la grasa; incluyendo estudio de alta resoluciÃ³n. Se complementa el estudio con cortes dinÃ¡micos (axiales-SPIR) tras la administraciÃ³n de gadolinio intravenoso y tardÃ­os T1 y T1-SPIR.

INFORME:
PequeÃ±os restos hemÃ¡ticos post-biopsia en el tercio medio de ambos lÃ³bulos prostÃ¡ticos, de predominio izquierdo.
Se aprecia una imagen nodular ovalada y bien delimitada, que mide 1.3 cm (T) x 1.6cm (CC) x 1.3 cm (AP) realizada en la porciÃ³n perifÃ©rica de la base-tercio medio del lÃ³bulo prostÃ¡tico izquierdo, muy hipointensa en T2, con captaciÃ³n tÃ©nue de predominio perifÃ©rico tras la administraciÃ³n del contraste intravenoso, asociando restricciÃ³n en difusiÃ³n, compatible con afectaciÃ³n neoplÃ¡sica, ya biopsiada. La lesiÃ³n afecta a menos de la mitad del lÃ³bulo prostÃ¡tico izquierdo, abombando a la cÃ¡psula prostÃ¡tica y adelgazÃ¡ndola, aparentemente sin atravesarla.
No se objetivan adenopatÃ­as de tamaÃ±o significativo en la cadena iliaca bilateral ni pÃ©lvicas.
LÃ³bulo prostÃ¡tico derecho con hiperseÃ±al conservada en la secuencia T2.
Ambas vesÃ­culas seminales y bandeletas neuro-vasculares sin aparentes alteraciones valorables.
Los hallazgos son compatibles por RM con afectaciÃ³n neoplÃ¡sica del lÃ³bulo izquierdo, que se clasificarÃ­a como T2A N0.
Vejiga urinaria a media repleciÃ³n, sin alteraciones de la pared ni del contenido.
Signos de discopatÃ­a lumbar degenerativa con protrusiÃ³n pÃ³stero-medial de base ancha L5-S1 y desgarro puntiforme del anillo fibroso posterior.
Hernia inguinal bilateral con contenido graso, de mayor volumen en el lado derecho, no complicada.


CONCLUSIÃ_x0093_N:
AfectaciÃ³n neoplÃ¡sica del lÃ³bulo prostÃ¡tico izquierdo, que se clasificarÃ­a por RM como T2A N0.

",XNAT03_S02753,XNAT03_E04968
sub-006586,ses-007176,/mnt/ceib/datalake/FISABIO_datalake/prueba/p0052021_reborn/sub-006586/ses-007176/mim-mr/anat/sub-006586_ses-007176_acq-fse_run-8_bp-prostate_vp-ax_T2w.nii.gz,/mnt/ceib/datalake/FISABIO_datalake/prueba/p0052021_reborn/sub-006586/ses-007176/mim-mr/dwi/sub-006586_ses-007176_acq-bvalue_run-4_bp-prostate_vp-ax_dwi.nii.gz,/mnt/ceib/datalake/FISABIO_datalake/prueba/p0052021_reborn/sub-006586/ses-007176/mim-mr/dwi/sub-006586_ses-007176_acq-adc_run-401_bp-prostate_vp-ax_dwi.nii.gz,21.0,67.0,,,,10.9,,,1.0,1941-09-21,2009-06-23,train,False,,val,ses-007176,sub-006586,p0052021,,https://ceib.cipf.es/xnat2/data/projects/p0052021/experiments/XNAT03_E04968?format=html,21,67,,,,10.90000000000000,,5,1,True,"
PACIENTE: <NAME> <NAME>, <NAME>
PRESCRIPCION:  Dr.  <NAME>

<LOC> <LOC> , <FECHA> <FECHA> <FECHA> <FECHA> <FECHA>

RESONANCIA MAGNETICA RESONANCIA PRÃ_x0093_STATA:

JUICIO JUICIO
ADC de prÃ³stata 3 + 4 en el lÃ³bulo izquierdo.

TÃ_x0089_CNICA:
Se realizan cortes axiales, sagitales y coronales utilizando secuencias TSE-T1, TSE-T2 sin y con saturaciÃ³n de la grasa; incluyendo estudio de alta resoluciÃ³n. Se complementa el estudio con cortes dinÃ¡micos (axiales-SPIR) tras la administraciÃ³n de gadolinio intravenoso y tardÃ­os T1 y T1-SPIR.

INFORME:
PequeÃ±os restos hemÃ¡ticos post-biopsia en el tercio medio de ambos lÃ³bulos prostÃ¡ticos, de predominio izquierdo.
Se aprecia una imagen nodular ovalada y bien delimitada, que mide 1.3 cm (T) x 1.6cm (CC) x 1.3 cm (AP) realizada en la porciÃ³n perifÃ©rica de la base-tercio medio del lÃ³bulo prostÃ¡tico izquierdo, muy hipointensa en T2, con captaciÃ³n tÃ©nue de predominio perifÃ©rico tras la administraciÃ³n del contraste intravenoso, asociando restricciÃ³n en difusiÃ³n, compatible con afectaciÃ³n neoplÃ¡sica, ya biopsiada. La lesiÃ³n afecta a menos de la mitad del lÃ³bulo prostÃ¡tico izquierdo, abombando a la cÃ¡psula prostÃ¡tica y adelgazÃ¡ndola, aparentemente sin atravesarla.
No se objetivan adenopatÃ­as de tamaÃ±o significativo en la cadena iliaca bilateral ni pÃ©lvicas.
LÃ³bulo prostÃ¡tico derecho con hiperseÃ±al conservada en la secuencia T2.
Ambas vesÃ­culas seminales y bandeletas neuro-vasculares sin aparentes alteraciones valorables.
Los hallazgos son compatibles por RM con afectaciÃ³n neoplÃ¡sica del lÃ³bulo izquierdo, que se clasificarÃ­a como T2A N0.
Vejiga urinaria a media repleciÃ³n, sin alteraciones de la pared ni del contenido.
Signos de discopatÃ­a lumbar degenerativa con protrusiÃ³n pÃ³stero-medial de base ancha L5-S1 y desgarro puntiforme del anillo fibroso posterior.
Hernia inguinal bilateral con contenido graso, de mayor volumen en el lado derecho, no complicada.


CONCLUSIÃ_x0093_N:
AfectaciÃ³n neoplÃ¡sica del lÃ³bulo prostÃ¡tico izquierdo, que se clasificarÃ­a por RM como T2A N0.

",XNAT03_S02753,XNAT03_E04968
sub-000409,ses-000425,/mnt/ceib/datalake/FISABIO_datalake/prueba/p0052021_reborn/sub-000409/ses-000425/mim-mr/anat/sub-000409_ses-000425_acq-fse_run-6_bp-prostate_vp-ax_T2w.nii.gz,/mnt/ceib/datalake/FISABIO_datalake/prueba/p0052021_reborn/sub-000409/ses-000425/mim-mr/dwi/sub-000409_ses-000425_acq-bvalue_run-8_bp-prostate_vp-ax_dwi.nii.gz,/mnt/ceib/datalake/FISABIO_datalake/prueba/p0052021_reborn/sub-000409/ses-000425/mim-mr/dwi/sub-000409_ses-000425_acq-adc_run-801_bp-prostate_vp-ax_dwi.nii.gz,21.0,71.0,,,,,,,1.0,1942-10-07,2013-11-16,train,False,,val,ses-000425,sub-000409,p0052021,,https://ceib.cipf.es/xnat2/data/projects/p0052021/experiments/XNAT3_E92204?format=html,21,71,,,,,,,1,True,"

PACIENTE: <NAME> , <NAME> <NAME>
PRESCRIPCION:  Dr.

<LOC> <LOC> , 3 de FEBRERO de 2014

RESONANCIA MAGNETICA DE PRÓSTATA:

JUICIO JUICIO
Adenocarcinoma de próstata en lóbulo izquierdo.

TÉCNICA:
Se realizan cortes axiales, sagitales y coronales utilizando secuencias TSE-T1, TSE-T2 sin y con saturación de la grasa; incluyendo estudio de alta resolución. Se complementa el estudio con cortes dinámicos (axiales-SPIR) tras la administración de gadolinio intravenoso y tardíos T1 y T1-SPIR.

INFORME:
Como hallazgo incidental se visualizan cambios degenerativos en ambas caderas, principalmente en la derecha y divertículos en sigma, no mostrando en cualquier caso lesiones óseas sugestivas de metástasis en las estructuras incluidas en el estudio.
Tampoco se objetivan adenopatías significativas, aunque existen algunos pequeños ganglios redondeados hipointensos en la grasa circundante a la vertiente ántero-lateral de la cúpula vesical, principalmente la derecha, destacando también un engrosamiento asimétrico extenso de la pared en la vejiga más acusado en la vertiente póstero-lateral izquierda de ésta, que podría estar relacionado al menos parcialmente con la significativa hipertrofia prostática fundamentalmente a expensas de su porción central heterogénea, destacando un realce mayor y más precoz en la vertiente izquierda de dicha porción central y también una discreta alteración de la intensidad de señal de forma difusa en el lóbulo periférico izquierdo, que también parece mostrar una sutil captación mayor que el derecho tras la administración de contraste intravenoso, mostrando en éste como en la secuencia T2 una pequeña imagen a nivel de las bandeletas neurovasculares una posible infiltración más allá de la cápsula prostática, por lo que estariamos ante un estadio probable T3 o con menor probabilidad T2.

CONCLUSIÓN:
Posible afectación del lóbulo periférico izquierdo por adenocarcinoma de próstata, no pudiendo excluir la afectación de la vertiente izquierda de la porción central, también heterogénea y con aumento de la captación de contraste, resultando un estadio probable T3 por mínima afectación de la grasa periprostática, aproximadamente a nivel de la bandeleta neurovascular izquierda.




 Numero  de  Estudio:  <NUM> 
Apellidos y nombre: PERRY , DAVID FRANK
Fecha  de  Nacimiento:  <FECHA> 
SIP:  <NUM>

===========    Informe  del  Estudio =========== 

RM PELVIS VESICOPROSTATICA    



					PACIENTE: <NAME> , DAVID FRANK
					PRESCRIPCION:  Dr.  
					
				<NAME> <NAME> , 3 de FEBRERO de 2014

	RESONANCIA MAGNETICA DE PRÓSTATA:

	<NAME> CLÍNICO:
	Adenocarcinoma de próstata en lóbulo izquierdo.

	TÉCNICA:
	Se realizan cortes axiales, sagitales y coronales utilizando secuencias TSE-T1, TSE-T2 sin y con saturación de la grasa; incluyendo estudio de alta resolución. Se complementa el estudio con cortes dinámicos (axiales-SPIR) tras la administración de gadolinio intravenoso y tardíos T1 y T1-SPIR.

	INFORME:
	Como hallazgo incidental se visualizan cambios degenerativos en ambas caderas, principalmente en la derecha y divertículos en sigma, no mostrando en cualquier caso lesiones óseas sugestivas de metástasis en las estructuras incluidas en el estudio.
	Tampoco se objetivan adenopatías significativas, aunque existen algunos pequeños ganglios redondeados hipointensos en la grasa circundante a la vertiente ántero-lateral de la cúpula vesical, principalmente la derecha, destacando también un engrosamiento asimétrico extenso de la pared en la vejiga más acusado en la vertiente póstero-lateral izquierda de ésta, que podría estar relacionado al menos parcialmente con la significativa hipertrofia prostática fundamentalmente a expensas de su porción central heterogénea, destacando un realce mayor y más precoz en la vertiente izquierda de dicha porción central y también una discreta alteración de la intensidad de señal de forma difusa en el lóbulo periférico izquierdo, que también parece mostrar una sutil captación mayor que el derecho tras la administración de contraste intravenoso, mostrando en éste como en la secuencia T2 una pequeña imagen a nivel de las bandeletas neurovasculares una posible infiltración más allá de la cápsula prostática, por lo que estariamos ante un estadio probable T3 o con menor probabilidad T2.

	CONCLUSIÓN:
	Posible afectación del lóbulo periférico izquierdo por adenocarcinoma de próstata, no pudiendo excluir la afectación de la vertiente izquierda de la porción central, también heterogénea y con aumento de la captación de contraste, resultando un estadio probable T3 por mínima afectación de la grasa periprostática, aproximadamente a nivel de la bandeleta neurovascular izquierda.





============================================= 

Información: 
            Fecha  del  Informe:  <DIR><DIR>-<FECHA>
			Autor: <NAME> <NAME>, <NAME> <NAME>
",XNAT3_S37147,XNAT3_E92204
sub-000409,ses-000425,/mnt/ceib/datalake/FISABIO_datalake/prueba/p0052021_reborn/sub-000409/ses-000425/mim-mr/anat/sub-000409_ses-000425_acq-fse_run-7_bp-prostate_vp-ax_T2w.nii.gz,/mnt/ceib/datalake/FISABIO_datalake/prueba/p0052021_reborn/sub-000409/ses-000425/mim-mr/dwi/sub-000409_ses-000425_acq-bvalue_run-8_bp-prostate_vp-ax_dwi.nii.gz,/mnt/ceib/datalake/FISABIO_datalake/prueba/p0052021_reborn/sub-000409/ses-000425/mim-mr/dwi/sub-000409_ses-000425_acq-adc_run-801_bp-prostate_vp-ax_dwi.nii.gz,21.0,71.0,,,,,,,1.0,1942-10-07,2013-11-16,train,False,,val,ses-000425,sub-000409,p0052021,,https://ceib.cipf.es/xnat2/data/projects/p0052021/experiments/XNAT3_E92204?format=html,21,71,,,,,,,1,True,"

PACIENTE: <NAME> , <NAME> <NAME>
PRESCRIPCION:  Dr.

<LOC> <LOC> , 3 de FEBRERO de 2014

RESONANCIA MAGNETICA DE PRÓSTATA:

JUICIO JUICIO
Adenocarcinoma de próstata en lóbulo izquierdo.

TÉCNICA:
Se realizan cortes axiales, sagitales y coronales utilizando secuencias TSE-T1, TSE-T2 sin y con saturación de la grasa; incluyendo estudio de alta resolución. Se complementa el estudio con cortes dinámicos (axiales-SPIR) tras la administración de gadolinio intravenoso y tardíos T1 y T1-SPIR.

INFORME:
Como hallazgo incidental se visualizan cambios degenerativos en ambas caderas, principalmente en la derecha y divertículos en sigma, no mostrando en cualquier caso lesiones óseas sugestivas de metástasis en las estructuras incluidas en el estudio.
Tampoco se objetivan adenopatías significativas, aunque existen algunos pequeños ganglios redondeados hipointensos en la grasa circundante a la vertiente ántero-lateral de la cúpula vesical, principalmente la derecha, destacando también un engrosamiento asimétrico extenso de la pared en la vejiga más acusado en la vertiente póstero-lateral izquierda de ésta, que podría estar relacionado al menos parcialmente con la significativa hipertrofia prostática fundamentalmente a expensas de su porción central heterogénea, destacando un realce mayor y más precoz en la vertiente izquierda de dicha porción central y también una discreta alteración de la intensidad de señal de forma difusa en el lóbulo periférico izquierdo, que también parece mostrar una sutil captación mayor que el derecho tras la administración de contraste intravenoso, mostrando en éste como en la secuencia T2 una pequeña imagen a nivel de las bandeletas neurovasculares una posible infiltración más allá de la cápsula prostática, por lo que estariamos ante un estadio probable T3 o con menor probabilidad T2.

CONCLUSIÓN:
Posible afectación del lóbulo periférico izquierdo por adenocarcinoma de próstata, no pudiendo excluir la afectación de la vertiente izquierda de la porción central, también heterogénea y con aumento de la captación de contraste, resultando un estadio probable T3 por mínima afectación de la grasa periprostática, aproximadamente a nivel de la bandeleta neurovascular izquierda.




 Numero  de  Estudio:  <NUM> 
Apellidos y nombre: PERRY , DAVID FRANK
Fecha  de  Nacimiento:  <FECHA> 
SIP:  <NUM>

===========    Informe  del  Estudio =========== 

RM PELVIS VESICOPROSTATICA    



					PACIENTE: <NAME> , DAVID FRANK
					PRESCRIPCION:  Dr.  
					
				<NAME> <NAME> , 3 de FEBRERO de 2014

	RESONANCIA MAGNETICA DE PRÓSTATA:

	<NAME> CLÍNICO:
	Adenocarcinoma de próstata en lóbulo izquierdo.

	TÉCNICA:
	Se realizan cortes axiales, sagitales y coronales utilizando secuencias TSE-T1, TSE-T2 sin y con saturación de la grasa; incluyendo estudio de alta resolución. Se complementa el estudio con cortes dinámicos (axiales-SPIR) tras la administración de gadolinio intravenoso y tardíos T1 y T1-SPIR.

	INFORME:
	Como hallazgo incidental se visualizan cambios degenerativos en ambas caderas, principalmente en la derecha y divertículos en sigma, no mostrando en cualquier caso lesiones óseas sugestivas de metástasis en las estructuras incluidas en el estudio.
	Tampoco se objetivan adenopatías significativas, aunque existen algunos pequeños ganglios redondeados hipointensos en la grasa circundante a la vertiente ántero-lateral de la cúpula vesical, principalmente la derecha, destacando también un engrosamiento asimétrico extenso de la pared en la vejiga más acusado en la vertiente póstero-lateral izquierda de ésta, que podría estar relacionado al menos parcialmente con la significativa hipertrofia prostática fundamentalmente a expensas de su porción central heterogénea, destacando un realce mayor y más precoz en la vertiente izquierda de dicha porción central y también una discreta alteración de la intensidad de señal de forma difusa en el lóbulo periférico izquierdo, que también parece mostrar una sutil captación mayor que el derecho tras la administración de contraste intravenoso, mostrando en éste como en la secuencia T2 una pequeña imagen a nivel de las bandeletas neurovasculares una posible infiltración más allá de la cápsula prostática, por lo que estariamos ante un estadio probable T3 o con menor probabilidad T2.

	CONCLUSIÓN:
	Posible afectación del lóbulo periférico izquierdo por adenocarcinoma de próstata, no pudiendo excluir la afectación de la vertiente izquierda de la porción central, también heterogénea y con aumento de la captación de contraste, resultando un estadio probable T3 por mínima afectación de la grasa periprostática, aproximadamente a nivel de la bandeleta neurovascular izquierda.





============================================= 

Información: 
            Fecha  del  Informe:  <DIR><DIR>-<FECHA>
			Autor: <NAME> <NAME>, <NAME> <NAME>
",XNAT3_S37147,XNAT3_E92204
sub-007828,ses-008664,/mnt/ceib/datalake/FISABIO_datalake/prueba/p0052021_reborn/sub-007828/ses-008664/mim-mr/anat/sub-007828_ses-008664_acq-propeller_run-1000_bp-prostate_vp-ax_T2w.nii.gz,/mnt/ceib/datalake/FISABIO_datalake/prueba/p0052021_reborn/sub-007828/ses-008664/mim-mr/dwi/sub-007828_ses-008664_acq-bvalue_run-7_bp-prostate_vp-ax_dwi.nii.gz,/mnt/ceib/datalake/FISABIO_datalake/prueba/p0052021_reborn/sub-007828/ses-008664/mim-mr/dwi/sub-007828_ses-008664_acq-adc_run-1100_bp-prostate_vp-ax_dwi.nii.gz,17.0,73.0,,,,,35.88,,1.0,1945-02-20,2018-07-25,train,False,,val,ses-008664,sub-007828,p0052021,,https://ceib.cipf.es/xnat2/data/projects/p0052021/experiments/XNAT03_E05996?format=html,17,73,,,,,35.88,,1,True,"MOTIVO MOTIVO MOTIVO elevación del PSA.

EXPLORACIÓN REALIZADA: RM DE PRÓSTATA MULTIPARAMÉTRICA, SIN ESPECTRO: Se realizan cortes axiales coronales y sagitales, empleando secuencias TSE potenciadas en TSE T2, T2 FS, secuencia de difusión y mapa ADC, TSE T1 previo y tras la administración de gadolinio endovenoso, con estudio de perfusión mediante LAVA GENiq, (Dotarem), se analizan curvas de captación. Se administra 1 amp. de buscapina IV previo al estudio (con el fin de disminuir artefactos por movimientos peristálticos intestinales).


INFORME

Próstata de 5 x 4,6 x 3 cms de diámetros CC x T x AP.
La zona transicional se muestra heterogénea en relación con cambios quísticos- adenomatosos.
La zona periférica: presenta una lesión que infiltra todo el LI y la región paramedila posterior derecha del LD, en la zona media y basal, que se muestra hipointensa en T2, muestra restricción en la secuencia de difusión (mapa ADC bajo) y captación de contraste, sospechosa de malignidad. La lesión contacta ampliamente con la cápsula, y se extiende hacia región basal de ambas vesículas seminales.
Las bandeletas neurovasculares se muestran conservadas.
En la lines de reflexión peritoneal se observa un pequeño nódulo de 9 mm, hipointenso en T2, no muestra restricción en difusión ni captación de contraste, por lo uqe presenta características fibrosas, (no parece implante)
Fina lámina de líquido en la pelvis.
Pequeño ganglio en cadena iliaca externa izquierda de 5 mm (hipointenso en T2), inespecífico. No se observan ganglios de aspecto patológico en cadenas iliacas.
Vejiga de pared trabeculada, sin otros hallazgos reseñables.
Segmento distal de ambos uréteres de calibre normal.


IMPRESIÓN IMPRESIÓN
Hallazgos altamente sugestivo de neoplasia de prostata que infiltra todo el LI y se extiende a base de ambas vesículas seminales (T3b, N0)
",XNAT03_S03599,XNAT03_E05996
sub-007828,ses-008664,/mnt/ceib/datalake/FISABIO_datalake/prueba/p0052021_reborn/sub-007828/ses-008664/mim-mr/anat/sub-007828_ses-008664_acq-propeller_run-10_bp-prostate_vp-ax_T2w.nii.gz,/mnt/ceib/datalake/FISABIO_datalake/prueba/p0052021_reborn/sub-007828/ses-008664/mim-mr/dwi/sub-007828_ses-008664_acq-bvalue_run-7_bp-prostate_vp-ax_dwi.nii.gz,/mnt/ceib/datalake/FISABIO_datalake/prueba/p0052021_reborn/sub-007828/ses-008664/mim-mr/dwi/sub-007828_ses-008664_acq-adc_run-1100_bp-prostate_vp-ax_dwi.nii.gz,17.0,73.0,,,,,35.88,,1.0,1945-02-20,2018-07-25,train,False,,val,ses-008664,sub-007828,p0052021,,https://ceib.cipf.es/xnat2/data/projects/p0052021/experiments/XNAT03_E05996?format=html,17,73,,,,,35.88,,1,True,"MOTIVO MOTIVO MOTIVO elevación del PSA.

EXPLORACIÓN REALIZADA: RM DE PRÓSTATA MULTIPARAMÉTRICA, SIN ESPECTRO: Se realizan cortes axiales coronales y sagitales, empleando secuencias TSE potenciadas en TSE T2, T2 FS, secuencia de difusión y mapa ADC, TSE T1 previo y tras la administración de gadolinio endovenoso, con estudio de perfusión mediante LAVA GENiq, (Dotarem), se analizan curvas de captación. Se administra 1 amp. de buscapina IV previo al estudio (con el fin de disminuir artefactos por movimientos peristálticos intestinales).


INFORME

Próstata de 5 x 4,6 x 3 cms de diámetros CC x T x AP.
La zona transicional se muestra heterogénea en relación con cambios quísticos- adenomatosos.
La zona periférica: presenta una lesión que infiltra todo el LI y la región paramedila posterior derecha del LD, en la zona media y basal, que se muestra hipointensa en T2, muestra restricción en la secuencia de difusión (mapa ADC bajo) y captación de contraste, sospechosa de malignidad. La lesión contacta ampliamente con la cápsula, y se extiende hacia región basal de ambas vesículas seminales.
Las bandeletas neurovasculares se muestran conservadas.
En la lines de reflexión peritoneal se observa un pequeño nódulo de 9 mm, hipointenso en T2, no muestra restricción en difusión ni captación de contraste, por lo uqe presenta características fibrosas, (no parece implante)
Fina lámina de líquido en la pelvis.
Pequeño ganglio en cadena iliaca externa izquierda de 5 mm (hipointenso en T2), inespecífico. No se observan ganglios de aspecto patológico en cadenas iliacas.
Vejiga de pared trabeculada, sin otros hallazgos reseñables.
Segmento distal de ambos uréteres de calibre normal.


IMPRESIÓN IMPRESIÓN
Hallazgos altamente sugestivo de neoplasia de prostata que infiltra todo el LI y se extiende a base de ambas vesículas seminales (T3b, N0)
",XNAT03_S03599,XNAT03_E05996
sub-007828,ses-008664,/mnt/ceib/datalake/FISABIO_datalake/prueba/p0052021_reborn/sub-007828/ses-008664/mim-mr/anat/sub-007828_ses-008664_acq-propeller_run-5_bp-prostate_vp-ax_T2w.nii.gz,/mnt/ceib/datalake/FISABIO_datalake/prueba/p0052021_reborn/sub-007828/ses-008664/mim-mr/dwi/sub-007828_ses-008664_acq-bvalue_run-7_bp-prostate_vp-ax_dwi.nii.gz,/mnt/ceib/datalake/FISABIO_datalake/prueba/p0052021_reborn/sub-007828/ses-008664/mim-mr/dwi/sub-007828_ses-008664_acq-adc_run-1100_bp-prostate_vp-ax_dwi.nii.gz,17.0,73.0,,,,,35.88,,1.0,1945-02-20,2018-07-25,train,False,,val,ses-008664,sub-007828,p0052021,,https://ceib.cipf.es/xnat2/data/projects/p0052021/experiments/XNAT03_E05996?format=html,17,73,,,,,35.88,,1,True,"MOTIVO MOTIVO MOTIVO elevación del PSA.

EXPLORACIÓN REALIZADA: RM DE PRÓSTATA MULTIPARAMÉTRICA, SIN ESPECTRO: Se realizan cortes axiales coronales y sagitales, empleando secuencias TSE potenciadas en TSE T2, T2 FS, secuencia de difusión y mapa ADC, TSE T1 previo y tras la administración de gadolinio endovenoso, con estudio de perfusión mediante LAVA GENiq, (Dotarem), se analizan curvas de captación. Se administra 1 amp. de buscapina IV previo al estudio (con el fin de disminuir artefactos por movimientos peristálticos intestinales).


INFORME

Próstata de 5 x 4,6 x 3 cms de diámetros CC x T x AP.
La zona transicional se muestra heterogénea en relación con cambios quísticos- adenomatosos.
La zona periférica: presenta una lesión que infiltra todo el LI y la región paramedila posterior derecha del LD, en la zona media y basal, que se muestra hipointensa en T2, muestra restricción en la secuencia de difusión (mapa ADC bajo) y captación de contraste, sospechosa de malignidad. La lesión contacta ampliamente con la cápsula, y se extiende hacia región basal de ambas vesículas seminales.
Las bandeletas neurovasculares se muestran conservadas.
En la lines de reflexión peritoneal se observa un pequeño nódulo de 9 mm, hipointenso en T2, no muestra restricción en difusión ni captación de contraste, por lo uqe presenta características fibrosas, (no parece implante)
Fina lámina de líquido en la pelvis.
Pequeño ganglio en cadena iliaca externa izquierda de 5 mm (hipointenso en T2), inespecífico. No se observan ganglios de aspecto patológico en cadenas iliacas.
Vejiga de pared trabeculada, sin otros hallazgos reseñables.
Segmento distal de ambos uréteres de calibre normal.


IMPRESIÓN IMPRESIÓN
Hallazgos altamente sugestivo de neoplasia de prostata que infiltra todo el LI y se extiende a base de ambas vesículas seminales (T3b, N0)
",XNAT03_S03599,XNAT03_E05996
sub-007768,ses-008589,/mnt/ceib/datalake/FISABIO_datalake/prueba/p0052021_reborn/sub-007768/ses-008589/mim-mr/anat/sub-007768_ses-008589_acq-propeller_run-4_bp-prostate_vp-ax_T2w.nii.gz,/mnt/ceib/datalake/FISABIO_datalake/prueba/p0052021_reborn/sub-007768/ses-008589/mim-mr/dwi/sub-007768_ses-008589_acq-bvalue_run-5_bp-prostate_vp-ax_dwi.nii.gz,/mnt/ceib/datalake/FISABIO_datalake/prueba/p0052021_reborn/sub-007768/ses-008589/mim-mr/dwi/sub-007768_ses-008589_acq-adc_run-801_bp-prostate_vp-ax_dwi.nii.gz,17.0,70.0,,2.0,,7.06,40.513200000000005,5.0,1.0,1940-08-15,2010-06-27,train,False,,val,ses-008589,sub-007768,p0052021,,https://ceib.cipf.es/xnat2/data/projects/p0052021/experiments/XNAT03_E06460?format=html,17,69,,1.0,,7.060000000000000,40.5132,"[3, 3, 2, 4, 4, 5, 5]",1,True,"INFORMACIÓN INFORMACIÓN Adenocarcinoma de próstata Gleason 6.

EXPLORACIÓN REALIZADA: RM DE PRÓSTATA MULTIPARAMÉTRICA
Se realizan cortes axiales, coronales y sagitales, empleando secuencias TSE potenciadas en T2 y T2 FS, secuencia de difusión con su respectivo mapa de ADC y TSE T1 previo y tras la administración de gadolinio endovenoso, con estudio de perfusión mediante LAVA GENiq (Dotarem), analizando las curvas de captación. Se administra 1 amp. de buscapina IV previo al estudio (con el fin de disminuir artefactos secundarios por movimientos peristálticos intestinales).

INFORME:

Próstata de 4.2 x 5.3 x 3.5 cm (CCxTx AP). Volumen aproximado de 40.5 cc.
-La zona transicional se muestra aumentada de tamaño y heterogénea, en relación con cambios quísticos-adenomatosos.
1. En su vertiente anterior e izquierda (TZa), se aprecia nódulo redondeado, de mayor hipointensidad, mal definido, muestra marcada restricción en la secuencia de difusión, con un valor bajo en la cuantificación en el mapa  ADC. Mide aproximadamente 12,6 x 14,5 x 20 mm (APxTxCC), contacta con la cápsula, en algún punto la borra. Dichos hallazgos sugieren lesión Pirad 5.

- La zona periférica presenta un grosor conservado, discretamente hipointensa de forma difusa, (probablemente relacionado en parte con cambios inflamatorios crónicos),
1. Se identifica en la región posterior de ambos lóbulos un área de mayor hipointensidad con escasa restricción en la secuencia de difusión mal definidas, que podrían corresponder a lesiones Pirads 3.
2. Se aprecia una pequeña lesión de 5 mm redondeada apical parauretral derecha, muestra restricción en la secuencia de difusión, compatible con lesión Pirad 4.
Asimetría en cuanto a la captación de ambas bandeletas, siendo mayor en el lado derecho, de características inespecíficas, aunque probablemente relacionado con cambios inflamatorios, ya que persiste pequeños hematomas post biopsias en la zona periférica.
Las vesículas seminales presentan morfología e intensidad de señal conservada.
No se aprecian adenopatías que por su tamaño o morfología sean sospechosos.
Vejiga de pared trabeculada. Segmento distal de ambos uréteres de calibre normal.
No se observa líquido libre en la pelvis.

IMPRESIÓN IMPRESIÓN

Nódulo Pirads 5 en zona transición anterior del lóbulo izquierdo, con una probabilidad de 3/5 de afectación capsular.
Nódulo Pirads 4 de 5 mm apical periureteral derecha.
Lesiones Pirads 3, en zona periférica, posterior, media, de ambos lóbulos.
Estadio T2 / T3a.
 INFORME ORIGINAL: <NUM> FECHA: <FECHA> FIRMADO: <NUM> <NAME> <NAME>, <NAME>

INFORMACIÓN INFORMACIÓN Adenocarcinoma de próstata Gleason 6.

EXPLORACIÓN REALIZADA: RM DE PRÓSTATA MULTIPARAMÉTRICA
Se realizan cortes axiales, coronales y sagitales, empleando secuencias TSE potenciadas en T2 y T2 FS, secuencia de difusión con su respectivo mapa de ADC y TSE T1 previo y tras la administración de gadolinio endovenoso, con estudio de perfusión mediante LAVA GENiq (Dotarem), analizando las curvas de captación. Se administra 1 amp. de buscapina IV previo al estudio (con el fin de disminuir artefactos secundarios por movimientos peristálticos intestinales).

INFORME:

Próstata de 4.2 x 5.3 x 3.5 cm (CCxTx AP). Volumen aproximado de 40.5 cc.
-La zona transicional se muestra aumentada de tamaño y heterogénea, en relación con cambios quísticos-adenomatosos.
1. En su vertiente anterior e izquierda (TZa), se aprecia nódulo redondeado, de mayor hipointensidad, mal definido, muestra marcada restricción en la secuencia de difusión, con un valor bajo en la cuantificación en el mapa  ADC. Mide aproximadamente 12,6 x 14,5 x 20 mm (APxTxCC), contacta con la cápsula, en algún punto la borra. Dichos hallazgos sugieren lesión Pirad 5.

- La zona periférica presenta un grosor conservado, discretamente hipointensa de forma difusa, (probablemente relacionado en parte con cambios inflamatorios crónicos),
1. Se identifica en la región posterior de ambos lóbulos un área de mayor hipointensidad con escasa restricción en la secuencia de difusión mal definidas, que podrían corresponder a lesiones Pirads 3.
2. Se aprecia una pequeña lesión de 5 mm redondeada apical parauretral derecha, muestra restricción en la secuencia de difusión, compatible con lesión Pirad 4.
Asimetría en cuanto a la captación de ambas bandeletas, siendo mayor en el lado derecho, de características inespecíficas, aunque probablemente relacionado con cambios inflamatorios, ya que persiste pequeños hematomas post biopsias en la zona periférica.
Las vesículas seminales presentan morfología e intensidad de señal conservada.
No se aprecian adenopatías que por su tamaño o morfología sean sospechosos.
Vejiga de pared trabeculada. Segmento distal de ambos uréteres de calibre normal.
No se observa líquido libre en la pelvis.

IMPRESIÓN IMPRESIÓN

Nódulo Pirads 5 en zona transición anterior del lóbulo izquierdo, con una probabilidad de 3/5 de afectación capsular.
Nódulo Pirads 4 de 5 mm apical periureteral derecha.
Lesiones Pirads 3, en zona periférica, posterior, media, de ambos lóbulos.
Estadio T2 / T3a.

ANEXO: <NUM> FECHA: <FECHA> FIRMADO: <NUM> <NAME> <NAME>, <NAME>

INFORMACIÓN INFORMACIÓN Adenocarcinoma de próstata Gleason 6.

EXPLORACIÓN REALIZADA: RM DE PRÓSTATA MULTIPARAMÉTRICA
Se realizan cortes axiales, coronales y sagitales, empleando secuencias TSE potenciadas en T2 y T2 FS, secuencia de difusión con su respectivo mapa de ADC y TSE T1 previo y tras la administración de gadolinio endovenoso, con estudio de perfusión mediante LAVA GENiq (Dotarem), analizando las curvas de captación. Se administra 1 amp. de buscapina IV previo al estudio (con el fin de disminuir artefactos secundarios por movimientos peristálticos intestinales).

INFORME:

Próstata de 4.2 x 5.3 x 3.5 cm (CCxTx AP). Volumen aproximado de 40.5 cc.
-La zona transicional se muestra aumentada de tamaño y heterogénea, en relación con cambios quísticos-adenomatosos.
1. En su vertiente anterior e izquierda (TZa), se aprecia nódulo redondeado, de mayor hipointensidad, mal definido, muestra marcada restricción en la secuencia de difusión, con un valor bajo en la cuantificación en el mapa  ADC. Mide aproximadamente 12,6 x 14,5 x 20 mm (APxTxCC), contacta con la cápsula, en algún punto la borra. Dichos hallazgos sugieren lesión Pirad 5.

- La zona periférica presenta un grosor conservado, discretamente hipointensa de forma difusa, (probablemente relacionado en parte con cambios inflamatorios crónicos),
1. Se identifica en la región posterior de ambos lóbulos un área de mayor hipointensidad con escasa restricción en la secuencia de difusión mal definidas, que podrían corresponder a lesiones Pirads 3.
2. Se aprecia una pequeña lesión de 5 mm redondeada apical parauretral derecha, muestra restricción en la secuencia de difusión, compatible con lesión Pirad 4.
Asimetría en cuanto a la captación de ambas bandeletas, siendo mayor en el lado derecho, de características inespecíficas, aunque probablemente relacionado con cambios inflamatorios, ya que persiste pequeños hematomas post biopsias en la zona periférica.
Las vesículas seminales presentan morfología e intensidad de señal conservada.
No se aprecian adenopatías que por su tamaño o morfología sean sospechosos.
Vejiga de pared trabeculada. Segmento distal de ambos uréteres de calibre normal.
No se observa líquido libre en la pelvis.

IMPRESIÓN IMPRESIÓN

Nódulo Pirads 5 en zona transición anterior del lóbulo izquierdo, con afectación capsular.
Nódulo Pirads 4 de 5 mm apical parauretral derecha.
Lesiones Pirads 3, en zona periférica, posterior, media, de ambos lóbulos.
Estadio T3a.
",XNAT03_S03976,XNAT03_E06460
sub-007768,ses-008589,/mnt/ceib/datalake/FISABIO_datalake/prueba/p0052021_reborn/sub-007768/ses-008589/mim-mr/anat/sub-007768_ses-008589_acq-propeller_run-700_bp-prostate_vp-ax_T2w.nii.gz,/mnt/ceib/datalake/FISABIO_datalake/prueba/p0052021_reborn/sub-007768/ses-008589/mim-mr/dwi/sub-007768_ses-008589_acq-bvalue_run-5_bp-prostate_vp-ax_dwi.nii.gz,/mnt/ceib/datalake/FISABIO_datalake/prueba/p0052021_reborn/sub-007768/ses-008589/mim-mr/dwi/sub-007768_ses-008589_acq-adc_run-801_bp-prostate_vp-ax_dwi.nii.gz,17.0,70.0,,2.0,,7.06,40.513200000000005,5.0,1.0,1940-08-15,2010-06-27,train,False,,val,ses-008589,sub-007768,p0052021,,https://ceib.cipf.es/xnat2/data/projects/p0052021/experiments/XNAT03_E06460?format=html,17,69,,1.0,,7.060000000000000,40.5132,"[3, 3, 2, 4, 4, 5, 5]",1,True,"INFORMACIÓN INFORMACIÓN Adenocarcinoma de próstata Gleason 6.

EXPLORACIÓN REALIZADA: RM DE PRÓSTATA MULTIPARAMÉTRICA
Se realizan cortes axiales, coronales y sagitales, empleando secuencias TSE potenciadas en T2 y T2 FS, secuencia de difusión con su respectivo mapa de ADC y TSE T1 previo y tras la administración de gadolinio endovenoso, con estudio de perfusión mediante LAVA GENiq (Dotarem), analizando las curvas de captación. Se administra 1 amp. de buscapina IV previo al estudio (con el fin de disminuir artefactos secundarios por movimientos peristálticos intestinales).

INFORME:

Próstata de 4.2 x 5.3 x 3.5 cm (CCxTx AP). Volumen aproximado de 40.5 cc.
-La zona transicional se muestra aumentada de tamaño y heterogénea, en relación con cambios quísticos-adenomatosos.
1. En su vertiente anterior e izquierda (TZa), se aprecia nódulo redondeado, de mayor hipointensidad, mal definido, muestra marcada restricción en la secuencia de difusión, con un valor bajo en la cuantificación en el mapa  ADC. Mide aproximadamente 12,6 x 14,5 x 20 mm (APxTxCC), contacta con la cápsula, en algún punto la borra. Dichos hallazgos sugieren lesión Pirad 5.

- La zona periférica presenta un grosor conservado, discretamente hipointensa de forma difusa, (probablemente relacionado en parte con cambios inflamatorios crónicos),
1. Se identifica en la región posterior de ambos lóbulos un área de mayor hipointensidad con escasa restricción en la secuencia de difusión mal definidas, que podrían corresponder a lesiones Pirads 3.
2. Se aprecia una pequeña lesión de 5 mm redondeada apical parauretral derecha, muestra restricción en la secuencia de difusión, compatible con lesión Pirad 4.
Asimetría en cuanto a la captación de ambas bandeletas, siendo mayor en el lado derecho, de características inespecíficas, aunque probablemente relacionado con cambios inflamatorios, ya que persiste pequeños hematomas post biopsias en la zona periférica.
Las vesículas seminales presentan morfología e intensidad de señal conservada.
No se aprecian adenopatías que por su tamaño o morfología sean sospechosos.
Vejiga de pared trabeculada. Segmento distal de ambos uréteres de calibre normal.
No se observa líquido libre en la pelvis.

IMPRESIÓN IMPRESIÓN

Nódulo Pirads 5 en zona transición anterior del lóbulo izquierdo, con una probabilidad de 3/5 de afectación capsular.
Nódulo Pirads 4 de 5 mm apical periureteral derecha.
Lesiones Pirads 3, en zona periférica, posterior, media, de ambos lóbulos.
Estadio T2 / T3a.
 INFORME ORIGINAL: <NUM> FECHA: <FECHA> FIRMADO: <NUM> <NAME> <NAME>, <NAME>

INFORMACIÓN INFORMACIÓN Adenocarcinoma de próstata Gleason 6.

EXPLORACIÓN REALIZADA: RM DE PRÓSTATA MULTIPARAMÉTRICA
Se realizan cortes axiales, coronales y sagitales, empleando secuencias TSE potenciadas en T2 y T2 FS, secuencia de difusión con su respectivo mapa de ADC y TSE T1 previo y tras la administración de gadolinio endovenoso, con estudio de perfusión mediante LAVA GENiq (Dotarem), analizando las curvas de captación. Se administra 1 amp. de buscapina IV previo al estudio (con el fin de disminuir artefactos secundarios por movimientos peristálticos intestinales).

INFORME:

Próstata de 4.2 x 5.3 x 3.5 cm (CCxTx AP). Volumen aproximado de 40.5 cc.
-La zona transicional se muestra aumentada de tamaño y heterogénea, en relación con cambios quísticos-adenomatosos.
1. En su vertiente anterior e izquierda (TZa), se aprecia nódulo redondeado, de mayor hipointensidad, mal definido, muestra marcada restricción en la secuencia de difusión, con un valor bajo en la cuantificación en el mapa  ADC. Mide aproximadamente 12,6 x 14,5 x 20 mm (APxTxCC), contacta con la cápsula, en algún punto la borra. Dichos hallazgos sugieren lesión Pirad 5.

- La zona periférica presenta un grosor conservado, discretamente hipointensa de forma difusa, (probablemente relacionado en parte con cambios inflamatorios crónicos),
1. Se identifica en la región posterior de ambos lóbulos un área de mayor hipointensidad con escasa restricción en la secuencia de difusión mal definidas, que podrían corresponder a lesiones Pirads 3.
2. Se aprecia una pequeña lesión de 5 mm redondeada apical parauretral derecha, muestra restricción en la secuencia de difusión, compatible con lesión Pirad 4.
Asimetría en cuanto a la captación de ambas bandeletas, siendo mayor en el lado derecho, de características inespecíficas, aunque probablemente relacionado con cambios inflamatorios, ya que persiste pequeños hematomas post biopsias en la zona periférica.
Las vesículas seminales presentan morfología e intensidad de señal conservada.
No se aprecian adenopatías que por su tamaño o morfología sean sospechosos.
Vejiga de pared trabeculada. Segmento distal de ambos uréteres de calibre normal.
No se observa líquido libre en la pelvis.

IMPRESIÓN IMPRESIÓN

Nódulo Pirads 5 en zona transición anterior del lóbulo izquierdo, con una probabilidad de 3/5 de afectación capsular.
Nódulo Pirads 4 de 5 mm apical periureteral derecha.
Lesiones Pirads 3, en zona periférica, posterior, media, de ambos lóbulos.
Estadio T2 / T3a.

ANEXO: <NUM> FECHA: <FECHA> FIRMADO: <NUM> <NAME> <NAME>, <NAME>

INFORMACIÓN INFORMACIÓN Adenocarcinoma de próstata Gleason 6.

EXPLORACIÓN REALIZADA: RM DE PRÓSTATA MULTIPARAMÉTRICA
Se realizan cortes axiales, coronales y sagitales, empleando secuencias TSE potenciadas en T2 y T2 FS, secuencia de difusión con su respectivo mapa de ADC y TSE T1 previo y tras la administración de gadolinio endovenoso, con estudio de perfusión mediante LAVA GENiq (Dotarem), analizando las curvas de captación. Se administra 1 amp. de buscapina IV previo al estudio (con el fin de disminuir artefactos secundarios por movimientos peristálticos intestinales).

INFORME:

Próstata de 4.2 x 5.3 x 3.5 cm (CCxTx AP). Volumen aproximado de 40.5 cc.
-La zona transicional se muestra aumentada de tamaño y heterogénea, en relación con cambios quísticos-adenomatosos.
1. En su vertiente anterior e izquierda (TZa), se aprecia nódulo redondeado, de mayor hipointensidad, mal definido, muestra marcada restricción en la secuencia de difusión, con un valor bajo en la cuantificación en el mapa  ADC. Mide aproximadamente 12,6 x 14,5 x 20 mm (APxTxCC), contacta con la cápsula, en algún punto la borra. Dichos hallazgos sugieren lesión Pirad 5.

- La zona periférica presenta un grosor conservado, discretamente hipointensa de forma difusa, (probablemente relacionado en parte con cambios inflamatorios crónicos),
1. Se identifica en la región posterior de ambos lóbulos un área de mayor hipointensidad con escasa restricción en la secuencia de difusión mal definidas, que podrían corresponder a lesiones Pirads 3.
2. Se aprecia una pequeña lesión de 5 mm redondeada apical parauretral derecha, muestra restricción en la secuencia de difusión, compatible con lesión Pirad 4.
Asimetría en cuanto a la captación de ambas bandeletas, siendo mayor en el lado derecho, de características inespecíficas, aunque probablemente relacionado con cambios inflamatorios, ya que persiste pequeños hematomas post biopsias en la zona periférica.
Las vesículas seminales presentan morfología e intensidad de señal conservada.
No se aprecian adenopatías que por su tamaño o morfología sean sospechosos.
Vejiga de pared trabeculada. Segmento distal de ambos uréteres de calibre normal.
No se observa líquido libre en la pelvis.

IMPRESIÓN IMPRESIÓN

Nódulo Pirads 5 en zona transición anterior del lóbulo izquierdo, con afectación capsular.
Nódulo Pirads 4 de 5 mm apical parauretral derecha.
Lesiones Pirads 3, en zona periférica, posterior, media, de ambos lóbulos.
Estadio T3a.
",XNAT03_S03976,XNAT03_E06460
sub-007768,ses-008589,/mnt/ceib/datalake/FISABIO_datalake/prueba/p0052021_reborn/sub-007768/ses-008589/mim-mr/anat/sub-007768_ses-008589_acq-propeller_run-7_bp-prostate_vp-ax_T2w.nii.gz,/mnt/ceib/datalake/FISABIO_datalake/prueba/p0052021_reborn/sub-007768/ses-008589/mim-mr/dwi/sub-007768_ses-008589_acq-bvalue_run-5_bp-prostate_vp-ax_dwi.nii.gz,/mnt/ceib/datalake/FISABIO_datalake/prueba/p0052021_reborn/sub-007768/ses-008589/mim-mr/dwi/sub-007768_ses-008589_acq-adc_run-801_bp-prostate_vp-ax_dwi.nii.gz,17.0,70.0,,2.0,,7.06,40.513200000000005,5.0,1.0,1940-08-15,2010-06-27,train,False,,val,ses-008589,sub-007768,p0052021,,https://ceib.cipf.es/xnat2/data/projects/p0052021/experiments/XNAT03_E06460?format=html,17,69,,1.0,,7.060000000000000,40.5132,"[3, 3, 2, 4, 4, 5, 5]",1,True,"INFORMACIÓN INFORMACIÓN Adenocarcinoma de próstata Gleason 6.

EXPLORACIÓN REALIZADA: RM DE PRÓSTATA MULTIPARAMÉTRICA
Se realizan cortes axiales, coronales y sagitales, empleando secuencias TSE potenciadas en T2 y T2 FS, secuencia de difusión con su respectivo mapa de ADC y TSE T1 previo y tras la administración de gadolinio endovenoso, con estudio de perfusión mediante LAVA GENiq (Dotarem), analizando las curvas de captación. Se administra 1 amp. de buscapina IV previo al estudio (con el fin de disminuir artefactos secundarios por movimientos peristálticos intestinales).

INFORME:

Próstata de 4.2 x 5.3 x 3.5 cm (CCxTx AP). Volumen aproximado de 40.5 cc.
-La zona transicional se muestra aumentada de tamaño y heterogénea, en relación con cambios quísticos-adenomatosos.
1. En su vertiente anterior e izquierda (TZa), se aprecia nódulo redondeado, de mayor hipointensidad, mal definido, muestra marcada restricción en la secuencia de difusión, con un valor bajo en la cuantificación en el mapa  ADC. Mide aproximadamente 12,6 x 14,5 x 20 mm (APxTxCC), contacta con la cápsula, en algún punto la borra. Dichos hallazgos sugieren lesión Pirad 5.

- La zona periférica presenta un grosor conservado, discretamente hipointensa de forma difusa, (probablemente relacionado en parte con cambios inflamatorios crónicos),
1. Se identifica en la región posterior de ambos lóbulos un área de mayor hipointensidad con escasa restricción en la secuencia de difusión mal definidas, que podrían corresponder a lesiones Pirads 3.
2. Se aprecia una pequeña lesión de 5 mm redondeada apical parauretral derecha, muestra restricción en la secuencia de difusión, compatible con lesión Pirad 4.
Asimetría en cuanto a la captación de ambas bandeletas, siendo mayor en el lado derecho, de características inespecíficas, aunque probablemente relacionado con cambios inflamatorios, ya que persiste pequeños hematomas post biopsias en la zona periférica.
Las vesículas seminales presentan morfología e intensidad de señal conservada.
No se aprecian adenopatías que por su tamaño o morfología sean sospechosos.
Vejiga de pared trabeculada. Segmento distal de ambos uréteres de calibre normal.
No se observa líquido libre en la pelvis.

IMPRESIÓN IMPRESIÓN

Nódulo Pirads 5 en zona transición anterior del lóbulo izquierdo, con una probabilidad de 3/5 de afectación capsular.
Nódulo Pirads 4 de 5 mm apical periureteral derecha.
Lesiones Pirads 3, en zona periférica, posterior, media, de ambos lóbulos.
Estadio T2 / T3a.
 INFORME ORIGINAL: <NUM> FECHA: <FECHA> FIRMADO: <NUM> <NAME> <NAME>, <NAME>

INFORMACIÓN INFORMACIÓN Adenocarcinoma de próstata Gleason 6.

EXPLORACIÓN REALIZADA: RM DE PRÓSTATA MULTIPARAMÉTRICA
Se realizan cortes axiales, coronales y sagitales, empleando secuencias TSE potenciadas en T2 y T2 FS, secuencia de difusión con su respectivo mapa de ADC y TSE T1 previo y tras la administración de gadolinio endovenoso, con estudio de perfusión mediante LAVA GENiq (Dotarem), analizando las curvas de captación. Se administra 1 amp. de buscapina IV previo al estudio (con el fin de disminuir artefactos secundarios por movimientos peristálticos intestinales).

INFORME:

Próstata de 4.2 x 5.3 x 3.5 cm (CCxTx AP). Volumen aproximado de 40.5 cc.
-La zona transicional se muestra aumentada de tamaño y heterogénea, en relación con cambios quísticos-adenomatosos.
1. En su vertiente anterior e izquierda (TZa), se aprecia nódulo redondeado, de mayor hipointensidad, mal definido, muestra marcada restricción en la secuencia de difusión, con un valor bajo en la cuantificación en el mapa  ADC. Mide aproximadamente 12,6 x 14,5 x 20 mm (APxTxCC), contacta con la cápsula, en algún punto la borra. Dichos hallazgos sugieren lesión Pirad 5.

- La zona periférica presenta un grosor conservado, discretamente hipointensa de forma difusa, (probablemente relacionado en parte con cambios inflamatorios crónicos),
1. Se identifica en la región posterior de ambos lóbulos un área de mayor hipointensidad con escasa restricción en la secuencia de difusión mal definidas, que podrían corresponder a lesiones Pirads 3.
2. Se aprecia una pequeña lesión de 5 mm redondeada apical parauretral derecha, muestra restricción en la secuencia de difusión, compatible con lesión Pirad 4.
Asimetría en cuanto a la captación de ambas bandeletas, siendo mayor en el lado derecho, de características inespecíficas, aunque probablemente relacionado con cambios inflamatorios, ya que persiste pequeños hematomas post biopsias en la zona periférica.
Las vesículas seminales presentan morfología e intensidad de señal conservada.
No se aprecian adenopatías que por su tamaño o morfología sean sospechosos.
Vejiga de pared trabeculada. Segmento distal de ambos uréteres de calibre normal.
No se observa líquido libre en la pelvis.

IMPRESIÓN IMPRESIÓN

Nódulo Pirads 5 en zona transición anterior del lóbulo izquierdo, con una probabilidad de 3/5 de afectación capsular.
Nódulo Pirads 4 de 5 mm apical periureteral derecha.
Lesiones Pirads 3, en zona periférica, posterior, media, de ambos lóbulos.
Estadio T2 / T3a.

ANEXO: <NUM> FECHA: <FECHA> FIRMADO: <NUM> <NAME> <NAME>, <NAME>

INFORMACIÓN INFORMACIÓN Adenocarcinoma de próstata Gleason 6.

EXPLORACIÓN REALIZADA: RM DE PRÓSTATA MULTIPARAMÉTRICA
Se realizan cortes axiales, coronales y sagitales, empleando secuencias TSE potenciadas en T2 y T2 FS, secuencia de difusión con su respectivo mapa de ADC y TSE T1 previo y tras la administración de gadolinio endovenoso, con estudio de perfusión mediante LAVA GENiq (Dotarem), analizando las curvas de captación. Se administra 1 amp. de buscapina IV previo al estudio (con el fin de disminuir artefactos secundarios por movimientos peristálticos intestinales).

INFORME:

Próstata de 4.2 x 5.3 x 3.5 cm (CCxTx AP). Volumen aproximado de 40.5 cc.
-La zona transicional se muestra aumentada de tamaño y heterogénea, en relación con cambios quísticos-adenomatosos.
1. En su vertiente anterior e izquierda (TZa), se aprecia nódulo redondeado, de mayor hipointensidad, mal definido, muestra marcada restricción en la secuencia de difusión, con un valor bajo en la cuantificación en el mapa  ADC. Mide aproximadamente 12,6 x 14,5 x 20 mm (APxTxCC), contacta con la cápsula, en algún punto la borra. Dichos hallazgos sugieren lesión Pirad 5.

- La zona periférica presenta un grosor conservado, discretamente hipointensa de forma difusa, (probablemente relacionado en parte con cambios inflamatorios crónicos),
1. Se identifica en la región posterior de ambos lóbulos un área de mayor hipointensidad con escasa restricción en la secuencia de difusión mal definidas, que podrían corresponder a lesiones Pirads 3.
2. Se aprecia una pequeña lesión de 5 mm redondeada apical parauretral derecha, muestra restricción en la secuencia de difusión, compatible con lesión Pirad 4.
Asimetría en cuanto a la captación de ambas bandeletas, siendo mayor en el lado derecho, de características inespecíficas, aunque probablemente relacionado con cambios inflamatorios, ya que persiste pequeños hematomas post biopsias en la zona periférica.
Las vesículas seminales presentan morfología e intensidad de señal conservada.
No se aprecian adenopatías que por su tamaño o morfología sean sospechosos.
Vejiga de pared trabeculada. Segmento distal de ambos uréteres de calibre normal.
No se observa líquido libre en la pelvis.

IMPRESIÓN IMPRESIÓN

Nódulo Pirads 5 en zona transición anterior del lóbulo izquierdo, con afectación capsular.
Nódulo Pirads 4 de 5 mm apical parauretral derecha.
Lesiones Pirads 3, en zona periférica, posterior, media, de ambos lóbulos.
Estadio T3a.
",XNAT03_S03976,XNAT03_E06460
sub-005981,ses-006490,/mnt/ceib/datalake/FISABIO_datalake/prueba/p0052021_reborn/sub-005981/ses-006490/mim-mr/anat/sub-005981_ses-006490_acq-fse_run-4_bp-prostate_vp-ax_T2w.nii.gz,/mnt/ceib/datalake/FISABIO_datalake/prueba/p0052021_reborn/sub-005981/ses-006490/mim-mr/dwi/sub-005981_ses-006490_acq-bvalue_run-300_bp-prostate_vp-ax_dwi.nii.gz,/mnt/ceib/datalake/FISABIO_datalake/prueba/p0052021_reborn/sub-005981/ses-006490/mim-mr/dwi/sub-005981_ses-006490_acq-adc_run-350_bp-prostate_vp-ax_dwi.nii.gz,5.0,66.0,,,,6.73,48.074000000000005,4.0,1.0,1952-07-29,2019-07-27,train,False,,val,ses-006490,sub-005981,p0052021,,https://ceib.cipf.es/xnat2/data/projects/p0052021/experiments/XNAT03_E00505?format=html,5,66,,,,6.730000000000000,48.07400000000001,"[3, 4]",1,True,"INDICACIÓN:
Elevación del PSA. Valoración para biopsia guiada..
TÉCNICA:
RM prostática con administración de CIV (Dotarem a dosis de 0'2 ml/Kg de peso del paciente). Estudio dinámico de perfusion durante 5 min. Secuencias de difusión con b: 0, 1000 y 1400, Obteniendo posteriormente valores de forma sintética.
HALLAZGOS:
La próstata presenta unos ejes máximos de 50 x 43 x 43 mm (transversal, anteroposterior, craneocaudal), y un volumen de 48cc.
No se aprecia impronta del LM en el suelo de la vejiga.
No se visualizan restos hemáticos.
Zona periférica:
Lesión de 12 mm de diámetro transversal máximo localizado en vertiente posterolateral de lóbulo prostático izquierdo, que muestra significativa restricción ala difusión y presenta comportamiento hipervascular, PI-RADS 4. Condiciona abombamiento del contorno en glandular, Con signos de infiltración de la cápsula y colapso parcial del ángulo rectoprostático, no objetivando claramente afectación de la bandeleta vasculonerviosa.
Zona transicional:
Aspecto heterogénea por hiperplasia benigna de próstata, visualizando múltiples pequeñas lesiones quísticas y zonas pseudonodulares de hipointensidad de señal. Estas lesiones, en el estudio de perfusión así como de difusión no sugieren la presencia de tejido tumoral viable. PIRADS 3
Vesículas seminales de morfología y señal normal, sin signos de infiltración.
No se observan adenopatías en los territorios ganglionares estudiados.
No existen alteraciones que indiquen la presencia de metástasis.
CONCLUSIÓN:
Lesión PI-RADS cuarto en zona periférica de lóbulo izquierdo con signos de afectación de la cápsula glandular.
",XNAT03_S00432,XNAT03_E00505
sub-005981,ses-006490,/mnt/ceib/datalake/FISABIO_datalake/prueba/p0052021_reborn/sub-005981/ses-006490/mim-mr/anat/sub-005981_ses-006490_acq-fse_run-6_bp-prostate_vp-ax_T2w.nii.gz,/mnt/ceib/datalake/FISABIO_datalake/prueba/p0052021_reborn/sub-005981/ses-006490/mim-mr/dwi/sub-005981_ses-006490_acq-bvalue_run-300_bp-prostate_vp-ax_dwi.nii.gz,/mnt/ceib/datalake/FISABIO_datalake/prueba/p0052021_reborn/sub-005981/ses-006490/mim-mr/dwi/sub-005981_ses-006490_acq-adc_run-350_bp-prostate_vp-ax_dwi.nii.gz,5.0,66.0,,,,6.73,48.074000000000005,4.0,1.0,1952-07-29,2019-07-27,train,False,,val,ses-006490,sub-005981,p0052021,,https://ceib.cipf.es/xnat2/data/projects/p0052021/experiments/XNAT03_E00505?format=html,5,66,,,,6.730000000000000,48.07400000000001,"[3, 4]",1,True,"INDICACIÓN:
Elevación del PSA. Valoración para biopsia guiada..
TÉCNICA:
RM prostática con administración de CIV (Dotarem a dosis de 0'2 ml/Kg de peso del paciente). Estudio dinámico de perfusion durante 5 min. Secuencias de difusión con b: 0, 1000 y 1400, Obteniendo posteriormente valores de forma sintética.
HALLAZGOS:
La próstata presenta unos ejes máximos de 50 x 43 x 43 mm (transversal, anteroposterior, craneocaudal), y un volumen de 48cc.
No se aprecia impronta del LM en el suelo de la vejiga.
No se visualizan restos hemáticos.
Zona periférica:
Lesión de 12 mm de diámetro transversal máximo localizado en vertiente posterolateral de lóbulo prostático izquierdo, que muestra significativa restricción ala difusión y presenta comportamiento hipervascular, PI-RADS 4. Condiciona abombamiento del contorno en glandular, Con signos de infiltración de la cápsula y colapso parcial del ángulo rectoprostático, no objetivando claramente afectación de la bandeleta vasculonerviosa.
Zona transicional:
Aspecto heterogénea por hiperplasia benigna de próstata, visualizando múltiples pequeñas lesiones quísticas y zonas pseudonodulares de hipointensidad de señal. Estas lesiones, en el estudio de perfusión así como de difusión no sugieren la presencia de tejido tumoral viable. PIRADS 3
Vesículas seminales de morfología y señal normal, sin signos de infiltración.
No se observan adenopatías en los territorios ganglionares estudiados.
No existen alteraciones que indiquen la presencia de metástasis.
CONCLUSIÓN:
Lesión PI-RADS cuarto en zona periférica de lóbulo izquierdo con signos de afectación de la cápsula glandular.
",XNAT03_S00432,XNAT03_E00505
sub-006110,ses-006636,/mnt/ceib/datalake/FISABIO_datalake/prueba/p0052021_reborn/sub-006110/ses-006636/mim-mr/anat/sub-006110_ses-006636_acq-propeller_run-800_bp-prostate_vp-ax_T2w.nii.gz,/mnt/ceib/datalake/FISABIO_datalake/prueba/p0052021_reborn/sub-006110/ses-006636/mim-mr/dwi/sub-006110_ses-006636_acq-bvalue_run-11_bp-prostate_vp-ax_dwi.nii.gz,/mnt/ceib/datalake/FISABIO_datalake/prueba/p0052021_reborn/sub-006110/ses-006636/mim-mr/dwi/sub-006110_ses-006636_acq-adc_run-901_bp-prostate_vp-ax_dwi.nii.gz,17.0,72.0,,1.0,1.0,4.05,45.882720000000006,5.0,1.0,1943-05-16,2016-02-25,train,False,,val,ses-006636,sub-006110,p0052021,,https://ceib.cipf.es/xnat2/data/projects/p0052021/experiments/XNAT03_E06691?format=html,17,72,,0.0,,4.050000000000000,45.88272000000001,[5],1,True,"MOTIVO MOTIVO MOTIVO 72 años, PSA 4,430, libre 10 %. TR: nódulo palpable en lóbulo derecho. RM de próstata previo a biopsia.

EXPLORACIÓN REALIZADA: RM DE PRÓSTATA BIPARAMÉTRICA, con pelvis: Se realizan cortes axiales coronales y sagitales, empleando secuencias TSE potenciadas en TSE T2, T2 FS, secuencia de difusión y mapa ADC, TSE T1. Se administra 1 amp. de buscapina IV previo al estudio (con el fin de disminuir artefactos por movimientos peristálticos intestinales).

INFORME
Próstata de 4,3 x 3,6 x 5,7 cm de ejes CC x AP X T      .
Estudio morfológico T2 y difusión:
-La zona transicional se muestra heterogénea en relación con cambios quísticos- adenomatosos.
-La zona periférica: se objetiva muy hiperintensa. Se visualiza a nivel del lóbulo derecho afectado a los segmento posteriores medio-basales un nódulo muy hipointenso en T2, que restringe en difusión (ADC de 5000) con un tamaño estimado de 18 x 14 x 16 mm de ejes CC x T X AP (que coincide con el tacto rectal), que rectrae la cápsula (sospecha de afectación capsular 3 sobre 5) y contacta sin infiltrar con la parte inferior de las vesículas seminales derechas

Las vesículas seminales presentan un nivel con contenido más iso en la parte declive en T2 y no muy hiper en T1, pero probablemente secundario a la presencia de contenido hemático
Numerosos gánglios en cadenas iliacas e inguinales, siendo el más prominente el localizado en cadena iliaca derecha de 6 mm

Vejiga sin alteraciones reseñables.
Segmento distal de ambos uréteres de calibre normal.
No se observa líquido libre en la pelvis.

IMPRESIÓN IMPRESIÓN
Nódulo sospechoso PIRADS 5  en segmento medio-basal posterior del lóbulo derecho PIRADS 5. El estadiaje propuesto por RM sería T2-T3, N0 (numerosos gánglios en cadenas iliacas e inguinales).
",XNAT03_S04168,XNAT03_E06691
sub-006110,ses-006636,/mnt/ceib/datalake/FISABIO_datalake/prueba/p0052021_reborn/sub-006110/ses-006636/mim-mr/anat/sub-006110_ses-006636_acq-propeller_run-10_bp-prostate_vp-ax_T2w.nii.gz,/mnt/ceib/datalake/FISABIO_datalake/prueba/p0052021_reborn/sub-006110/ses-006636/mim-mr/dwi/sub-006110_ses-006636_acq-bvalue_run-11_bp-prostate_vp-ax_dwi.nii.gz,/mnt/ceib/datalake/FISABIO_datalake/prueba/p0052021_reborn/sub-006110/ses-006636/mim-mr/dwi/sub-006110_ses-006636_acq-adc_run-901_bp-prostate_vp-ax_dwi.nii.gz,17.0,72.0,,1.0,1.0,4.05,45.882720000000006,5.0,1.0,1943-05-16,2016-02-25,train,False,,val,ses-006636,sub-006110,p0052021,,https://ceib.cipf.es/xnat2/data/projects/p0052021/experiments/XNAT03_E06691?format=html,17,72,,0.0,,4.050000000000000,45.88272000000001,[5],1,True,"MOTIVO MOTIVO MOTIVO 72 años, PSA 4,430, libre 10 %. TR: nódulo palpable en lóbulo derecho. RM de próstata previo a biopsia.

EXPLORACIÓN REALIZADA: RM DE PRÓSTATA BIPARAMÉTRICA, con pelvis: Se realizan cortes axiales coronales y sagitales, empleando secuencias TSE potenciadas en TSE T2, T2 FS, secuencia de difusión y mapa ADC, TSE T1. Se administra 1 amp. de buscapina IV previo al estudio (con el fin de disminuir artefactos por movimientos peristálticos intestinales).

INFORME
Próstata de 4,3 x 3,6 x 5,7 cm de ejes CC x AP X T      .
Estudio morfológico T2 y difusión:
-La zona transicional se muestra heterogénea en relación con cambios quísticos- adenomatosos.
-La zona periférica: se objetiva muy hiperintensa. Se visualiza a nivel del lóbulo derecho afectado a los segmento posteriores medio-basales un nódulo muy hipointenso en T2, que restringe en difusión (ADC de 5000) con un tamaño estimado de 18 x 14 x 16 mm de ejes CC x T X AP (que coincide con el tacto rectal), que rectrae la cápsula (sospecha de afectación capsular 3 sobre 5) y contacta sin infiltrar con la parte inferior de las vesículas seminales derechas

Las vesículas seminales presentan un nivel con contenido más iso en la parte declive en T2 y no muy hiper en T1, pero probablemente secundario a la presencia de contenido hemático
Numerosos gánglios en cadenas iliacas e inguinales, siendo el más prominente el localizado en cadena iliaca derecha de 6 mm

Vejiga sin alteraciones reseñables.
Segmento distal de ambos uréteres de calibre normal.
No se observa líquido libre en la pelvis.

IMPRESIÓN IMPRESIÓN
Nódulo sospechoso PIRADS 5  en segmento medio-basal posterior del lóbulo derecho PIRADS 5. El estadiaje propuesto por RM sería T2-T3, N0 (numerosos gánglios en cadenas iliacas e inguinales).
",XNAT03_S04168,XNAT03_E06691
sub-006110,ses-006636,/mnt/ceib/datalake/FISABIO_datalake/prueba/p0052021_reborn/sub-006110/ses-006636/mim-mr/anat/sub-006110_ses-006636_acq-propeller_run-8_bp-prostate_vp-ax_T2w.nii.gz,/mnt/ceib/datalake/FISABIO_datalake/prueba/p0052021_reborn/sub-006110/ses-006636/mim-mr/dwi/sub-006110_ses-006636_acq-bvalue_run-11_bp-prostate_vp-ax_dwi.nii.gz,/mnt/ceib/datalake/FISABIO_datalake/prueba/p0052021_reborn/sub-006110/ses-006636/mim-mr/dwi/sub-006110_ses-006636_acq-adc_run-901_bp-prostate_vp-ax_dwi.nii.gz,17.0,72.0,,1.0,1.0,4.05,45.882720000000006,5.0,1.0,1943-05-16,2016-02-25,train,False,,val,ses-006636,sub-006110,p0052021,,https://ceib.cipf.es/xnat2/data/projects/p0052021/experiments/XNAT03_E06691?format=html,17,72,,0.0,,4.050000000000000,45.88272000000001,[5],1,True,"MOTIVO MOTIVO MOTIVO 72 años, PSA 4,430, libre 10 %. TR: nódulo palpable en lóbulo derecho. RM de próstata previo a biopsia.

EXPLORACIÓN REALIZADA: RM DE PRÓSTATA BIPARAMÉTRICA, con pelvis: Se realizan cortes axiales coronales y sagitales, empleando secuencias TSE potenciadas en TSE T2, T2 FS, secuencia de difusión y mapa ADC, TSE T1. Se administra 1 amp. de buscapina IV previo al estudio (con el fin de disminuir artefactos por movimientos peristálticos intestinales).

INFORME
Próstata de 4,3 x 3,6 x 5,7 cm de ejes CC x AP X T      .
Estudio morfológico T2 y difusión:
-La zona transicional se muestra heterogénea en relación con cambios quísticos- adenomatosos.
-La zona periférica: se objetiva muy hiperintensa. Se visualiza a nivel del lóbulo derecho afectado a los segmento posteriores medio-basales un nódulo muy hipointenso en T2, que restringe en difusión (ADC de 5000) con un tamaño estimado de 18 x 14 x 16 mm de ejes CC x T X AP (que coincide con el tacto rectal), que rectrae la cápsula (sospecha de afectación capsular 3 sobre 5) y contacta sin infiltrar con la parte inferior de las vesículas seminales derechas

Las vesículas seminales presentan un nivel con contenido más iso en la parte declive en T2 y no muy hiper en T1, pero probablemente secundario a la presencia de contenido hemático
Numerosos gánglios en cadenas iliacas e inguinales, siendo el más prominente el localizado en cadena iliaca derecha de 6 mm

Vejiga sin alteraciones reseñables.
Segmento distal de ambos uréteres de calibre normal.
No se observa líquido libre en la pelvis.

IMPRESIÓN IMPRESIÓN
Nódulo sospechoso PIRADS 5  en segmento medio-basal posterior del lóbulo derecho PIRADS 5. El estadiaje propuesto por RM sería T2-T3, N0 (numerosos gánglios en cadenas iliacas e inguinales).
",XNAT03_S04168,XNAT03_E06691
sub-006110,ses-006636,/mnt/ceib/datalake/FISABIO_datalake/prueba/p0052021_reborn/sub-006110/ses-006636/mim-mr/anat/sub-006110_ses-006636_acq-fse_run-4_bp-prostate_vp-ax_T2w.nii.gz,/mnt/ceib/datalake/FISABIO_datalake/prueba/p0052021_reborn/sub-006110/ses-006636/mim-mr/dwi/sub-006110_ses-006636_acq-bvalue_run-11_bp-prostate_vp-ax_dwi.nii.gz,/mnt/ceib/datalake/FISABIO_datalake/prueba/p0052021_reborn/sub-006110/ses-006636/mim-mr/dwi/sub-006110_ses-006636_acq-adc_run-901_bp-prostate_vp-ax_dwi.nii.gz,17.0,72.0,,1.0,1.0,4.05,45.882720000000006,5.0,1.0,1943-05-16,2016-02-25,train,False,,val,ses-006636,sub-006110,p0052021,,https://ceib.cipf.es/xnat2/data/projects/p0052021/experiments/XNAT03_E06691?format=html,17,72,,0.0,,4.050000000000000,45.88272000000001,[5],1,True,"MOTIVO MOTIVO MOTIVO 72 años, PSA 4,430, libre 10 %. TR: nódulo palpable en lóbulo derecho. RM de próstata previo a biopsia.

EXPLORACIÓN REALIZADA: RM DE PRÓSTATA BIPARAMÉTRICA, con pelvis: Se realizan cortes axiales coronales y sagitales, empleando secuencias TSE potenciadas en TSE T2, T2 FS, secuencia de difusión y mapa ADC, TSE T1. Se administra 1 amp. de buscapina IV previo al estudio (con el fin de disminuir artefactos por movimientos peristálticos intestinales).

INFORME
Próstata de 4,3 x 3,6 x 5,7 cm de ejes CC x AP X T      .
Estudio morfológico T2 y difusión:
-La zona transicional se muestra heterogénea en relación con cambios quísticos- adenomatosos.
-La zona periférica: se objetiva muy hiperintensa. Se visualiza a nivel del lóbulo derecho afectado a los segmento posteriores medio-basales un nódulo muy hipointenso en T2, que restringe en difusión (ADC de 5000) con un tamaño estimado de 18 x 14 x 16 mm de ejes CC x T X AP (que coincide con el tacto rectal), que rectrae la cápsula (sospecha de afectación capsular 3 sobre 5) y contacta sin infiltrar con la parte inferior de las vesículas seminales derechas

Las vesículas seminales presentan un nivel con contenido más iso en la parte declive en T2 y no muy hiper en T1, pero probablemente secundario a la presencia de contenido hemático
Numerosos gánglios en cadenas iliacas e inguinales, siendo el más prominente el localizado en cadena iliaca derecha de 6 mm

Vejiga sin alteraciones reseñables.
Segmento distal de ambos uréteres de calibre normal.
No se observa líquido libre en la pelvis.

IMPRESIÓN IMPRESIÓN
Nódulo sospechoso PIRADS 5  en segmento medio-basal posterior del lóbulo derecho PIRADS 5. El estadiaje propuesto por RM sería T2-T3, N0 (numerosos gánglios en cadenas iliacas e inguinales).
",XNAT03_S04168,XNAT03_E06691
sub-007476,ses-008236,/mnt/ceib/datalake/FISABIO_datalake/prueba/p0052021_reborn/sub-007476/ses-008236/mim-mr/anat/sub-007476_ses-008236_acq-propeller_run-600_bp-prostate_vp-ax_T2w.nii.gz,/mnt/ceib/datalake/FISABIO_datalake/prueba/p0052021_reborn/sub-007476/ses-008236/mim-mr/dwi/sub-007476_ses-008236_acq-bvalue_run-7_bp-prostate_vp-ax_dwi.nii.gz,/mnt/ceib/datalake/FISABIO_datalake/prueba/p0052021_reborn/sub-007476/ses-008236/mim-mr/dwi/sub-007476_ses-008236_acq-adc_run-801_bp-prostate_vp-ax_dwi.nii.gz,17.0,75.0,,,,3.21,73.00800000000001,,1.0,1938-12-25,2014-05-27,train,False,,val,ses-008236,sub-007476,p0052021,,https://ceib.cipf.es/xnat2/data/projects/p0052021/experiments/XNAT03_E05351?format=html,17,75,,,,3.210000000000000,73.00800000000001,,1,True,"MOTIVO MOTIVO MOTIVO Neoplasia de prostata tratada con RT.

EXPLORACIÃ_x0093_N REALIZADA: RM DE PRÃ_x0093_STATA MULTIPARAMÃ_x0089_TRICA, SIN ESPECTRO: Se realizan cortes axiales coronales y sagitales, empleando secuencias TSE potenciadas en TSE T2, T2 FS, secuencia de difusiÃ³n y mapa ADC, TSE T1 previo y tras la administraciÃ³n de gadolinio endovenoso, con estudio de perfusiÃ³n mediante LAVA GENiq, (Dotarem), se analizan curvas de captaciÃ³n. Se administra 1 amp. de buscapina IV previo al estudio (con el fin de disminuir artefactos por movimientos peristÃ¡lticos intestinales).


INFORME

PrÃ³stata de  6 x 5,2 x 4,5 cms de diÃ¡metros CC x T x AP.
La porciÃ³n transicional se muestra heterogÃ©nea en relaciÃ³n con cambios adenomatosos .
La porciÃ³n perifÃ©rica: En el estudio morfolÃ³gico T2 se muestra marcadamente hipointensa en relaciÃ³n con cambios crÃ³nicos. Se identifican en el estudio de perfusiÃ³n: una captaciÃ³n en la regiÃ³n basal posterior del LI de aprox 10 x 5 x 12,5 mm (T x AP x CC) y otra en la regiÃ³n media posterior del LD de 12 x 5 x 14 mm (T x AP x CC), coinciden con dos zonas de restricciÃ³n en la secuencia de difusiÃ³n. Dichos hallazgos podrian corresponder a recidiva tumoral confinado a la prÃ³stata.
La cÃ¡psula y bandeletas neurovasculares.
Las vesÃ­culas seminales, poco replecionadas, no captan contraste.
No se observan ganglios de aspecto patolÃ³gico en cadenas iliacas.
Vejiga sin alteraciones reseÃ±ables. Segmento distal de ambos urÃ©teres de calibre normal.
No se observa lÃ­quido libre en la pelvis.

IMPRESIÃ_x0093_N IMPRESIÃ_x0093_N

Dichos hallazgos podrian ser compatibles con una recidiva tumoral confinado a la prÃ³stata.
",XNAT03_S03067,XNAT03_E05351
sub-007476,ses-008236,/mnt/ceib/datalake/FISABIO_datalake/prueba/p0052021_reborn/sub-007476/ses-008236/mim-mr/anat/sub-007476_ses-008236_acq-propeller_run-4_bp-prostate_vp-ax_T2w.nii.gz,/mnt/ceib/datalake/FISABIO_datalake/prueba/p0052021_reborn/sub-007476/ses-008236/mim-mr/dwi/sub-007476_ses-008236_acq-bvalue_run-7_bp-prostate_vp-ax_dwi.nii.gz,/mnt/ceib/datalake/FISABIO_datalake/prueba/p0052021_reborn/sub-007476/ses-008236/mim-mr/dwi/sub-007476_ses-008236_acq-adc_run-801_bp-prostate_vp-ax_dwi.nii.gz,17.0,75.0,,,,3.21,73.00800000000001,,1.0,1938-12-25,2014-05-27,train,False,,val,ses-008236,sub-007476,p0052021,,https://ceib.cipf.es/xnat2/data/projects/p0052021/experiments/XNAT03_E05351?format=html,17,75,,,,3.210000000000000,73.00800000000001,,1,True,"MOTIVO MOTIVO MOTIVO Neoplasia de prostata tratada con RT.

EXPLORACIÃ_x0093_N REALIZADA: RM DE PRÃ_x0093_STATA MULTIPARAMÃ_x0089_TRICA, SIN ESPECTRO: Se realizan cortes axiales coronales y sagitales, empleando secuencias TSE potenciadas en TSE T2, T2 FS, secuencia de difusiÃ³n y mapa ADC, TSE T1 previo y tras la administraciÃ³n de gadolinio endovenoso, con estudio de perfusiÃ³n mediante LAVA GENiq, (Dotarem), se analizan curvas de captaciÃ³n. Se administra 1 amp. de buscapina IV previo al estudio (con el fin de disminuir artefactos por movimientos peristÃ¡lticos intestinales).


INFORME

PrÃ³stata de  6 x 5,2 x 4,5 cms de diÃ¡metros CC x T x AP.
La porciÃ³n transicional se muestra heterogÃ©nea en relaciÃ³n con cambios adenomatosos .
La porciÃ³n perifÃ©rica: En el estudio morfolÃ³gico T2 se muestra marcadamente hipointensa en relaciÃ³n con cambios crÃ³nicos. Se identifican en el estudio de perfusiÃ³n: una captaciÃ³n en la regiÃ³n basal posterior del LI de aprox 10 x 5 x 12,5 mm (T x AP x CC) y otra en la regiÃ³n media posterior del LD de 12 x 5 x 14 mm (T x AP x CC), coinciden con dos zonas de restricciÃ³n en la secuencia de difusiÃ³n. Dichos hallazgos podrian corresponder a recidiva tumoral confinado a la prÃ³stata.
La cÃ¡psula y bandeletas neurovasculares.
Las vesÃ­culas seminales, poco replecionadas, no captan contraste.
No se observan ganglios de aspecto patolÃ³gico en cadenas iliacas.
Vejiga sin alteraciones reseÃ±ables. Segmento distal de ambos urÃ©teres de calibre normal.
No se observa lÃ­quido libre en la pelvis.

IMPRESIÃ_x0093_N IMPRESIÃ_x0093_N

Dichos hallazgos podrian ser compatibles con una recidiva tumoral confinado a la prÃ³stata.
",XNAT03_S03067,XNAT03_E05351
sub-007476,ses-008236,/mnt/ceib/datalake/FISABIO_datalake/prueba/p0052021_reborn/sub-007476/ses-008236/mim-mr/anat/sub-007476_ses-008236_acq-propeller_run-6_bp-prostate_vp-ax_T2w.nii.gz,/mnt/ceib/datalake/FISABIO_datalake/prueba/p0052021_reborn/sub-007476/ses-008236/mim-mr/dwi/sub-007476_ses-008236_acq-bvalue_run-7_bp-prostate_vp-ax_dwi.nii.gz,/mnt/ceib/datalake/FISABIO_datalake/prueba/p0052021_reborn/sub-007476/ses-008236/mim-mr/dwi/sub-007476_ses-008236_acq-adc_run-801_bp-prostate_vp-ax_dwi.nii.gz,17.0,75.0,,,,3.21,73.00800000000001,,1.0,1938-12-25,2014-05-27,train,False,,val,ses-008236,sub-007476,p0052021,,https://ceib.cipf.es/xnat2/data/projects/p0052021/experiments/XNAT03_E05351?format=html,17,75,,,,3.210000000000000,73.00800000000001,,1,True,"MOTIVO MOTIVO MOTIVO Neoplasia de prostata tratada con RT.

EXPLORACIÃ_x0093_N REALIZADA: RM DE PRÃ_x0093_STATA MULTIPARAMÃ_x0089_TRICA, SIN ESPECTRO: Se realizan cortes axiales coronales y sagitales, empleando secuencias TSE potenciadas en TSE T2, T2 FS, secuencia de difusiÃ³n y mapa ADC, TSE T1 previo y tras la administraciÃ³n de gadolinio endovenoso, con estudio de perfusiÃ³n mediante LAVA GENiq, (Dotarem), se analizan curvas de captaciÃ³n. Se administra 1 amp. de buscapina IV previo al estudio (con el fin de disminuir artefactos por movimientos peristÃ¡lticos intestinales).


INFORME

PrÃ³stata de  6 x 5,2 x 4,5 cms de diÃ¡metros CC x T x AP.
La porciÃ³n transicional se muestra heterogÃ©nea en relaciÃ³n con cambios adenomatosos .
La porciÃ³n perifÃ©rica: En el estudio morfolÃ³gico T2 se muestra marcadamente hipointensa en relaciÃ³n con cambios crÃ³nicos. Se identifican en el estudio de perfusiÃ³n: una captaciÃ³n en la regiÃ³n basal posterior del LI de aprox 10 x 5 x 12,5 mm (T x AP x CC) y otra en la regiÃ³n media posterior del LD de 12 x 5 x 14 mm (T x AP x CC), coinciden con dos zonas de restricciÃ³n en la secuencia de difusiÃ³n. Dichos hallazgos podrian corresponder a recidiva tumoral confinado a la prÃ³stata.
La cÃ¡psula y bandeletas neurovasculares.
Las vesÃ­culas seminales, poco replecionadas, no captan contraste.
No se observan ganglios de aspecto patolÃ³gico en cadenas iliacas.
Vejiga sin alteraciones reseÃ±ables. Segmento distal de ambos urÃ©teres de calibre normal.
No se observa lÃ­quido libre en la pelvis.

IMPRESIÃ_x0093_N IMPRESIÃ_x0093_N

Dichos hallazgos podrian ser compatibles con una recidiva tumoral confinado a la prÃ³stata.
",XNAT03_S03067,XNAT03_E05351
sub-005584,ses-006038,/mnt/ceib/datalake/FISABIO_datalake/prueba/p0052021_reborn/sub-005584/ses-006038/mim-mr/anat/sub-005584_ses-006038_acq-fse_run-10_bp-prostate_vp-ax_T2w.nii.gz,/mnt/ceib/datalake/FISABIO_datalake/prueba/p0052021_reborn/sub-005584/ses-006038/mim-mr/dwi/sub-005584_ses-006038_acq-bvalue_run-400_bp-prostate_vp-ax_dwi.nii.gz,/mnt/ceib/datalake/FISABIO_datalake/prueba/p0052021_reborn/sub-005584/ses-006038/mim-mr/dwi/sub-005584_ses-006038_acq-adc_run-950_bp-prostate_vp-ax_dwi.nii.gz,5.0,63.0,,,,8.96,27.0,4.0,1.0,1949-06-14,2012-09-20,train,False,,val,ses-006038,sub-005584,p0052021,,https://ceib.cipf.es/xnat2/data/projects/p0052021/experiments/XNAT03_E00180?format=html,5,63,,,,8.960000000000001,27.0,[4],1,True,"
INFORMACIÓN INFORMACIÓN
Paciente con cáncer de próstata Gleason 6 un solo cilindro en vigilancia activa. Solicito RM multiparamétrica para valorar áreas sugestivas de biopsia para fusión.

TÉCNICA: Se obtienen planos en proyección axial T1, axial, sagital y coronal T2, axial difusión. Secuencia dinámica perfusión axial 3DT1 con saturación grasa tras la administración de contraste (Dotarem, 22 mL), con evaluación multiparamétrica.

INFORME:

Próstata con unos diámetros de 3,8 x 3,3 x 4,2 cm (27 cm³).

Zona periférica:
No se evidencian alteraciones de difusión ni de perfusión significativas sugestivas de neoplasia clínicamente significativa, aunque existe una mala delimitación con alteración de señal en el ápex de la próstata, a valorar clínicamente.

Zona transicional:
Lesión focal mal delimitada, de unos 12 mm de diámetro localizada la zona transicional anterior izquierda del tercio medio correspondiente a PI-RADS 4.

Discreta alteración de señal del contenido de las vesículas seminales, puede estar en relación con contenido hemático.

No se evidencia crecimiento ganglionar locorregional significativo ni signos de afectación metastásica ósea en cintura pélvica.

Incidentalmente se evidencian cambios degenerativos en cadera izquierda con presencia de deformidad significativa en la transición entre la cabeza y el cuello femoral izquierdos, en probable relación con pinzamiento femoroacetabular tipo CAM izquierdo.

",XNAT03_S00153,XNAT03_E00180
sub-005584,ses-006038,/mnt/ceib/datalake/FISABIO_datalake/prueba/p0052021_reborn/sub-005584/ses-006038/mim-mr/anat/sub-005584_ses-006038_acq-fse_run-7_bp-prostate_vp-ax_T2w.nii.gz,/mnt/ceib/datalake/FISABIO_datalake/prueba/p0052021_reborn/sub-005584/ses-006038/mim-mr/dwi/sub-005584_ses-006038_acq-bvalue_run-400_bp-prostate_vp-ax_dwi.nii.gz,/mnt/ceib/datalake/FISABIO_datalake/prueba/p0052021_reborn/sub-005584/ses-006038/mim-mr/dwi/sub-005584_ses-006038_acq-adc_run-950_bp-prostate_vp-ax_dwi.nii.gz,5.0,63.0,,,,8.96,27.0,4.0,1.0,1949-06-14,2012-09-20,train,False,,val,ses-006038,sub-005584,p0052021,,https://ceib.cipf.es/xnat2/data/projects/p0052021/experiments/XNAT03_E00180?format=html,5,63,,,,8.960000000000001,27.0,[4],1,True,"
INFORMACIÓN INFORMACIÓN
Paciente con cáncer de próstata Gleason 6 un solo cilindro en vigilancia activa. Solicito RM multiparamétrica para valorar áreas sugestivas de biopsia para fusión.

TÉCNICA: Se obtienen planos en proyección axial T1, axial, sagital y coronal T2, axial difusión. Secuencia dinámica perfusión axial 3DT1 con saturación grasa tras la administración de contraste (Dotarem, 22 mL), con evaluación multiparamétrica.

INFORME:

Próstata con unos diámetros de 3,8 x 3,3 x 4,2 cm (27 cm³).

Zona periférica:
No se evidencian alteraciones de difusión ni de perfusión significativas sugestivas de neoplasia clínicamente significativa, aunque existe una mala delimitación con alteración de señal en el ápex de la próstata, a valorar clínicamente.

Zona transicional:
Lesión focal mal delimitada, de unos 12 mm de diámetro localizada la zona transicional anterior izquierda del tercio medio correspondiente a PI-RADS 4.

Discreta alteración de señal del contenido de las vesículas seminales, puede estar en relación con contenido hemático.

No se evidencia crecimiento ganglionar locorregional significativo ni signos de afectación metastásica ósea en cintura pélvica.

Incidentalmente se evidencian cambios degenerativos en cadera izquierda con presencia de deformidad significativa en la transición entre la cabeza y el cuello femoral izquierdos, en probable relación con pinzamiento femoroacetabular tipo CAM izquierdo.

",XNAT03_S00153,XNAT03_E00180
sub-005584,ses-006038,/mnt/ceib/datalake/FISABIO_datalake/prueba/p0052021_reborn/sub-005584/ses-006038/mim-mr/anat/sub-005584_ses-006038_acq-fse_run-5_bp-prostate_vp-ax_T2w.nii.gz,/mnt/ceib/datalake/FISABIO_datalake/prueba/p0052021_reborn/sub-005584/ses-006038/mim-mr/dwi/sub-005584_ses-006038_acq-bvalue_run-400_bp-prostate_vp-ax_dwi.nii.gz,/mnt/ceib/datalake/FISABIO_datalake/prueba/p0052021_reborn/sub-005584/ses-006038/mim-mr/dwi/sub-005584_ses-006038_acq-adc_run-950_bp-prostate_vp-ax_dwi.nii.gz,5.0,63.0,,,,8.96,27.0,4.0,1.0,1949-06-14,2012-09-20,train,False,,val,ses-006038,sub-005584,p0052021,,https://ceib.cipf.es/xnat2/data/projects/p0052021/experiments/XNAT03_E00180?format=html,5,63,,,,8.960000000000001,27.0,[4],1,True,"
INFORMACIÓN INFORMACIÓN
Paciente con cáncer de próstata Gleason 6 un solo cilindro en vigilancia activa. Solicito RM multiparamétrica para valorar áreas sugestivas de biopsia para fusión.

TÉCNICA: Se obtienen planos en proyección axial T1, axial, sagital y coronal T2, axial difusión. Secuencia dinámica perfusión axial 3DT1 con saturación grasa tras la administración de contraste (Dotarem, 22 mL), con evaluación multiparamétrica.

INFORME:

Próstata con unos diámetros de 3,8 x 3,3 x 4,2 cm (27 cm³).

Zona periférica:
No se evidencian alteraciones de difusión ni de perfusión significativas sugestivas de neoplasia clínicamente significativa, aunque existe una mala delimitación con alteración de señal en el ápex de la próstata, a valorar clínicamente.

Zona transicional:
Lesión focal mal delimitada, de unos 12 mm de diámetro localizada la zona transicional anterior izquierda del tercio medio correspondiente a PI-RADS 4.

Discreta alteración de señal del contenido de las vesículas seminales, puede estar en relación con contenido hemático.

No se evidencia crecimiento ganglionar locorregional significativo ni signos de afectación metastásica ósea en cintura pélvica.

Incidentalmente se evidencian cambios degenerativos en cadera izquierda con presencia de deformidad significativa en la transición entre la cabeza y el cuello femoral izquierdos, en probable relación con pinzamiento femoroacetabular tipo CAM izquierdo.

",XNAT03_S00153,XNAT03_E00180
sub-005690,ses-006160,/mnt/ceib/datalake/FISABIO_datalake/prueba/p0052021_reborn/sub-005690/ses-006160/mim-mr/anat/sub-005690_ses-006160_acq-fse_run-8_bp-prostate_vp-ax_T2w.nii.gz,/mnt/ceib/datalake/FISABIO_datalake/prueba/p0052021_reborn/sub-005690/ses-006160/mim-mr/dwi/sub-005690_ses-006160_acq-bvalue_run-10_bp-prostate_vp-ax_dwi.nii.gz,/mnt/ceib/datalake/FISABIO_datalake/prueba/p0052021_reborn/derivatives/creating_adc/sub-005690/ses-006160/mim-mr/dwi/sub-005690_ses-006160_acq-bvalue_run-10_bp-prostate_vp-ax_mod-dwi_desc-calcADC_ADC.nii.gz,7.0,73.0,,2.0,,6.37,25.3344,4.0,1.0,1938-02-19,2011-03-26,train,True,,val,ses-006160,sub-005690,p0052021,,https://ceib.cipf.es/xnat2/data/projects/p0052021/experiments/XNAT03_E00358?format=html,7,73,,1.0,,6.370000000000000,25.3344,[4],1,True,"JUICIO JUICIO Ca de próstata Gleason 3+4

TÉCNICA: RM prostática con administración de CIV. Estudio dinámico de perfusión durante 5 min. Secuencias de difusión con b: 0, 1000, <NUM> y 2000.

HALLAZGOS:

Calidad de imagen:  Satisfactorio

MORFOLOGÍA:
Próstata pequeña
Tamaño: 40 x 29 x 42 mm (T, AP y CC)
Volumen: <FECHA> cc

<NAME> cT:
Zona periférica: foco de baja señal en las imágenes potenciadas en T2 que presenta claros signos de restricción en DWI y realce precoz tras la administración de contraste, de 12 mm de diámetro en próstata medio apical derecha con encuadrable en la categoría PI-RADS 4.

Glándula central: normal sin focos de sospechosos de CCS

Extensión extracapsular: NO

Afectación del paquete vasculonervioso periprostático: NO

Afectación de vesícula seminales: NO

Cuello de la vejiga: Normal
Esfínter distal: Normal

<NAME> cN:
Ganglios linfáticos: no se observan adenopatías locorregionales

Hueso: sin lesiones agresivas


CONCLUSIÓN: PI-RADS 4 D-M/A-pzpl

",XNAT03_S00313,XNAT03_E00358
sub-005996,ses-006505,/mnt/ceib/datalake/FISABIO_datalake/prueba/p0052021_reborn/sub-005996/ses-006505/mim-mr/anat/sub-005996_ses-006505_acq-fse_run-8_bp-prostate_vp-ax_T2w.nii.gz,/mnt/ceib/datalake/FISABIO_datalake/prueba/p0052021_reborn/sub-005996/ses-006505/mim-mr/dwi/sub-005996_ses-006505_acq-bvalue_run-10_bp-prostate_vp-ax_dwi.nii.gz,/mnt/ceib/datalake/FISABIO_datalake/prueba/p0052021_reborn/derivatives/creating_adc/sub-005996/ses-006505/mim-mr/dwi/sub-005996_ses-006505_acq-bvalue_run-10_bp-prostate_vp-ax_mod-dwi_desc-calcADC_ADC.nii.gz,7.0,86.0,,1.0,,12.2,39.0,4.0,1.0,1924-09-18,2010-07-03,train,True,,val,ses-006505,sub-005996,p0052021,,https://ceib.cipf.es/xnat2/data/projects/p0052021/experiments/XNAT03_E00664?format=html,7,85,,0.0,,12.20000000000000,39.0,[4],1,True,"JUICIO JUICIO Ca de próstata,. Estudio de extensión

TÉCNICA: RM prostática con administración de CIV. Estudio dinámico de perfusión durante 5 min. Secuencias de difusión con b: 0, 1000, <NUM> y 2000.

HALLAZGOS:

Calidad de imagen:  (Satisfactorio / Subóptimo / degradado por movimiento / etc].

MORFOLOGÍA:
Próstata (homogénea/heterogénea/hipertrofia)
Tamaño: 46 x 37 x 44 mm (T, AP y CC)
Volumen: 39 cc

<NAME> cT:
Zona periférica: focos de hiposeñal que corresponden con focos de restricción en difusión y realce tras la administración de contraste encuadrables en la categoría PI-RADS 4 , de craneal a caudal:

-6 mm en próstata media derecha
-9 mm en próstata media derecha
-11 mm en próstata media izquierda
Ver imágenes fusión


Glándula central: sin evidencia de focos sospechosos de CCS

Extensión extracapsular: NO

Afectación del paquete vasculonervioso periprostático: NO

Afectación de vesícula seminales: NO

Cuello de la vejiga: Normal
Esfínter distal: Normal

<NAME> cN:
Ganglios linfáticos:sin evidencia de adenopatías locorregionales

Hueso: sin lesiones agresivas


CONCLUSIÓN: PI-RADS 4 M-D-Pzpl (2). PI-RADS 4 M-I Pzpl

",XNAT03_S00577,XNAT03_E00664
sub-005575,ses-006029,/mnt/ceib/datalake/FISABIO_datalake/prueba/p0052021_reborn/sub-005575/ses-006029/mim-mr/anat/sub-005575_ses-006029_acq-fse_run-8_bp-prostate_vp-ax_T2w.nii.gz,/mnt/ceib/datalake/FISABIO_datalake/prueba/p0052021_reborn/sub-005575/ses-006029/mim-mr/dwi/sub-005575_ses-006029_acq-bvalue_run-10_bp-prostate_vp-ax_dwi.nii.gz,/mnt/ceib/datalake/FISABIO_datalake/prueba/p0052021_reborn/derivatives/creating_adc/sub-005575/ses-006029/mim-mr/dwi/sub-005575_ses-006029_acq-bvalue_run-10_bp-prostate_vp-ax_mod-dwi_desc-calcADC_ADC.nii.gz,7.0,69.0,,1.0,,14.7,,5.0,0.0,1941-01-20,2010-02-26,train,True,,val,ses-006029,sub-005575,p0052021,,https://ceib.cipf.es/xnat2/data/projects/p0052021/experiments/XNAT03_E00266?format=html,7,69,,0.0,,14.70000000000000,,"[4, 5]",1,True,"JUICIO JUICIO carcinoma de próstata de alto riesgo con sospecha de localmente avanzado

TÉCNICA: RM prostática con administración de CIV. Estudio dinámico de perfusión durante 5 min. Secuencias de difusión con b: 0, 1000, <NUM> y 2000.

HALLAZGOS:

Calidad de imagen: Satisfactorio

MORFOLOGÍA:
Próstata de mediano tamaño
Tamaño: 49 x 36 x 44 mm (T, AP y CC)
Volumen: 40 cc

<NAME> cT:
Zona periférica: PI-RADS 5 que afecta la próstata izquierda en su conjunto con extensión a la ZT con marcada restricción en la difusión con ADC de 0,6 en la porción apical del tumor.
PI-RADS 4 en próstata media derecha

Glándula central: lóbulo izquierdo infiltrado por tumor

Extensión extracapsular: SI

Afectación del paquete vasculonervioso periprostático: SI

Afectación de vesícula seminales: NO. Retracción de la VSI por fibrosis en vecindad de la anastomosis T-T rectal

Cuello de la vejiga: Normal
Esfínter distal: Normal

<NAME> cN:
Ganglios linfáticos: adenopatías inguinal izquierda tumoral de 1 cm. Adenopatía probablemente tumoral de 1 cm en cadena iliaca externa derecha.
Tumoración ganglionar de 48x32 mm en territorio de la AMI a la que infiltra, descrita en TC, a valorar origen prostático o rectal dada la coexistencia de neoplasia rectal intervenida, visualizando en el momento actual engrosamiento nodular de 15 mm en la pared lateral izquierdo del recto a la altura de la anastomosis, a descartar recidiva local y ganglionar

Hueso: metástasis en hueso iliaco bilateral y rama púbica izquierda


CONCLUSIÓN:
PI-RADS 5 ZP izquierda con extensión extracapsular y neurovascular. PI-RADS 4 D-M-pzpm. Diseminación ganglionar y ósea
Valorar anastomosis rectal por posible recidiva local.

",XNAT03_S00227,XNAT03_E00266
sub-005657,ses-006121,/mnt/ceib/datalake/FISABIO_datalake/prueba/p0052021_reborn/sub-005657/ses-006121/mim-mr/anat/sub-005657_ses-006121_acq-fse_run-9_bp-prostate_vp-ax_T2w.nii.gz,/mnt/ceib/datalake/FISABIO_datalake/prueba/p0052021_reborn/sub-005657/ses-006121/mim-mr/dwi/sub-005657_ses-006121_acq-bvalue_run-11_bp-prostate_vp-ax_dwi.nii.gz,/mnt/ceib/datalake/FISABIO_datalake/prueba/p0052021_reborn/derivatives/creating_adc/sub-005657/ses-006121/mim-mr/dwi/sub-005657_ses-006121_acq-bvalue_run-11_bp-prostate_vp-ax_mod-dwi_desc-calcADC_ADC.nii.gz,7.0,62.0,,2.0,,7.71,68.0,3.0,1.0,1948-07-16,2010-07-27,train,True,,val,ses-006121,sub-005657,p0052021,,https://ceib.cipf.es/xnat2/data/projects/p0052021/experiments/XNAT03_E00470?format=html,7,62,,1.0,,7.710000000000000,68.0,[3],1,True,"JUICIO JUICIO Diagnosticada de cáncer de próstata de muy bajo riesgo. Estudio previo a vigilancia activa.

TÉCNICA: RM prostática con administración de CIV. Estudio dinámico de perfusión durante 5 min. Secuencias de difusión con b: 0, 1000, <NUM> y 2000.

HALLAZGOS:

Calidad de imagen:  Satisfactorio

MORFOLOGÍA:
Próstata moderadamente hipertrófica
Tamaño: 57 x 42 x 55 mm (T, AP y CC)
Volumen: 68 cc

<NAME> cT:
Zona periférica: ligera pérdida de volumen de la ZP apical izquierda con retracción capsular, donde se observa foco de moderada hiperseñal en DWi y moderada hiposeñal en ADC, que no realza precozmente tras la administración de contraste, por tanto, encuadrable en la categoría PI-RADS 3 (incierta probabilidad de CCS). Morfológicamente parece área de prostatitis.

Glándula central: <NAME> sin focos sospechosos de CCS

Extensión extracapsular: NO

Afectación del paquete vasculonervioso periprostático: NO

Afectación de vesícula seminales: NO

Cuello de la vejiga: Normal
Esfínter distal: Normal

<NAME> cN:
Ganglios linfáticos: sin evidencia de adenopatías locorregionales

Hueso: sin lesiones agresivas


CONCLUSIÓN: PI-RADS 3 I-A-Pzpm

",XNAT03_S00400,XNAT03_E00470
sub-005690,ses-006160,/mnt/ceib/datalake/FISABIO_datalake/prueba/p0052021_reborn/sub-005690/ses-006160/mim-mr/anat/sub-005690_ses-006160_acq-fse_run-8_bp-prostate_vp-ax_T2w.nii.gz,/mnt/ceib/datalake/FISABIO_datalake/prueba/p0052021_reborn/sub-005690/ses-006160/mim-mr/dwi/sub-005690_ses-006160_acq-bvalue_run-11_bp-prostate_vp-ax_dwi.nii.gz,/mnt/ceib/datalake/FISABIO_datalake/prueba/p0052021_reborn/derivatives/creating_adc/sub-005690/ses-006160/mim-mr/dwi/sub-005690_ses-006160_acq-bvalue_run-11_bp-prostate_vp-ax_mod-dwi_desc-calcADC_ADC.nii.gz,7.0,73.0,,2.0,,6.37,25.3344,4.0,1.0,1938-02-19,2011-03-26,train,True,,val,ses-006160,sub-005690,p0052021,,https://ceib.cipf.es/xnat2/data/projects/p0052021/experiments/XNAT03_E00358?format=html,7,73,,1.0,,6.370000000000000,25.3344,[4],1,True,"JUICIO JUICIO Ca de próstata Gleason 3+4

TÉCNICA: RM prostática con administración de CIV. Estudio dinámico de perfusión durante 5 min. Secuencias de difusión con b: 0, 1000, <NUM> y 2000.

HALLAZGOS:

Calidad de imagen:  Satisfactorio

MORFOLOGÍA:
Próstata pequeña
Tamaño: 40 x 29 x 42 mm (T, AP y CC)
Volumen: <FECHA> cc

<NAME> cT:
Zona periférica: foco de baja señal en las imágenes potenciadas en T2 que presenta claros signos de restricción en DWI y realce precoz tras la administración de contraste, de 12 mm de diámetro en próstata medio apical derecha con encuadrable en la categoría PI-RADS 4.

Glándula central: normal sin focos de sospechosos de CCS

Extensión extracapsular: NO

Afectación del paquete vasculonervioso periprostático: NO

Afectación de vesícula seminales: NO

Cuello de la vejiga: Normal
Esfínter distal: Normal

<NAME> cN:
Ganglios linfáticos: no se observan adenopatías locorregionales

Hueso: sin lesiones agresivas


CONCLUSIÓN: PI-RADS 4 D-M/A-pzpl

",XNAT03_S00313,XNAT03_E00358
sub-005996,ses-006505,/mnt/ceib/datalake/FISABIO_datalake/prueba/p0052021_reborn/sub-005996/ses-006505/mim-mr/anat/sub-005996_ses-006505_acq-fse_run-8_bp-prostate_vp-ax_T2w.nii.gz,/mnt/ceib/datalake/FISABIO_datalake/prueba/p0052021_reborn/sub-005996/ses-006505/mim-mr/dwi/sub-005996_ses-006505_acq-bvalue_run-11_bp-prostate_vp-ax_dwi.nii.gz,/mnt/ceib/datalake/FISABIO_datalake/prueba/p0052021_reborn/derivatives/creating_adc/sub-005996/ses-006505/mim-mr/dwi/sub-005996_ses-006505_acq-bvalue_run-11_bp-prostate_vp-ax_mod-dwi_desc-calcADC_ADC.nii.gz,7.0,86.0,,1.0,,12.2,39.0,4.0,1.0,1924-09-18,2010-07-03,train,True,,val,ses-006505,sub-005996,p0052021,,https://ceib.cipf.es/xnat2/data/projects/p0052021/experiments/XNAT03_E00664?format=html,7,85,,0.0,,12.20000000000000,39.0,[4],1,True,"JUICIO JUICIO Ca de próstata,. Estudio de extensión

TÉCNICA: RM prostática con administración de CIV. Estudio dinámico de perfusión durante 5 min. Secuencias de difusión con b: 0, 1000, <NUM> y 2000.

HALLAZGOS:

Calidad de imagen:  (Satisfactorio / Subóptimo / degradado por movimiento / etc].

MORFOLOGÍA:
Próstata (homogénea/heterogénea/hipertrofia)
Tamaño: 46 x 37 x 44 mm (T, AP y CC)
Volumen: 39 cc

<NAME> cT:
Zona periférica: focos de hiposeñal que corresponden con focos de restricción en difusión y realce tras la administración de contraste encuadrables en la categoría PI-RADS 4 , de craneal a caudal:

-6 mm en próstata media derecha
-9 mm en próstata media derecha
-11 mm en próstata media izquierda
Ver imágenes fusión


Glándula central: sin evidencia de focos sospechosos de CCS

Extensión extracapsular: NO

Afectación del paquete vasculonervioso periprostático: NO

Afectación de vesícula seminales: NO

Cuello de la vejiga: Normal
Esfínter distal: Normal

<NAME> cN:
Ganglios linfáticos:sin evidencia de adenopatías locorregionales

Hueso: sin lesiones agresivas


CONCLUSIÓN: PI-RADS 4 M-D-Pzpl (2). PI-RADS 4 M-I Pzpl

",XNAT03_S00577,XNAT03_E00664
sub-005575,ses-006029,/mnt/ceib/datalake/FISABIO_datalake/prueba/p0052021_reborn/sub-005575/ses-006029/mim-mr/anat/sub-005575_ses-006029_acq-fse_run-8_bp-prostate_vp-ax_T2w.nii.gz,/mnt/ceib/datalake/FISABIO_datalake/prueba/p0052021_reborn/sub-005575/ses-006029/mim-mr/dwi/sub-005575_ses-006029_acq-bvalue_run-11_bp-prostate_vp-ax_dwi.nii.gz,/mnt/ceib/datalake/FISABIO_datalake/prueba/p0052021_reborn/derivatives/creating_adc/sub-005575/ses-006029/mim-mr/dwi/sub-005575_ses-006029_acq-bvalue_run-11_bp-prostate_vp-ax_mod-dwi_desc-calcADC_ADC.nii.gz,7.0,69.0,,1.0,,14.7,,5.0,0.0,1941-01-20,2010-02-26,train,True,,val,ses-006029,sub-005575,p0052021,,https://ceib.cipf.es/xnat2/data/projects/p0052021/experiments/XNAT03_E00266?format=html,7,69,,0.0,,14.70000000000000,,"[4, 5]",1,True,"JUICIO JUICIO carcinoma de próstata de alto riesgo con sospecha de localmente avanzado

TÉCNICA: RM prostática con administración de CIV. Estudio dinámico de perfusión durante 5 min. Secuencias de difusión con b: 0, 1000, <NUM> y 2000.

HALLAZGOS:

Calidad de imagen: Satisfactorio

MORFOLOGÍA:
Próstata de mediano tamaño
Tamaño: 49 x 36 x 44 mm (T, AP y CC)
Volumen: 40 cc

<NAME> cT:
Zona periférica: PI-RADS 5 que afecta la próstata izquierda en su conjunto con extensión a la ZT con marcada restricción en la difusión con ADC de 0,6 en la porción apical del tumor.
PI-RADS 4 en próstata media derecha

Glándula central: lóbulo izquierdo infiltrado por tumor

Extensión extracapsular: SI

Afectación del paquete vasculonervioso periprostático: SI

Afectación de vesícula seminales: NO. Retracción de la VSI por fibrosis en vecindad de la anastomosis T-T rectal

Cuello de la vejiga: Normal
Esfínter distal: Normal

<NAME> cN:
Ganglios linfáticos: adenopatías inguinal izquierda tumoral de 1 cm. Adenopatía probablemente tumoral de 1 cm en cadena iliaca externa derecha.
Tumoración ganglionar de 48x32 mm en territorio de la AMI a la que infiltra, descrita en TC, a valorar origen prostático o rectal dada la coexistencia de neoplasia rectal intervenida, visualizando en el momento actual engrosamiento nodular de 15 mm en la pared lateral izquierdo del recto a la altura de la anastomosis, a descartar recidiva local y ganglionar

Hueso: metástasis en hueso iliaco bilateral y rama púbica izquierda


CONCLUSIÓN:
PI-RADS 5 ZP izquierda con extensión extracapsular y neurovascular. PI-RADS 4 D-M-pzpm. Diseminación ganglionar y ósea
Valorar anastomosis rectal por posible recidiva local.

",XNAT03_S00227,XNAT03_E00266
sub-005657,ses-006121,/mnt/ceib/datalake/FISABIO_datalake/prueba/p0052021_reborn/sub-005657/ses-006121/mim-mr/anat/sub-005657_ses-006121_acq-fse_run-9_bp-prostate_vp-ax_T2w.nii.gz,/mnt/ceib/datalake/FISABIO_datalake/prueba/p0052021_reborn/sub-005657/ses-006121/mim-mr/dwi/sub-005657_ses-006121_acq-bvalue_run-12_bp-prostate_vp-ax_dwi.nii.gz,/mnt/ceib/datalake/FISABIO_datalake/prueba/p0052021_reborn/derivatives/creating_adc/sub-005657/ses-006121/mim-mr/dwi/sub-005657_ses-006121_acq-bvalue_run-12_bp-prostate_vp-ax_mod-dwi_desc-calcADC_ADC.nii.gz,7.0,62.0,,2.0,,7.71,68.0,3.0,1.0,1948-07-16,2010-07-27,train,True,,val,ses-006121,sub-005657,p0052021,,https://ceib.cipf.es/xnat2/data/projects/p0052021/experiments/XNAT03_E00470?format=html,7,62,,1.0,,7.710000000000000,68.0,[3],1,True,"JUICIO JUICIO Diagnosticada de cáncer de próstata de muy bajo riesgo. Estudio previo a vigilancia activa.

TÉCNICA: RM prostática con administración de CIV. Estudio dinámico de perfusión durante 5 min. Secuencias de difusión con b: 0, 1000, <NUM> y 2000.

HALLAZGOS:

Calidad de imagen:  Satisfactorio

MORFOLOGÍA:
Próstata moderadamente hipertrófica
Tamaño: 57 x 42 x 55 mm (T, AP y CC)
Volumen: 68 cc

<NAME> cT:
Zona periférica: ligera pérdida de volumen de la ZP apical izquierda con retracción capsular, donde se observa foco de moderada hiperseñal en DWi y moderada hiposeñal en ADC, que no realza precozmente tras la administración de contraste, por tanto, encuadrable en la categoría PI-RADS 3 (incierta probabilidad de CCS). Morfológicamente parece área de prostatitis.

Glándula central: <NAME> sin focos sospechosos de CCS

Extensión extracapsular: NO

Afectación del paquete vasculonervioso periprostático: NO

Afectación de vesícula seminales: NO

Cuello de la vejiga: Normal
Esfínter distal: Normal

<NAME> cN:
Ganglios linfáticos: sin evidencia de adenopatías locorregionales

Hueso: sin lesiones agresivas


CONCLUSIÓN: PI-RADS 3 I-A-Pzpm

",XNAT03_S00400,XNAT03_E00470
sub-006544,ses-007127,/mnt/ceib/datalake/FISABIO_datalake/prueba/p0052021_reborn/sub-006544/ses-007127/mim-mr/anat/sub-006544_ses-007127_acq-propeller_run-600_bp-prostate_vp-ax_T2w.nii.gz,/mnt/ceib/datalake/FISABIO_datalake/prueba/p0052021_reborn/sub-006544/ses-007127/mim-mr/dwi/sub-006544_ses-007127_acq-bvalue_run-7_bp-prostate_vp-ax_dwi.nii.gz,/mnt/ceib/datalake/FISABIO_datalake/prueba/p0052021_reborn/derivatives/creating_adc/sub-006544/ses-007127/mim-mr/dwi/sub-006544_ses-007127_acq-bvalue_run-7_bp-prostate_vp-ax_mod-dwi_desc-calcADC_ADC.nii.gz,17.0,73.0,,1.0,,7.489999771118164,31.48288000000001,,1.0,1939-05-29,2013-12-05,train,True,,val,ses-007127,sub-006544,p0052021,,https://ceib.cipf.es/xnat2/data/projects/p0052021/experiments/XNAT03_E04604?format=html,17,74,,1.0,,7.489999771118164,31.48288000000001,4,1,True,"Numero  de  Estudio:  <NUM> 
Apellidos y nombre: SAIDALI , MAK
Fecha  de  Nacimiento:  <FECHA> 
SIP:  <NUM>

===========    Informe  del  Estudio =========== 

RM PRÓSTATA, SIN/CON CONTRASTE    



MOTIVO MOTIVO MOTIVO Ca de próstata, estudio de extensión.

EXPLORACIÓN REALIZADA: RM DE PRÓSTATA: Se realizan cortes axiales coronales y sagitales, empleando secuencias TSE potenciadas en TSE T2, T2 FS, secuencia de difusión y mapa ADC, TSE T1 previo y tras la administración de gadolinio endovenoso, con estudio de perfusión mediante LAVA GENiq, (Dotarem), se analizan curvas de captación. Se administra 1 amp. de buscapina IV previo al estudio (con el fin de disminuir artefactos por movimientos peristálticos intestinales). 


INFORME

Próstata de 4,4 x  4,3 x 3,2 cms de diámetros CC x T x AP.
La porción transicional se muestra heterogénea en relación con cambios quísticos- adenomatosos.
La porción periférica muestra pérdida de la hiperintensidad de señal normal en la secuencia T2, en parte relacionado con abundantes restos hemáticos en ambos lóbulos. Tras la administración de gadolinio iv y analizando las curvas de captación, se aprecia una captación difusa del LD desde la región apical hasta la basal de la región lateral y anterior del LD y posterior de ambos lóbulos en la región basal, mal definido, la morfología de la curvas es tipo 3, sopechosas de malignidad.
La cápsula se muestra conservada. Se aprecia una captación prominente y asimétrica  de plexos periprostáticos y de bandeletas, que en parte podría estar relacionado con cambios inflamatorios postbiópsias por lo que en principio son inespecíficos.
Se aprecia una captación de la base de ambas vesículas seminales, y del ángulo vesiculo-prostático, predominantemente en el lado derecho.
Vejiga sin alteraciones reseñables. Segmento distal de ambos uréteres de calibre normal.

No se observan ganglios de aspecto patológico en cadenas iliacas.
No se observa líquido libre en la pelvis.


IMPRESIÓN DIAGNÓSTICA 

Hallazgos con afectación neoplásica del LD, no descarto signos de extensión extracapsular, aunque presenta componente inflamatorio importante que podría condicionar falsos positivos (respecto a la afectación de las vesículas seminales). (T2b/T3b, N0).

============================================= 

Información: 
            Fecha  del  Informe:  <FECHA>
			Autor: <NAME> <NAME>, <NAME>
 Numero  de  Estudio:  <NUM> 
Apellidos y nombre: <NAME>, <NAME>
Fecha  de  Nacimiento:  <FECHA> 
SIP:  <NUM>

===========    Informe  del  Estudio =========== 

RM PRÓSTATA, SIN/CON CONTRASTE    



MOTIVO MOTIVO MOTIVO Ca de próstata, estudio de extensión.

EXPLORACIÓN REALIZADA: RM DE PRÓSTATA: Se realizan cortes axiales coronales y sagitales, empleando secuencias TSE potenciadas en TSE T2, T2 FS, secuencia de difusión y mapa ADC, TSE T1 previo y tras la administración de gadolinio endovenoso, con estudio de perfusión mediante LAVA GENiq, (Dotarem), se analizan curvas de captación. Se administra 1 amp. de buscapina IV previo al estudio (con el fin de disminuir artefactos por movimientos peristálticos intestinales). 


INFORME

Próstata de 4,4 x  4,3 x 3,2 cms de diámetros CC x T x AP.
La porción transicional se muestra heterogénea en relación con cambios quísticos- adenomatosos.
La porción periférica muestra pérdida de la hiperintensidad de señal normal en la secuencia T2, en parte relacionado con abundantes restos hemáticos en ambos lóbulos. Tras la administración de gadolinio iv y analizando las curvas de captación, se aprecia una captación difusa del LD desde la región apical hasta la basal de la región lateral y anterior del LD y posterior de ambos lóbulos en la región basal, mal definido, la morfología de la curvas es tipo 3, sopechosas de malignidad.
La cápsula se muestra conservada. Se aprecia una captación prominente y asimétrica  de plexos periprostáticos y de bandeletas, que en parte podría estar relacionado con cambios inflamatorios postbiópsias por lo que en principio son inespecíficos.
Se aprecia una captación de la base de ambas vesículas seminales, y del ángulo vesiculo-prostático, predominantemente en el lado derecho.
Vejiga sin alteraciones reseñables. Segmento distal de ambos uréteres de calibre normal.

No se observan ganglios de aspecto patológico en cadenas iliacas.
No se observa líquido libre en la pelvis.


IMPRESIÓN DIAGNÓSTICA 

Hallazgos con afectación neoplásica del LD, no descarto signos de extensión extracapsular, aunque presenta componente inflamatorio importante que podría condicionar falsos positivos (respecto a la afectación de las vesículas seminales). (T2b/T3b, N0).

============================================= 

Información: 
            Fecha  del  Informe:  <FECHA>
			Autor: <NAME> <NAME>, <NAME>
",XNAT03_S02445,XNAT03_E04604
sub-006544,ses-007127,/mnt/ceib/datalake/FISABIO_datalake/prueba/p0052021_reborn/sub-006544/ses-007127/mim-mr/anat/sub-006544_ses-007127_acq-propeller_run-6_bp-prostate_vp-ax_T2w.nii.gz,/mnt/ceib/datalake/FISABIO_datalake/prueba/p0052021_reborn/sub-006544/ses-007127/mim-mr/dwi/sub-006544_ses-007127_acq-bvalue_run-7_bp-prostate_vp-ax_dwi.nii.gz,/mnt/ceib/datalake/FISABIO_datalake/prueba/p0052021_reborn/derivatives/creating_adc/sub-006544/ses-007127/mim-mr/dwi/sub-006544_ses-007127_acq-bvalue_run-7_bp-prostate_vp-ax_mod-dwi_desc-calcADC_ADC.nii.gz,17.0,73.0,,1.0,,7.489999771118164,31.48288000000001,,1.0,1939-05-29,2013-12-05,train,True,,val,ses-007127,sub-006544,p0052021,,https://ceib.cipf.es/xnat2/data/projects/p0052021/experiments/XNAT03_E04604?format=html,17,74,,1.0,,7.489999771118164,31.48288000000001,4,1,True,"Numero  de  Estudio:  <NUM> 
Apellidos y nombre: SAIDALI , MAK
Fecha  de  Nacimiento:  <FECHA> 
SIP:  <NUM>

===========    Informe  del  Estudio =========== 

RM PRÓSTATA, SIN/CON CONTRASTE    



MOTIVO MOTIVO MOTIVO Ca de próstata, estudio de extensión.

EXPLORACIÓN REALIZADA: RM DE PRÓSTATA: Se realizan cortes axiales coronales y sagitales, empleando secuencias TSE potenciadas en TSE T2, T2 FS, secuencia de difusión y mapa ADC, TSE T1 previo y tras la administración de gadolinio endovenoso, con estudio de perfusión mediante LAVA GENiq, (Dotarem), se analizan curvas de captación. Se administra 1 amp. de buscapina IV previo al estudio (con el fin de disminuir artefactos por movimientos peristálticos intestinales). 


INFORME

Próstata de 4,4 x  4,3 x 3,2 cms de diámetros CC x T x AP.
La porción transicional se muestra heterogénea en relación con cambios quísticos- adenomatosos.
La porción periférica muestra pérdida de la hiperintensidad de señal normal en la secuencia T2, en parte relacionado con abundantes restos hemáticos en ambos lóbulos. Tras la administración de gadolinio iv y analizando las curvas de captación, se aprecia una captación difusa del LD desde la región apical hasta la basal de la región lateral y anterior del LD y posterior de ambos lóbulos en la región basal, mal definido, la morfología de la curvas es tipo 3, sopechosas de malignidad.
La cápsula se muestra conservada. Se aprecia una captación prominente y asimétrica  de plexos periprostáticos y de bandeletas, que en parte podría estar relacionado con cambios inflamatorios postbiópsias por lo que en principio son inespecíficos.
Se aprecia una captación de la base de ambas vesículas seminales, y del ángulo vesiculo-prostático, predominantemente en el lado derecho.
Vejiga sin alteraciones reseñables. Segmento distal de ambos uréteres de calibre normal.

No se observan ganglios de aspecto patológico en cadenas iliacas.
No se observa líquido libre en la pelvis.


IMPRESIÓN DIAGNÓSTICA 

Hallazgos con afectación neoplásica del LD, no descarto signos de extensión extracapsular, aunque presenta componente inflamatorio importante que podría condicionar falsos positivos (respecto a la afectación de las vesículas seminales). (T2b/T3b, N0).

============================================= 

Información: 
            Fecha  del  Informe:  <FECHA>
			Autor: <NAME> <NAME>, <NAME>
 Numero  de  Estudio:  <NUM> 
Apellidos y nombre: <NAME>, <NAME>
Fecha  de  Nacimiento:  <FECHA> 
SIP:  <NUM>

===========    Informe  del  Estudio =========== 

RM PRÓSTATA, SIN/CON CONTRASTE    



MOTIVO MOTIVO MOTIVO Ca de próstata, estudio de extensión.

EXPLORACIÓN REALIZADA: RM DE PRÓSTATA: Se realizan cortes axiales coronales y sagitales, empleando secuencias TSE potenciadas en TSE T2, T2 FS, secuencia de difusión y mapa ADC, TSE T1 previo y tras la administración de gadolinio endovenoso, con estudio de perfusión mediante LAVA GENiq, (Dotarem), se analizan curvas de captación. Se administra 1 amp. de buscapina IV previo al estudio (con el fin de disminuir artefactos por movimientos peristálticos intestinales). 


INFORME

Próstata de 4,4 x  4,3 x 3,2 cms de diámetros CC x T x AP.
La porción transicional se muestra heterogénea en relación con cambios quísticos- adenomatosos.
La porción periférica muestra pérdida de la hiperintensidad de señal normal en la secuencia T2, en parte relacionado con abundantes restos hemáticos en ambos lóbulos. Tras la administración de gadolinio iv y analizando las curvas de captación, se aprecia una captación difusa del LD desde la región apical hasta la basal de la región lateral y anterior del LD y posterior de ambos lóbulos en la región basal, mal definido, la morfología de la curvas es tipo 3, sopechosas de malignidad.
La cápsula se muestra conservada. Se aprecia una captación prominente y asimétrica  de plexos periprostáticos y de bandeletas, que en parte podría estar relacionado con cambios inflamatorios postbiópsias por lo que en principio son inespecíficos.
Se aprecia una captación de la base de ambas vesículas seminales, y del ángulo vesiculo-prostático, predominantemente en el lado derecho.
Vejiga sin alteraciones reseñables. Segmento distal de ambos uréteres de calibre normal.

No se observan ganglios de aspecto patológico en cadenas iliacas.
No se observa líquido libre en la pelvis.


IMPRESIÓN DIAGNÓSTICA 

Hallazgos con afectación neoplásica del LD, no descarto signos de extensión extracapsular, aunque presenta componente inflamatorio importante que podría condicionar falsos positivos (respecto a la afectación de las vesículas seminales). (T2b/T3b, N0).

============================================= 

Información: 
            Fecha  del  Informe:  <FECHA>
			Autor: <NAME> <NAME>, <NAME>
",XNAT03_S02445,XNAT03_E04604
sub-006544,ses-007127,/mnt/ceib/datalake/FISABIO_datalake/prueba/p0052021_reborn/sub-006544/ses-007127/mim-mr/anat/sub-006544_ses-007127_acq-propeller_run-4_bp-prostate_vp-ax_T2w.nii.gz,/mnt/ceib/datalake/FISABIO_datalake/prueba/p0052021_reborn/sub-006544/ses-007127/mim-mr/dwi/sub-006544_ses-007127_acq-bvalue_run-7_bp-prostate_vp-ax_dwi.nii.gz,/mnt/ceib/datalake/FISABIO_datalake/prueba/p0052021_reborn/derivatives/creating_adc/sub-006544/ses-007127/mim-mr/dwi/sub-006544_ses-007127_acq-bvalue_run-7_bp-prostate_vp-ax_mod-dwi_desc-calcADC_ADC.nii.gz,17.0,73.0,,1.0,,7.489999771118164,31.48288000000001,,1.0,1939-05-29,2013-12-05,train,True,,val,ses-007127,sub-006544,p0052021,,https://ceib.cipf.es/xnat2/data/projects/p0052021/experiments/XNAT03_E04604?format=html,17,74,,1.0,,7.489999771118164,31.48288000000001,4,1,True,"Numero  de  Estudio:  <NUM> 
Apellidos y nombre: SAIDALI , MAK
Fecha  de  Nacimiento:  <FECHA> 
SIP:  <NUM>

===========    Informe  del  Estudio =========== 

RM PRÓSTATA, SIN/CON CONTRASTE    



MOTIVO MOTIVO MOTIVO Ca de próstata, estudio de extensión.

EXPLORACIÓN REALIZADA: RM DE PRÓSTATA: Se realizan cortes axiales coronales y sagitales, empleando secuencias TSE potenciadas en TSE T2, T2 FS, secuencia de difusión y mapa ADC, TSE T1 previo y tras la administración de gadolinio endovenoso, con estudio de perfusión mediante LAVA GENiq, (Dotarem), se analizan curvas de captación. Se administra 1 amp. de buscapina IV previo al estudio (con el fin de disminuir artefactos por movimientos peristálticos intestinales). 


INFORME

Próstata de 4,4 x  4,3 x 3,2 cms de diámetros CC x T x AP.
La porción transicional se muestra heterogénea en relación con cambios quísticos- adenomatosos.
La porción periférica muestra pérdida de la hiperintensidad de señal normal en la secuencia T2, en parte relacionado con abundantes restos hemáticos en ambos lóbulos. Tras la administración de gadolinio iv y analizando las curvas de captación, se aprecia una captación difusa del LD desde la región apical hasta la basal de la región lateral y anterior del LD y posterior de ambos lóbulos en la región basal, mal definido, la morfología de la curvas es tipo 3, sopechosas de malignidad.
La cápsula se muestra conservada. Se aprecia una captación prominente y asimétrica  de plexos periprostáticos y de bandeletas, que en parte podría estar relacionado con cambios inflamatorios postbiópsias por lo que en principio son inespecíficos.
Se aprecia una captación de la base de ambas vesículas seminales, y del ángulo vesiculo-prostático, predominantemente en el lado derecho.
Vejiga sin alteraciones reseñables. Segmento distal de ambos uréteres de calibre normal.

No se observan ganglios de aspecto patológico en cadenas iliacas.
No se observa líquido libre en la pelvis.


IMPRESIÓN DIAGNÓSTICA 

Hallazgos con afectación neoplásica del LD, no descarto signos de extensión extracapsular, aunque presenta componente inflamatorio importante que podría condicionar falsos positivos (respecto a la afectación de las vesículas seminales). (T2b/T3b, N0).

============================================= 

Información: 
            Fecha  del  Informe:  <FECHA>
			Autor: <NAME> <NAME>, <NAME>
 Numero  de  Estudio:  <NUM> 
Apellidos y nombre: <NAME>, <NAME>
Fecha  de  Nacimiento:  <FECHA> 
SIP:  <NUM>

===========    Informe  del  Estudio =========== 

RM PRÓSTATA, SIN/CON CONTRASTE    



MOTIVO MOTIVO MOTIVO Ca de próstata, estudio de extensión.

EXPLORACIÓN REALIZADA: RM DE PRÓSTATA: Se realizan cortes axiales coronales y sagitales, empleando secuencias TSE potenciadas en TSE T2, T2 FS, secuencia de difusión y mapa ADC, TSE T1 previo y tras la administración de gadolinio endovenoso, con estudio de perfusión mediante LAVA GENiq, (Dotarem), se analizan curvas de captación. Se administra 1 amp. de buscapina IV previo al estudio (con el fin de disminuir artefactos por movimientos peristálticos intestinales). 


INFORME

Próstata de 4,4 x  4,3 x 3,2 cms de diámetros CC x T x AP.
La porción transicional se muestra heterogénea en relación con cambios quísticos- adenomatosos.
La porción periférica muestra pérdida de la hiperintensidad de señal normal en la secuencia T2, en parte relacionado con abundantes restos hemáticos en ambos lóbulos. Tras la administración de gadolinio iv y analizando las curvas de captación, se aprecia una captación difusa del LD desde la región apical hasta la basal de la región lateral y anterior del LD y posterior de ambos lóbulos en la región basal, mal definido, la morfología de la curvas es tipo 3, sopechosas de malignidad.
La cápsula se muestra conservada. Se aprecia una captación prominente y asimétrica  de plexos periprostáticos y de bandeletas, que en parte podría estar relacionado con cambios inflamatorios postbiópsias por lo que en principio son inespecíficos.
Se aprecia una captación de la base de ambas vesículas seminales, y del ángulo vesiculo-prostático, predominantemente en el lado derecho.
Vejiga sin alteraciones reseñables. Segmento distal de ambos uréteres de calibre normal.

No se observan ganglios de aspecto patológico en cadenas iliacas.
No se observa líquido libre en la pelvis.


IMPRESIÓN DIAGNÓSTICA 

Hallazgos con afectación neoplásica del LD, no descarto signos de extensión extracapsular, aunque presenta componente inflamatorio importante que podría condicionar falsos positivos (respecto a la afectación de las vesículas seminales). (T2b/T3b, N0).

============================================= 

Información: 
            Fecha  del  Informe:  <FECHA>
			Autor: <NAME> <NAME>, <NAME>
",XNAT03_S02445,XNAT03_E04604
sub-006488,ses-007068,/mnt/ceib/datalake/FISABIO_datalake/prueba/p0052021_reborn/sub-006488/ses-007068/mim-mr/anat/sub-006488_ses-007068_acq-propeller_run-5_bp-prostate_vp-ax_T2w.nii.gz,/mnt/ceib/datalake/FISABIO_datalake/prueba/p0052021_reborn/sub-006488/ses-007068/mim-mr/dwi/sub-006488_ses-007068_acq-bvalue_run-10_bp-prostate_vp-cor_dwi.nii.gz,/mnt/ceib/datalake/FISABIO_datalake/prueba/p0052021_reborn/sub-006488/ses-007068/mim-mr/dwi/sub-006488_ses-007068_acq-adc_run-900_bp-prostate_vp-ax_dwi.nii.gz,17.0,69.0,,,,0.082,,,1.0,1938-02-21,2008-01-14,train,False,,val,ses-007068,sub-006488,p0052021,,https://ceib.cipf.es/xnat2/data/projects/p0052021/experiments/XNAT03_E04718?format=html,17,69,,,,0.08200000000000000,,3,1,True,"Numero  de  Estudio:  <NUM> 
Apellidos y nombre: <NAME> <NAME>, <NAME>
Fecha  de  Nacimiento:  <FECHA> 
SIP:  <NUM>

===========    Informe  del  Estudio =========== 

RM PRÓSTATA, SIN/CON CONTRASTE    



<NUM> DE DE Adenocarcinoma de próstata diagnosticado el <FECHA>. Recibió tratamiento solo con BAC. Ruego valoración.

EXPLORACIÓN REALIZADA: RM DE PELVIS CON CONTRASTE: Se realizan cortes axiales coronales y sagitales, empleando secuencias TSE potenciadas en TSE T2, T2 FS, secuencia de difusión y mapa ADC, TSE T1 previo y tras la administración de gadolinio endovenoso, con estudio de perfusión mediante LAVA GENiq, (Dotarem), se analizan curvas de captación. Se administra 1 amp. de buscapina IV previo al estudio (con el fin de disminuir artefactos por movimientos peristálticos intestinales). 


INFORME

Próstata de 4,45 x 4,5 x 3,50 cms de diámetros AP x T x CC. 
La porción periférica muestra marcadamente hipointensa en la secuencia T2, de forma difusa. 
Tras la administración de gadolinio iv y analizando las curvas de captación se aprecia una captación intensa del adenoma de características normales, sin pérdida de la morfología y simetria. En la porción periférica se aprecia una asimetría evidenciándose un nódulo en el LI de 6,4 x 4,3 x 15 mm de diámetros AP x T x CC, que muestra mayor captación de contraste que el parénquima del LD, desde la porción apical hasta la basal, con alta sospecha de corresponder a una recidiva tumoral intraglandular.
La cápsula se muestra mal definida, aunque no se aprecia captación significativa de bandeletas ni de vesículas seminales.

No se observan ganglios de aspecto patológico en cadenas iliacas.

Vejiga parcialmente repleccionada,  sin alteraciones reseñables. Segmento distal de ambos uréteres de calibre normal.
Diverticulosis de sigma
No se observa líquido libre en la pelvis.
Valorar estructuras óseas mediante gammagrafía


IMPRESIÓN DEHallazgos compatibles con recidiva tumoral  intraprostática, en el LI.

============================================= 

Información: 
            Fecha  del  Informe:  <FECHA>
			Autor: <NAME> <NAME>, <NAME>
",XNAT03_S02403,XNAT03_E04718
sub-006488,ses-007068,/mnt/ceib/datalake/FISABIO_datalake/prueba/p0052021_reborn/sub-006488/ses-007068/mim-mr/anat/sub-006488_ses-007068_acq-propeller_run-7_bp-prostate_vp-ax_T2w.nii.gz,/mnt/ceib/datalake/FISABIO_datalake/prueba/p0052021_reborn/sub-006488/ses-007068/mim-mr/dwi/sub-006488_ses-007068_acq-bvalue_run-10_bp-prostate_vp-cor_dwi.nii.gz,/mnt/ceib/datalake/FISABIO_datalake/prueba/p0052021_reborn/sub-006488/ses-007068/mim-mr/dwi/sub-006488_ses-007068_acq-adc_run-900_bp-prostate_vp-ax_dwi.nii.gz,17.0,69.0,,,,0.082,,,1.0,1938-02-21,2008-01-14,train,False,,val,ses-007068,sub-006488,p0052021,,https://ceib.cipf.es/xnat2/data/projects/p0052021/experiments/XNAT03_E04718?format=html,17,69,,,,0.08200000000000000,,3,1,True,"Numero  de  Estudio:  <NUM> 
Apellidos y nombre: <NAME> <NAME>, <NAME>
Fecha  de  Nacimiento:  <FECHA> 
SIP:  <NUM>

===========    Informe  del  Estudio =========== 

RM PRÓSTATA, SIN/CON CONTRASTE    



<NUM> DE DE Adenocarcinoma de próstata diagnosticado el <FECHA>. Recibió tratamiento solo con BAC. Ruego valoración.

EXPLORACIÓN REALIZADA: RM DE PELVIS CON CONTRASTE: Se realizan cortes axiales coronales y sagitales, empleando secuencias TSE potenciadas en TSE T2, T2 FS, secuencia de difusión y mapa ADC, TSE T1 previo y tras la administración de gadolinio endovenoso, con estudio de perfusión mediante LAVA GENiq, (Dotarem), se analizan curvas de captación. Se administra 1 amp. de buscapina IV previo al estudio (con el fin de disminuir artefactos por movimientos peristálticos intestinales). 


INFORME

Próstata de 4,45 x 4,5 x 3,50 cms de diámetros AP x T x CC. 
La porción periférica muestra marcadamente hipointensa en la secuencia T2, de forma difusa. 
Tras la administración de gadolinio iv y analizando las curvas de captación se aprecia una captación intensa del adenoma de características normales, sin pérdida de la morfología y simetria. En la porción periférica se aprecia una asimetría evidenciándose un nódulo en el LI de 6,4 x 4,3 x 15 mm de diámetros AP x T x CC, que muestra mayor captación de contraste que el parénquima del LD, desde la porción apical hasta la basal, con alta sospecha de corresponder a una recidiva tumoral intraglandular.
La cápsula se muestra mal definida, aunque no se aprecia captación significativa de bandeletas ni de vesículas seminales.

No se observan ganglios de aspecto patológico en cadenas iliacas.

Vejiga parcialmente repleccionada,  sin alteraciones reseñables. Segmento distal de ambos uréteres de calibre normal.
Diverticulosis de sigma
No se observa líquido libre en la pelvis.
Valorar estructuras óseas mediante gammagrafía


IMPRESIÓN DEHallazgos compatibles con recidiva tumoral  intraprostática, en el LI.

============================================= 

Información: 
            Fecha  del  Informe:  <FECHA>
			Autor: <NAME> <NAME>, <NAME>
",XNAT03_S02403,XNAT03_E04718
sub-006488,ses-007068,/mnt/ceib/datalake/FISABIO_datalake/prueba/p0052021_reborn/sub-006488/ses-007068/mim-mr/anat/sub-006488_ses-007068_acq-propeller_run-5_bp-prostate_vp-ax_T2w.nii.gz,/mnt/ceib/datalake/FISABIO_datalake/prueba/p0052021_reborn/sub-006488/ses-007068/mim-mr/dwi/sub-006488_ses-007068_acq-bvalue_run-9_bp-prostate_vp-ax_dwi.nii.gz,/mnt/ceib/datalake/FISABIO_datalake/prueba/p0052021_reborn/sub-006488/ses-007068/mim-mr/dwi/sub-006488_ses-007068_acq-adc_run-900_bp-prostate_vp-ax_dwi.nii.gz,17.0,69.0,,,,0.082,,,1.0,1938-02-21,2008-01-14,train,False,,val,ses-007068,sub-006488,p0052021,,https://ceib.cipf.es/xnat2/data/projects/p0052021/experiments/XNAT03_E04718?format=html,17,69,,,,0.08200000000000000,,3,1,True,"Numero  de  Estudio:  <NUM> 
Apellidos y nombre: <NAME> <NAME>, <NAME>
Fecha  de  Nacimiento:  <FECHA> 
SIP:  <NUM>

===========    Informe  del  Estudio =========== 

RM PRÓSTATA, SIN/CON CONTRASTE    



<NUM> DE DE Adenocarcinoma de próstata diagnosticado el <FECHA>. Recibió tratamiento solo con BAC. Ruego valoración.

EXPLORACIÓN REALIZADA: RM DE PELVIS CON CONTRASTE: Se realizan cortes axiales coronales y sagitales, empleando secuencias TSE potenciadas en TSE T2, T2 FS, secuencia de difusión y mapa ADC, TSE T1 previo y tras la administración de gadolinio endovenoso, con estudio de perfusión mediante LAVA GENiq, (Dotarem), se analizan curvas de captación. Se administra 1 amp. de buscapina IV previo al estudio (con el fin de disminuir artefactos por movimientos peristálticos intestinales). 


INFORME

Próstata de 4,45 x 4,5 x 3,50 cms de diámetros AP x T x CC. 
La porción periférica muestra marcadamente hipointensa en la secuencia T2, de forma difusa. 
Tras la administración de gadolinio iv y analizando las curvas de captación se aprecia una captación intensa del adenoma de características normales, sin pérdida de la morfología y simetria. En la porción periférica se aprecia una asimetría evidenciándose un nódulo en el LI de 6,4 x 4,3 x 15 mm de diámetros AP x T x CC, que muestra mayor captación de contraste que el parénquima del LD, desde la porción apical hasta la basal, con alta sospecha de corresponder a una recidiva tumoral intraglandular.
La cápsula se muestra mal definida, aunque no se aprecia captación significativa de bandeletas ni de vesículas seminales.

No se observan ganglios de aspecto patológico en cadenas iliacas.

Vejiga parcialmente repleccionada,  sin alteraciones reseñables. Segmento distal de ambos uréteres de calibre normal.
Diverticulosis de sigma
No se observa líquido libre en la pelvis.
Valorar estructuras óseas mediante gammagrafía


IMPRESIÓN DEHallazgos compatibles con recidiva tumoral  intraprostática, en el LI.

============================================= 

Información: 
            Fecha  del  Informe:  <FECHA>
			Autor: <NAME> <NAME>, <NAME>
",XNAT03_S02403,XNAT03_E04718
sub-006488,ses-007068,/mnt/ceib/datalake/FISABIO_datalake/prueba/p0052021_reborn/sub-006488/ses-007068/mim-mr/anat/sub-006488_ses-007068_acq-propeller_run-7_bp-prostate_vp-ax_T2w.nii.gz,/mnt/ceib/datalake/FISABIO_datalake/prueba/p0052021_reborn/sub-006488/ses-007068/mim-mr/dwi/sub-006488_ses-007068_acq-bvalue_run-9_bp-prostate_vp-ax_dwi.nii.gz,/mnt/ceib/datalake/FISABIO_datalake/prueba/p0052021_reborn/sub-006488/ses-007068/mim-mr/dwi/sub-006488_ses-007068_acq-adc_run-900_bp-prostate_vp-ax_dwi.nii.gz,17.0,69.0,,,,0.082,,,1.0,1938-02-21,2008-01-14,train,False,,val,ses-007068,sub-006488,p0052021,,https://ceib.cipf.es/xnat2/data/projects/p0052021/experiments/XNAT03_E04718?format=html,17,69,,,,0.08200000000000000,,3,1,True,"Numero  de  Estudio:  <NUM> 
Apellidos y nombre: <NAME> <NAME>, <NAME>
Fecha  de  Nacimiento:  <FECHA> 
SIP:  <NUM>

===========    Informe  del  Estudio =========== 

RM PRÓSTATA, SIN/CON CONTRASTE    



<NUM> DE DE Adenocarcinoma de próstata diagnosticado el <FECHA>. Recibió tratamiento solo con BAC. Ruego valoración.

EXPLORACIÓN REALIZADA: RM DE PELVIS CON CONTRASTE: Se realizan cortes axiales coronales y sagitales, empleando secuencias TSE potenciadas en TSE T2, T2 FS, secuencia de difusión y mapa ADC, TSE T1 previo y tras la administración de gadolinio endovenoso, con estudio de perfusión mediante LAVA GENiq, (Dotarem), se analizan curvas de captación. Se administra 1 amp. de buscapina IV previo al estudio (con el fin de disminuir artefactos por movimientos peristálticos intestinales). 


INFORME

Próstata de 4,45 x 4,5 x 3,50 cms de diámetros AP x T x CC. 
La porción periférica muestra marcadamente hipointensa en la secuencia T2, de forma difusa. 
Tras la administración de gadolinio iv y analizando las curvas de captación se aprecia una captación intensa del adenoma de características normales, sin pérdida de la morfología y simetria. En la porción periférica se aprecia una asimetría evidenciándose un nódulo en el LI de 6,4 x 4,3 x 15 mm de diámetros AP x T x CC, que muestra mayor captación de contraste que el parénquima del LD, desde la porción apical hasta la basal, con alta sospecha de corresponder a una recidiva tumoral intraglandular.
La cápsula se muestra mal definida, aunque no se aprecia captación significativa de bandeletas ni de vesículas seminales.

No se observan ganglios de aspecto patológico en cadenas iliacas.

Vejiga parcialmente repleccionada,  sin alteraciones reseñables. Segmento distal de ambos uréteres de calibre normal.
Diverticulosis de sigma
No se observa líquido libre en la pelvis.
Valorar estructuras óseas mediante gammagrafía


IMPRESIÓN DEHallazgos compatibles con recidiva tumoral  intraprostática, en el LI.

============================================= 

Información: 
            Fecha  del  Informe:  <FECHA>
			Autor: <NAME> <NAME>, <NAME>
",XNAT03_S02403,XNAT03_E04718
sub-006544,ses-007127,/mnt/ceib/datalake/FISABIO_datalake/prueba/p0052021_reborn/sub-006544/ses-007127/mim-mr/anat/sub-006544_ses-007127_acq-propeller_run-600_bp-prostate_vp-ax_T2w.nii.gz,/mnt/ceib/datalake/FISABIO_datalake/prueba/p0052021_reborn/sub-006544/ses-007127/mim-mr/dwi/sub-006544_ses-007127_acq-bvalue_run-7_bp-prostate_vp-ax_dwi.nii.gz,/mnt/ceib/datalake/FISABIO_datalake/prueba/p0052021_reborn/sub-006544/ses-007127/mim-mr/dwi/sub-006544_ses-007127_acq-adc_run-801_bp-prostate_vp-ax_dwi.nii.gz,17.0,73.0,,1.0,,7.489999771118164,31.48288000000001,,1.0,1939-05-29,2013-12-05,train,False,,val,ses-007127,sub-006544,p0052021,,https://ceib.cipf.es/xnat2/data/projects/p0052021/experiments/XNAT03_E04604?format=html,17,74,,1.0,,7.489999771118164,31.48288000000001,4,1,True,"Numero  de  Estudio:  <NUM> 
Apellidos y nombre: SAIDALI , MAK
Fecha  de  Nacimiento:  <FECHA> 
SIP:  <NUM>

===========    Informe  del  Estudio =========== 

RM PRÓSTATA, SIN/CON CONTRASTE    



MOTIVO MOTIVO MOTIVO Ca de próstata, estudio de extensión.

EXPLORACIÓN REALIZADA: RM DE PRÓSTATA: Se realizan cortes axiales coronales y sagitales, empleando secuencias TSE potenciadas en TSE T2, T2 FS, secuencia de difusión y mapa ADC, TSE T1 previo y tras la administración de gadolinio endovenoso, con estudio de perfusión mediante LAVA GENiq, (Dotarem), se analizan curvas de captación. Se administra 1 amp. de buscapina IV previo al estudio (con el fin de disminuir artefactos por movimientos peristálticos intestinales). 


INFORME

Próstata de 4,4 x  4,3 x 3,2 cms de diámetros CC x T x AP.
La porción transicional se muestra heterogénea en relación con cambios quísticos- adenomatosos.
La porción periférica muestra pérdida de la hiperintensidad de señal normal en la secuencia T2, en parte relacionado con abundantes restos hemáticos en ambos lóbulos. Tras la administración de gadolinio iv y analizando las curvas de captación, se aprecia una captación difusa del LD desde la región apical hasta la basal de la región lateral y anterior del LD y posterior de ambos lóbulos en la región basal, mal definido, la morfología de la curvas es tipo 3, sopechosas de malignidad.
La cápsula se muestra conservada. Se aprecia una captación prominente y asimétrica  de plexos periprostáticos y de bandeletas, que en parte podría estar relacionado con cambios inflamatorios postbiópsias por lo que en principio son inespecíficos.
Se aprecia una captación de la base de ambas vesículas seminales, y del ángulo vesiculo-prostático, predominantemente en el lado derecho.
Vejiga sin alteraciones reseñables. Segmento distal de ambos uréteres de calibre normal.

No se observan ganglios de aspecto patológico en cadenas iliacas.
No se observa líquido libre en la pelvis.


IMPRESIÓN DIAGNÓSTICA 

Hallazgos con afectación neoplásica del LD, no descarto signos de extensión extracapsular, aunque presenta componente inflamatorio importante que podría condicionar falsos positivos (respecto a la afectación de las vesículas seminales). (T2b/T3b, N0).

============================================= 

Información: 
            Fecha  del  Informe:  <FECHA>
			Autor: <NAME> <NAME>, <NAME>
 Numero  de  Estudio:  <NUM> 
Apellidos y nombre: <NAME>, <NAME>
Fecha  de  Nacimiento:  <FECHA> 
SIP:  <NUM>

===========    Informe  del  Estudio =========== 

RM PRÓSTATA, SIN/CON CONTRASTE    



MOTIVO MOTIVO MOTIVO Ca de próstata, estudio de extensión.

EXPLORACIÓN REALIZADA: RM DE PRÓSTATA: Se realizan cortes axiales coronales y sagitales, empleando secuencias TSE potenciadas en TSE T2, T2 FS, secuencia de difusión y mapa ADC, TSE T1 previo y tras la administración de gadolinio endovenoso, con estudio de perfusión mediante LAVA GENiq, (Dotarem), se analizan curvas de captación. Se administra 1 amp. de buscapina IV previo al estudio (con el fin de disminuir artefactos por movimientos peristálticos intestinales). 


INFORME

Próstata de 4,4 x  4,3 x 3,2 cms de diámetros CC x T x AP.
La porción transicional se muestra heterogénea en relación con cambios quísticos- adenomatosos.
La porción periférica muestra pérdida de la hiperintensidad de señal normal en la secuencia T2, en parte relacionado con abundantes restos hemáticos en ambos lóbulos. Tras la administración de gadolinio iv y analizando las curvas de captación, se aprecia una captación difusa del LD desde la región apical hasta la basal de la región lateral y anterior del LD y posterior de ambos lóbulos en la región basal, mal definido, la morfología de la curvas es tipo 3, sopechosas de malignidad.
La cápsula se muestra conservada. Se aprecia una captación prominente y asimétrica  de plexos periprostáticos y de bandeletas, que en parte podría estar relacionado con cambios inflamatorios postbiópsias por lo que en principio son inespecíficos.
Se aprecia una captación de la base de ambas vesículas seminales, y del ángulo vesiculo-prostático, predominantemente en el lado derecho.
Vejiga sin alteraciones reseñables. Segmento distal de ambos uréteres de calibre normal.

No se observan ganglios de aspecto patológico en cadenas iliacas.
No se observa líquido libre en la pelvis.


IMPRESIÓN DIAGNÓSTICA 

Hallazgos con afectación neoplásica del LD, no descarto signos de extensión extracapsular, aunque presenta componente inflamatorio importante que podría condicionar falsos positivos (respecto a la afectación de las vesículas seminales). (T2b/T3b, N0).

============================================= 

Información: 
            Fecha  del  Informe:  <FECHA>
			Autor: <NAME> <NAME>, <NAME>
",XNAT03_S02445,XNAT03_E04604
sub-006544,ses-007127,/mnt/ceib/datalake/FISABIO_datalake/prueba/p0052021_reborn/sub-006544/ses-007127/mim-mr/anat/sub-006544_ses-007127_acq-propeller_run-6_bp-prostate_vp-ax_T2w.nii.gz,/mnt/ceib/datalake/FISABIO_datalake/prueba/p0052021_reborn/sub-006544/ses-007127/mim-mr/dwi/sub-006544_ses-007127_acq-bvalue_run-7_bp-prostate_vp-ax_dwi.nii.gz,/mnt/ceib/datalake/FISABIO_datalake/prueba/p0052021_reborn/sub-006544/ses-007127/mim-mr/dwi/sub-006544_ses-007127_acq-adc_run-801_bp-prostate_vp-ax_dwi.nii.gz,17.0,73.0,,1.0,,7.489999771118164,31.48288000000001,,1.0,1939-05-29,2013-12-05,train,False,,val,ses-007127,sub-006544,p0052021,,https://ceib.cipf.es/xnat2/data/projects/p0052021/experiments/XNAT03_E04604?format=html,17,74,,1.0,,7.489999771118164,31.48288000000001,4,1,True,"Numero  de  Estudio:  <NUM> 
Apellidos y nombre: SAIDALI , MAK
Fecha  de  Nacimiento:  <FECHA> 
SIP:  <NUM>

===========    Informe  del  Estudio =========== 

RM PRÓSTATA, SIN/CON CONTRASTE    



MOTIVO MOTIVO MOTIVO Ca de próstata, estudio de extensión.

EXPLORACIÓN REALIZADA: RM DE PRÓSTATA: Se realizan cortes axiales coronales y sagitales, empleando secuencias TSE potenciadas en TSE T2, T2 FS, secuencia de difusión y mapa ADC, TSE T1 previo y tras la administración de gadolinio endovenoso, con estudio de perfusión mediante LAVA GENiq, (Dotarem), se analizan curvas de captación. Se administra 1 amp. de buscapina IV previo al estudio (con el fin de disminuir artefactos por movimientos peristálticos intestinales). 


INFORME

Próstata de 4,4 x  4,3 x 3,2 cms de diámetros CC x T x AP.
La porción transicional se muestra heterogénea en relación con cambios quísticos- adenomatosos.
La porción periférica muestra pérdida de la hiperintensidad de señal normal en la secuencia T2, en parte relacionado con abundantes restos hemáticos en ambos lóbulos. Tras la administración de gadolinio iv y analizando las curvas de captación, se aprecia una captación difusa del LD desde la región apical hasta la basal de la región lateral y anterior del LD y posterior de ambos lóbulos en la región basal, mal definido, la morfología de la curvas es tipo 3, sopechosas de malignidad.
La cápsula se muestra conservada. Se aprecia una captación prominente y asimétrica  de plexos periprostáticos y de bandeletas, que en parte podría estar relacionado con cambios inflamatorios postbiópsias por lo que en principio son inespecíficos.
Se aprecia una captación de la base de ambas vesículas seminales, y del ángulo vesiculo-prostático, predominantemente en el lado derecho.
Vejiga sin alteraciones reseñables. Segmento distal de ambos uréteres de calibre normal.

No se observan ganglios de aspecto patológico en cadenas iliacas.
No se observa líquido libre en la pelvis.


IMPRESIÓN DIAGNÓSTICA 

Hallazgos con afectación neoplásica del LD, no descarto signos de extensión extracapsular, aunque presenta componente inflamatorio importante que podría condicionar falsos positivos (respecto a la afectación de las vesículas seminales). (T2b/T3b, N0).

============================================= 

Información: 
            Fecha  del  Informe:  <FECHA>
			Autor: <NAME> <NAME>, <NAME>
 Numero  de  Estudio:  <NUM> 
Apellidos y nombre: <NAME>, <NAME>
Fecha  de  Nacimiento:  <FECHA> 
SIP:  <NUM>

===========    Informe  del  Estudio =========== 

RM PRÓSTATA, SIN/CON CONTRASTE    



MOTIVO MOTIVO MOTIVO Ca de próstata, estudio de extensión.

EXPLORACIÓN REALIZADA: RM DE PRÓSTATA: Se realizan cortes axiales coronales y sagitales, empleando secuencias TSE potenciadas en TSE T2, T2 FS, secuencia de difusión y mapa ADC, TSE T1 previo y tras la administración de gadolinio endovenoso, con estudio de perfusión mediante LAVA GENiq, (Dotarem), se analizan curvas de captación. Se administra 1 amp. de buscapina IV previo al estudio (con el fin de disminuir artefactos por movimientos peristálticos intestinales). 


INFORME

Próstata de 4,4 x  4,3 x 3,2 cms de diámetros CC x T x AP.
La porción transicional se muestra heterogénea en relación con cambios quísticos- adenomatosos.
La porción periférica muestra pérdida de la hiperintensidad de señal normal en la secuencia T2, en parte relacionado con abundantes restos hemáticos en ambos lóbulos. Tras la administración de gadolinio iv y analizando las curvas de captación, se aprecia una captación difusa del LD desde la región apical hasta la basal de la región lateral y anterior del LD y posterior de ambos lóbulos en la región basal, mal definido, la morfología de la curvas es tipo 3, sopechosas de malignidad.
La cápsula se muestra conservada. Se aprecia una captación prominente y asimétrica  de plexos periprostáticos y de bandeletas, que en parte podría estar relacionado con cambios inflamatorios postbiópsias por lo que en principio son inespecíficos.
Se aprecia una captación de la base de ambas vesículas seminales, y del ángulo vesiculo-prostático, predominantemente en el lado derecho.
Vejiga sin alteraciones reseñables. Segmento distal de ambos uréteres de calibre normal.

No se observan ganglios de aspecto patológico en cadenas iliacas.
No se observa líquido libre en la pelvis.


IMPRESIÓN DIAGNÓSTICA 

Hallazgos con afectación neoplásica del LD, no descarto signos de extensión extracapsular, aunque presenta componente inflamatorio importante que podría condicionar falsos positivos (respecto a la afectación de las vesículas seminales). (T2b/T3b, N0).

============================================= 

Información: 
            Fecha  del  Informe:  <FECHA>
			Autor: <NAME> <NAME>, <NAME>
",XNAT03_S02445,XNAT03_E04604
sub-006544,ses-007127,/mnt/ceib/datalake/FISABIO_datalake/prueba/p0052021_reborn/sub-006544/ses-007127/mim-mr/anat/sub-006544_ses-007127_acq-propeller_run-4_bp-prostate_vp-ax_T2w.nii.gz,/mnt/ceib/datalake/FISABIO_datalake/prueba/p0052021_reborn/sub-006544/ses-007127/mim-mr/dwi/sub-006544_ses-007127_acq-bvalue_run-7_bp-prostate_vp-ax_dwi.nii.gz,/mnt/ceib/datalake/FISABIO_datalake/prueba/p0052021_reborn/sub-006544/ses-007127/mim-mr/dwi/sub-006544_ses-007127_acq-adc_run-801_bp-prostate_vp-ax_dwi.nii.gz,17.0,73.0,,1.0,,7.489999771118164,31.48288000000001,,1.0,1939-05-29,2013-12-05,train,False,,val,ses-007127,sub-006544,p0052021,,https://ceib.cipf.es/xnat2/data/projects/p0052021/experiments/XNAT03_E04604?format=html,17,74,,1.0,,7.489999771118164,31.48288000000001,4,1,True,"Numero  de  Estudio:  <NUM> 
Apellidos y nombre: SAIDALI , MAK
Fecha  de  Nacimiento:  <FECHA> 
SIP:  <NUM>

===========    Informe  del  Estudio =========== 

RM PRÓSTATA, SIN/CON CONTRASTE    



MOTIVO MOTIVO MOTIVO Ca de próstata, estudio de extensión.

EXPLORACIÓN REALIZADA: RM DE PRÓSTATA: Se realizan cortes axiales coronales y sagitales, empleando secuencias TSE potenciadas en TSE T2, T2 FS, secuencia de difusión y mapa ADC, TSE T1 previo y tras la administración de gadolinio endovenoso, con estudio de perfusión mediante LAVA GENiq, (Dotarem), se analizan curvas de captación. Se administra 1 amp. de buscapina IV previo al estudio (con el fin de disminuir artefactos por movimientos peristálticos intestinales). 


INFORME

Próstata de 4,4 x  4,3 x 3,2 cms de diámetros CC x T x AP.
La porción transicional se muestra heterogénea en relación con cambios quísticos- adenomatosos.
La porción periférica muestra pérdida de la hiperintensidad de señal normal en la secuencia T2, en parte relacionado con abundantes restos hemáticos en ambos lóbulos. Tras la administración de gadolinio iv y analizando las curvas de captación, se aprecia una captación difusa del LD desde la región apical hasta la basal de la región lateral y anterior del LD y posterior de ambos lóbulos en la región basal, mal definido, la morfología de la curvas es tipo 3, sopechosas de malignidad.
La cápsula se muestra conservada. Se aprecia una captación prominente y asimétrica  de plexos periprostáticos y de bandeletas, que en parte podría estar relacionado con cambios inflamatorios postbiópsias por lo que en principio son inespecíficos.
Se aprecia una captación de la base de ambas vesículas seminales, y del ángulo vesiculo-prostático, predominantemente en el lado derecho.
Vejiga sin alteraciones reseñables. Segmento distal de ambos uréteres de calibre normal.

No se observan ganglios de aspecto patológico en cadenas iliacas.
No se observa líquido libre en la pelvis.


IMPRESIÓN DIAGNÓSTICA 

Hallazgos con afectación neoplásica del LD, no descarto signos de extensión extracapsular, aunque presenta componente inflamatorio importante que podría condicionar falsos positivos (respecto a la afectación de las vesículas seminales). (T2b/T3b, N0).

============================================= 

Información: 
            Fecha  del  Informe:  <FECHA>
			Autor: <NAME> <NAME>, <NAME>
 Numero  de  Estudio:  <NUM> 
Apellidos y nombre: <NAME>, <NAME>
Fecha  de  Nacimiento:  <FECHA> 
SIP:  <NUM>

===========    Informe  del  Estudio =========== 

RM PRÓSTATA, SIN/CON CONTRASTE    



MOTIVO MOTIVO MOTIVO Ca de próstata, estudio de extensión.

EXPLORACIÓN REALIZADA: RM DE PRÓSTATA: Se realizan cortes axiales coronales y sagitales, empleando secuencias TSE potenciadas en TSE T2, T2 FS, secuencia de difusión y mapa ADC, TSE T1 previo y tras la administración de gadolinio endovenoso, con estudio de perfusión mediante LAVA GENiq, (Dotarem), se analizan curvas de captación. Se administra 1 amp. de buscapina IV previo al estudio (con el fin de disminuir artefactos por movimientos peristálticos intestinales). 


INFORME

Próstata de 4,4 x  4,3 x 3,2 cms de diámetros CC x T x AP.
La porción transicional se muestra heterogénea en relación con cambios quísticos- adenomatosos.
La porción periférica muestra pérdida de la hiperintensidad de señal normal en la secuencia T2, en parte relacionado con abundantes restos hemáticos en ambos lóbulos. Tras la administración de gadolinio iv y analizando las curvas de captación, se aprecia una captación difusa del LD desde la región apical hasta la basal de la región lateral y anterior del LD y posterior de ambos lóbulos en la región basal, mal definido, la morfología de la curvas es tipo 3, sopechosas de malignidad.
La cápsula se muestra conservada. Se aprecia una captación prominente y asimétrica  de plexos periprostáticos y de bandeletas, que en parte podría estar relacionado con cambios inflamatorios postbiópsias por lo que en principio son inespecíficos.
Se aprecia una captación de la base de ambas vesículas seminales, y del ángulo vesiculo-prostático, predominantemente en el lado derecho.
Vejiga sin alteraciones reseñables. Segmento distal de ambos uréteres de calibre normal.

No se observan ganglios de aspecto patológico en cadenas iliacas.
No se observa líquido libre en la pelvis.


IMPRESIÓN DIAGNÓSTICA 

Hallazgos con afectación neoplásica del LD, no descarto signos de extensión extracapsular, aunque presenta componente inflamatorio importante que podría condicionar falsos positivos (respecto a la afectación de las vesículas seminales). (T2b/T3b, N0).

============================================= 

Información: 
            Fecha  del  Informe:  <FECHA>
			Autor: <NAME> <NAME>, <NAME>
",XNAT03_S02445,XNAT03_E04604
sub-000099,ses-000099,/mnt/ceib/datalake/FISABIO_datalake/prueba/p0042021/sub-000099/ses-000099/mim-mr/anat/sub-000099_ses-000099_acq-fse_run-9_bp-prostate_vp-ax_T2w.nii.gz,/mnt/ceib/datalake/FISABIO_datalake/prueba/p0042021/sub-000099/ses-000099/mim-mr/dwi/sub-000099_ses-000099_acq-bvalue_run-12_bp-prostate_vp-ax_dwi.nii.gz,/mnt/ceib/datalake/FISABIO_datalake/prueba/p0042021/derivatives/creating_adc/sub-000099/ses-000099/mim-mr/dwi/sub-000099_ses-000099_acq-bvalue_run-12_bp-prostate_vp-ax_mod-dwi_desc-calcADC_ADC.nii.gz,7.0,57.0,,,,5.9,,5.0,1.0,1950-03-28,2007-12-21,train,True,28.6845703125,val,ses-000099,sub-000099,p0042021,,https://ceib.cipf.es/xnat2/data/projects/p0042021/experiments/XNAT3_E91879?format=html,7,57,,,,5.900000000000000,,"[4, 5]",1,True,"DATOS CLÍNICOS:  ADC prostata. Gleason 3+3 en LPD.
TÉCNICA: RM prostática con administración de CIV. Estudio dinámico de perfusion durante 5 min. Secuencias de difusión con b: 0, 1000 y 2000.
HALLAZGOS:

Calidad de imagen: Satisfactorio

MORFOLOGÍA:
Próstata hipertrófica.
Tamaño:  5,3x 3,1 x 4 cm (T, AP y CC)
Volumen:   34cc

PIRADS(v2):
Restos hemáticos de predominio periférico derecho.
Zona periférica:  Se aprecia  área de restricción de la DW  localizada en la  glándula media  derecha, afectando segmentos PZa PZpl , con hipointensidad  moderada en el mapa ADC, con captación precoz del contraste,  mide aproximadamente 17 mm. Pi-RADS 5.
Otro foco mas anterior que afecta cuerno del segmento PZa de la glándula media derecha y se extiende al segmento TZa  ipsilateral, mide 12 mm. PIRADS 4
Otro foco de pequeño tamaño de 4 mm en segmento PZ pl derecho de la glándula apical. PIRADS 4

Zona transición:
Nodulos  hiperplasicos.

Extensión extracapsular: NO

Afectación del paquete vasculonervioso periprostático: NO

Afectación de vesícula seminales: NO

Cuello de la vejiga: Normal,
Esfínter distal: Normal

Conclusión:
- Lesión en la glándula media derecha, afectando segmentos PZa PZpl de 17 mm, Pi-RADS 5.
- Lesión en cuerno del segmento PZa de la glándula media derecha de 12 mm,  Pi-RADS 4.
- Lesión en segmento PZ pl de la glándula apical derecha de 4 mm Pi-RADS 4.






",XNAT3_S36836,XNAT3_E91879
sub-000099,ses-000099,/mnt/ceib/datalake/FISABIO_datalake/prueba/p0042021/sub-000099/ses-000099/mim-mr/anat/sub-000099_ses-000099_acq-fse_run-9_bp-prostate_vp-ax_T2w.nii.gz,/mnt/ceib/datalake/FISABIO_datalake/prueba/p0042021/sub-000099/ses-000099/mim-mr/dwi/sub-000099_ses-000099_acq-bvalue_run-13_bp-prostate_vp-ax_dwi.nii.gz,/mnt/ceib/datalake/FISABIO_datalake/prueba/p0042021/derivatives/creating_adc/sub-000099/ses-000099/mim-mr/dwi/sub-000099_ses-000099_acq-bvalue_run-13_bp-prostate_vp-ax_mod-dwi_desc-calcADC_ADC.nii.gz,7.0,57.0,,,,5.9,,5.0,1.0,1950-03-28,2007-12-21,train,True,28.6845703125,val,ses-000099,sub-000099,p0042021,,https://ceib.cipf.es/xnat2/data/projects/p0042021/experiments/XNAT3_E91879?format=html,7,57,,,,5.900000000000000,,"[4, 5]",1,True,"DATOS CLÍNICOS:  ADC prostata. Gleason 3+3 en LPD.
TÉCNICA: RM prostática con administración de CIV. Estudio dinámico de perfusion durante 5 min. Secuencias de difusión con b: 0, 1000 y 2000.
HALLAZGOS:

Calidad de imagen: Satisfactorio

MORFOLOGÍA:
Próstata hipertrófica.
Tamaño:  5,3x 3,1 x 4 cm (T, AP y CC)
Volumen:   34cc

PIRADS(v2):
Restos hemáticos de predominio periférico derecho.
Zona periférica:  Se aprecia  área de restricción de la DW  localizada en la  glándula media  derecha, afectando segmentos PZa PZpl , con hipointensidad  moderada en el mapa ADC, con captación precoz del contraste,  mide aproximadamente 17 mm. Pi-RADS 5.
Otro foco mas anterior que afecta cuerno del segmento PZa de la glándula media derecha y se extiende al segmento TZa  ipsilateral, mide 12 mm. PIRADS 4
Otro foco de pequeño tamaño de 4 mm en segmento PZ pl derecho de la glándula apical. PIRADS 4

Zona transición:
Nodulos  hiperplasicos.

Extensión extracapsular: NO

Afectación del paquete vasculonervioso periprostático: NO

Afectación de vesícula seminales: NO

Cuello de la vejiga: Normal,
Esfínter distal: Normal

Conclusión:
- Lesión en la glándula media derecha, afectando segmentos PZa PZpl de 17 mm, Pi-RADS 5.
- Lesión en cuerno del segmento PZa de la glándula media derecha de 12 mm,  Pi-RADS 4.
- Lesión en segmento PZ pl de la glándula apical derecha de 4 mm Pi-RADS 4.






",XNAT3_S36836,XNAT3_E91879
sub-008228,ses-009161,/mnt/ceib/datalake/FISABIO_datalake/prueba/p0052021_reborn/sub-008228/ses-009161/mim-mr/anat/sub-008228_ses-009161_acq-fse_run-901_bp-prostate_vp-ax_T2w.nii.gz,/mnt/ceib/datalake/FISABIO_datalake/prueba/p0052021_reborn/sub-008228/ses-009161/mim-mr/dwi/sub-008228_ses-009161_acq-bvalue_run-703_bp-prostate_vp-ax_dwi.nii.gz,/mnt/ceib/datalake/FISABIO_datalake/prueba/p0052021_reborn/sub-008228/ses-009161/mim-mr/dwi/sub-008228_ses-009161_acq-adc_run-603_bp-prostate_vp-ax_dwi.nii.gz,20.0,76.0,,,,16.9,80.0,5.0,1.0,1935-02-17,2011-09-23,val,False,,val,ses-009161,sub-008228,p0052021,,https://ceib.cipf.es/xnat2/data/projects/p0052021/experiments/XNAT03_E06835?format=html,20,76,,,,16.90000000000000,80.0,"[4, 5]",1,True,"Datos clínicos: 2ª biopsia. RMMP para realizar biopsia con fusión .

RMMP DE PRÓSTATA.
- Secuencias: secuencias TSET2, T2 FS, DWI (b0-1400) y mapa ADC en planos axial, coronal y sagital. Estudio dinámico multifásico mediante TSE T1 basal axial y tras administración de Gd iv.
- Resultados:
Próstata aumentada de tamaño con crecimiento de la zona transicional. El volumen es de 80cc.
Estudio morfológico T2:
- La zona de de transición se muestra heterogénea y ligeramente aumentada en relación con cambios quísticos-adenomatosos compatibles con HBP. En ésta destacan dos lesiones: una primera situada en la zona basal, en el lóbulo izquierdo, anterior, de 7mm de eje mayor (ap), muy hipointensa . Esta lesión en difusión presenta cierta restricción (PIRADS 4). Una segunda lesión situada también  en la zona basal, de lóbulo derecho, posterior, de 8mm de eje mayor (ap), muy hipointensa. Esta lesión en el estudio de difusión presenta también restricción (PIRADS 4).
- En la zona periférica se identifica una lesión de gran tamaño, marcadamente hipointensa, situada prioritariamente en el tercio medial LI, posterior, de bordes mal definidos.  En el estudio de difusión muestra clara restricción y se define un eje mayor anteroposterio de unos 29mm (PIRADS 5).   En cuanto al grado de extensión capsular, esta lesión invade la cápsula lateralmente con borramiento de la misma y mostrando posible invasión de la grasa contigua (grado de invasión 4)
Estudio dinámico multifásico (DCE): se aprecia importante captación de contraste precoz en la lesión situada en la periferia así como en las lesiones de la zona transicional, más evidente en la del lóbulo izquierdo.
Signos de posible invasión de estructuras vecinas: la vejiga está escasamente distendida, con irregularidad difusa de su pared, sin apreciarse claros signos de infiltración.  Las vesículas seminales no muestran engrosamiento en su morfología aunque sí un área central hipointensa que presenta restricción en la difusión, sospechosa de infiltración.
No se identifican adenopatías en cadenas iliacas.
No líquido libre en pelvis.
No se detectan lesiones sospechosas en las estructuras óseas incluidas en el estudio
- Conclusión Conclusión
Lesión PIRADS 4 en lóbulo izquierdo, zona transicional, área basal, anterior.
Lesión PIRADS 4 en lóbulo derecho, zona transicional, área basal, anterior.
Lesión PIRADS 5 en lóbulo izquierdo, zona periférica, área medial, posterior. Sospecha de extensión capsular con afectación de la grasa.
Posible invasión de vesículas seminales.
HBP. Volumen prostático: 80cc.

 INFORME ORIGINAL: <NUM> FECHA: <FECHA> FIRMADO: <NUM> <NAME> <NAME>, <NAME>

Datos clínicos: 2ª biopsia. RMMP para realizar biopsia con fusión .

RMMP DE PRÓSTATA.
- Secuencias: secuencias TSET2, T2 FS, DWI (b0-1400) y mapa ADC en planos axial, coronal y sagital. Estudio dinámico multifásico mediante TSE T1 basal axial y tras administración de Gd iv.
- Resultados:
Próstata aumentada de tamaño con crecimiento de la zona transicional. El volumen es de 80cc.
Estudio morfológico T2:
- La zona de de transición se muestra heterogénea y ligeramente aumentada en relación con cambios quísticos-adenomatosos compatibles con HBP. En ésta destacan dos lesiones: una primera situada en la zona basal, en el lóbulo izquierdo, anterior, de 7mm de eje mayor (ap), muy hipointensa . Esta lesión en difusión presenta cierta restricción (PIRADS 4). Una segunda lesión situada también  en la zona basal, de lóbulo derecho, posterior, de 8mm de eje mayor (ap), muy hipointensa. Esta lesión en el estudio de difusión presenta también restricción (PIRADS 4).
- En la zona periférica se identifica una lesión de gran tamaño, marcadamente hipointensa, situada prioritariamente en el tercio medial LI, posterior, de bordes mal definidos.  En el estudio de difusión muestra clara restricción y se define un eje mayor anteroposterio de unos 29mm (PIRADS 5).   En cuanto al grado de extensión capsular, esta lesión invade la cápsula lateralmente con borramiento de la misma y mostrando posible invasión de la grasa contigua (grado de invasión 4)
Estudio dinámico multifásico (DCE): se aprecia importante captación de contraste precoz en la lesión situada en la periferia así como en las lesiones de la zona transicional, más evidente en la del lóbulo izquierdo.
Signos de posible invasión de estructuras vecinas: la vejiga está escasamente distendida, con irregularidad difusa de su pared, sin apreciarse claros signos de infiltración.  Las vesículas seminales no muestran engrosamiento en su morfología aunque sí un área central hipointensa que presenta restricción en la difusión, sospechosa de infiltración.
No se identifican adenopatías en cadenas iliacas.
No líquido libre en pelvis.
No se detectan lesiones sospechosas en las estructuras óseas incluidas en el estudio
- Conclusión Conclusión
Lesión PIRADS 4 en lóbulo izquierdo, zona transicional, área basal, anterior.
Lesión PIRADS 4 en lóbulo derecho, zona transicional, área basal, anterior.
Lesión PIRADS 5 en lóbulo izquierdo, zona periférica, área medial, posterior. Sospecha de extensión capsular con afectación de la grasa.
Posible invasión de vesículas seminales.
HBP. Volumen prostático: 80cc.


ANEXO: <NUM> FECHA: <FECHA> FIRMADO: <NUM> <NAME> <NAME>, <NAME> <NAME>

Se realiza reconstrucción de imágenes de RM para biopsia ecográfica con técnica de fusión, definiendo la lesión del lobulo periferico izquierdo.
",XNAT03_S04297,XNAT03_E06835
sub-008228,ses-009161,/mnt/ceib/datalake/FISABIO_datalake/prueba/p0052021_reborn/sub-008228/ses-009161/mim-mr/anat/sub-008228_ses-009161_acq-fse_run-1101_bp-prostate_vp-ax_T2w.nii.gz,/mnt/ceib/datalake/FISABIO_datalake/prueba/p0052021_reborn/sub-008228/ses-009161/mim-mr/dwi/sub-008228_ses-009161_acq-bvalue_run-703_bp-prostate_vp-ax_dwi.nii.gz,/mnt/ceib/datalake/FISABIO_datalake/prueba/p0052021_reborn/sub-008228/ses-009161/mim-mr/dwi/sub-008228_ses-009161_acq-adc_run-603_bp-prostate_vp-ax_dwi.nii.gz,20.0,76.0,,,,16.9,80.0,5.0,1.0,1935-02-17,2011-09-23,val,False,,val,ses-009161,sub-008228,p0052021,,https://ceib.cipf.es/xnat2/data/projects/p0052021/experiments/XNAT03_E06835?format=html,20,76,,,,16.90000000000000,80.0,"[4, 5]",1,True,"Datos clínicos: 2ª biopsia. RMMP para realizar biopsia con fusión .

RMMP DE PRÓSTATA.
- Secuencias: secuencias TSET2, T2 FS, DWI (b0-1400) y mapa ADC en planos axial, coronal y sagital. Estudio dinámico multifásico mediante TSE T1 basal axial y tras administración de Gd iv.
- Resultados:
Próstata aumentada de tamaño con crecimiento de la zona transicional. El volumen es de 80cc.
Estudio morfológico T2:
- La zona de de transición se muestra heterogénea y ligeramente aumentada en relación con cambios quísticos-adenomatosos compatibles con HBP. En ésta destacan dos lesiones: una primera situada en la zona basal, en el lóbulo izquierdo, anterior, de 7mm de eje mayor (ap), muy hipointensa . Esta lesión en difusión presenta cierta restricción (PIRADS 4). Una segunda lesión situada también  en la zona basal, de lóbulo derecho, posterior, de 8mm de eje mayor (ap), muy hipointensa. Esta lesión en el estudio de difusión presenta también restricción (PIRADS 4).
- En la zona periférica se identifica una lesión de gran tamaño, marcadamente hipointensa, situada prioritariamente en el tercio medial LI, posterior, de bordes mal definidos.  En el estudio de difusión muestra clara restricción y se define un eje mayor anteroposterio de unos 29mm (PIRADS 5).   En cuanto al grado de extensión capsular, esta lesión invade la cápsula lateralmente con borramiento de la misma y mostrando posible invasión de la grasa contigua (grado de invasión 4)
Estudio dinámico multifásico (DCE): se aprecia importante captación de contraste precoz en la lesión situada en la periferia así como en las lesiones de la zona transicional, más evidente en la del lóbulo izquierdo.
Signos de posible invasión de estructuras vecinas: la vejiga está escasamente distendida, con irregularidad difusa de su pared, sin apreciarse claros signos de infiltración.  Las vesículas seminales no muestran engrosamiento en su morfología aunque sí un área central hipointensa que presenta restricción en la difusión, sospechosa de infiltración.
No se identifican adenopatías en cadenas iliacas.
No líquido libre en pelvis.
No se detectan lesiones sospechosas en las estructuras óseas incluidas en el estudio
- Conclusión Conclusión
Lesión PIRADS 4 en lóbulo izquierdo, zona transicional, área basal, anterior.
Lesión PIRADS 4 en lóbulo derecho, zona transicional, área basal, anterior.
Lesión PIRADS 5 en lóbulo izquierdo, zona periférica, área medial, posterior. Sospecha de extensión capsular con afectación de la grasa.
Posible invasión de vesículas seminales.
HBP. Volumen prostático: 80cc.

 INFORME ORIGINAL: <NUM> FECHA: <FECHA> FIRMADO: <NUM> <NAME> <NAME>, <NAME>

Datos clínicos: 2ª biopsia. RMMP para realizar biopsia con fusión .

RMMP DE PRÓSTATA.
- Secuencias: secuencias TSET2, T2 FS, DWI (b0-1400) y mapa ADC en planos axial, coronal y sagital. Estudio dinámico multifásico mediante TSE T1 basal axial y tras administración de Gd iv.
- Resultados:
Próstata aumentada de tamaño con crecimiento de la zona transicional. El volumen es de 80cc.
Estudio morfológico T2:
- La zona de de transición se muestra heterogénea y ligeramente aumentada en relación con cambios quísticos-adenomatosos compatibles con HBP. En ésta destacan dos lesiones: una primera situada en la zona basal, en el lóbulo izquierdo, anterior, de 7mm de eje mayor (ap), muy hipointensa . Esta lesión en difusión presenta cierta restricción (PIRADS 4). Una segunda lesión situada también  en la zona basal, de lóbulo derecho, posterior, de 8mm de eje mayor (ap), muy hipointensa. Esta lesión en el estudio de difusión presenta también restricción (PIRADS 4).
- En la zona periférica se identifica una lesión de gran tamaño, marcadamente hipointensa, situada prioritariamente en el tercio medial LI, posterior, de bordes mal definidos.  En el estudio de difusión muestra clara restricción y se define un eje mayor anteroposterio de unos 29mm (PIRADS 5).   En cuanto al grado de extensión capsular, esta lesión invade la cápsula lateralmente con borramiento de la misma y mostrando posible invasión de la grasa contigua (grado de invasión 4)
Estudio dinámico multifásico (DCE): se aprecia importante captación de contraste precoz en la lesión situada en la periferia así como en las lesiones de la zona transicional, más evidente en la del lóbulo izquierdo.
Signos de posible invasión de estructuras vecinas: la vejiga está escasamente distendida, con irregularidad difusa de su pared, sin apreciarse claros signos de infiltración.  Las vesículas seminales no muestran engrosamiento en su morfología aunque sí un área central hipointensa que presenta restricción en la difusión, sospechosa de infiltración.
No se identifican adenopatías en cadenas iliacas.
No líquido libre en pelvis.
No se detectan lesiones sospechosas en las estructuras óseas incluidas en el estudio
- Conclusión Conclusión
Lesión PIRADS 4 en lóbulo izquierdo, zona transicional, área basal, anterior.
Lesión PIRADS 4 en lóbulo derecho, zona transicional, área basal, anterior.
Lesión PIRADS 5 en lóbulo izquierdo, zona periférica, área medial, posterior. Sospecha de extensión capsular con afectación de la grasa.
Posible invasión de vesículas seminales.
HBP. Volumen prostático: 80cc.


ANEXO: <NUM> FECHA: <FECHA> FIRMADO: <NUM> <NAME> <NAME>, <NAME> <NAME>

Se realiza reconstrucción de imágenes de RM para biopsia ecográfica con técnica de fusión, definiendo la lesión del lobulo periferico izquierdo.
",XNAT03_S04297,XNAT03_E06835
sub-008044,ses-008931,/mnt/ceib/datalake/FISABIO_datalake/prueba/p0052021_reborn/sub-008044/ses-008931/mim-mr/anat/sub-008044_ses-008931_acq-fse_run-901_bp-prostate_vp-ax_T2w.nii.gz,/mnt/ceib/datalake/FISABIO_datalake/prueba/p0052021_reborn/sub-008044/ses-008931/mim-mr/dwi/sub-008044_ses-008931_acq-bvalue_run-703_bp-prostate_vp-ax_dwi.nii.gz,/mnt/ceib/datalake/FISABIO_datalake/prueba/p0052021_reborn/sub-008044/ses-008931/mim-mr/dwi/sub-008044_ses-008931_acq-adc_run-603_bp-prostate_vp-ax_dwi.nii.gz,20.0,69.0,,,,16.9,20.875400000000003,5.0,1.0,1948-03-15,2017-06-14,val,False,,val,ses-008931,sub-008044,p0052021,,https://ceib.cipf.es/xnat2/data/projects/p0052021/experiments/XNAT03_E06230?format=html,20,69,,,,16.90000000000000,20.8754,[5],1,True,"Datos Datos PSA 16. TR sospechoso. Próstata de pequeño tamaño.

RM MULTIPARAMÉTRICA DE PRÓSTATA.
- cortes axiales, coronales y sagitales; secuencias TSET2, T2 FS, DWI (b0-1400) y cADC, TSE T1 previo y tras la administración de Gd iv .

- Resultados:
Próstata ligeramente aumentada de tamaño (31x35x37mm). Volumen prostático: 21cc.
. Estudio morfológico: la zona transicional se muestra heterogénea compatibles con cambios quísticos-adenomatosos secundarios a HBP. En la zona periférica destaca un área muy hipointensa en lobulo izquierdo anterior, apical, mal definido, de unos 18mm de eje mayor que muestra restricción en el estudio de difusión.  La lesión contacta con la cápsula sin signos sospechosos por RM de infiltración de la grasa.
. Estudio dinámico: dicha lesión muestra realce precoz en el estudio con contraste.
Las vesículas seminales presentan morfología e intensidad de señal conservada.
No se aprecian signos sospechosos de infiltración del plexo neurovascular.
No se observan ganglios de aspecto patológico en cadenas iliacas.
No destacan alteraciones de señal en hueso sospechosos de mtx
No  líquido libre en pelvis.
- Conclusión Conclusión
Lesión PIRADS 5 en la periferia de LI.

",XNAT03_S03784,XNAT03_E06230
sub-008044,ses-008931,/mnt/ceib/datalake/FISABIO_datalake/prueba/p0052021_reborn/sub-008044/ses-008931/mim-mr/anat/sub-008044_ses-008931_acq-fse_run-1101_bp-prostate_vp-ax_T2w.nii.gz,/mnt/ceib/datalake/FISABIO_datalake/prueba/p0052021_reborn/sub-008044/ses-008931/mim-mr/dwi/sub-008044_ses-008931_acq-bvalue_run-703_bp-prostate_vp-ax_dwi.nii.gz,/mnt/ceib/datalake/FISABIO_datalake/prueba/p0052021_reborn/sub-008044/ses-008931/mim-mr/dwi/sub-008044_ses-008931_acq-adc_run-603_bp-prostate_vp-ax_dwi.nii.gz,20.0,69.0,,,,16.9,20.875400000000003,5.0,1.0,1948-03-15,2017-06-14,val,False,,val,ses-008931,sub-008044,p0052021,,https://ceib.cipf.es/xnat2/data/projects/p0052021/experiments/XNAT03_E06230?format=html,20,69,,,,16.90000000000000,20.8754,[5],1,True,"Datos Datos PSA 16. TR sospechoso. Próstata de pequeño tamaño.

RM MULTIPARAMÉTRICA DE PRÓSTATA.
- cortes axiales, coronales y sagitales; secuencias TSET2, T2 FS, DWI (b0-1400) y cADC, TSE T1 previo y tras la administración de Gd iv .

- Resultados:
Próstata ligeramente aumentada de tamaño (31x35x37mm). Volumen prostático: 21cc.
. Estudio morfológico: la zona transicional se muestra heterogénea compatibles con cambios quísticos-adenomatosos secundarios a HBP. En la zona periférica destaca un área muy hipointensa en lobulo izquierdo anterior, apical, mal definido, de unos 18mm de eje mayor que muestra restricción en el estudio de difusión.  La lesión contacta con la cápsula sin signos sospechosos por RM de infiltración de la grasa.
. Estudio dinámico: dicha lesión muestra realce precoz en el estudio con contraste.
Las vesículas seminales presentan morfología e intensidad de señal conservada.
No se aprecian signos sospechosos de infiltración del plexo neurovascular.
No se observan ganglios de aspecto patológico en cadenas iliacas.
No destacan alteraciones de señal en hueso sospechosos de mtx
No  líquido libre en pelvis.
- Conclusión Conclusión
Lesión PIRADS 5 en la periferia de LI.

",XNAT03_S03784,XNAT03_E06230
sub-008211,ses-009141,/mnt/ceib/datalake/FISABIO_datalake/prueba/p0052021_reborn/sub-008211/ses-009141/mim-mr/anat/sub-008211_ses-009141_acq-fse_run-901_bp-prostate_vp-ax_T2w.nii.gz,/mnt/ceib/datalake/FISABIO_datalake/prueba/p0052021_reborn/sub-008211/ses-009141/mim-mr/dwi/sub-008211_ses-009141_acq-bvalue_run-703_bp-prostate_vp-ax_dwi.nii.gz,/mnt/ceib/datalake/FISABIO_datalake/prueba/p0052021_reborn/sub-008211/ses-009141/mim-mr/dwi/sub-008211_ses-009141_acq-adc_run-603_bp-prostate_vp-ax_dwi.nii.gz,20.0,74.0,,,,14.0,,5.0,1.0,1944-07-14,2019-05-06,val,False,,val,ses-009141,sub-008211,p0052021,,https://ceib.cipf.es/xnat2/data/projects/p0052021/experiments/XNAT03_E06819?format=html,20,74,,,,14.00000000000000,,[5],1,True,"INFORME ORIGINAL: <NUM> FECHA: <FECHA> FIRMADO: <NUM> <NAME> <NAME>, <NAME> <NAME>

Datos clínicos: adenocarcinoma de próstata 4 + 3 y patrón terciario de 5.

Se realiza resonancia magnética pélvica centrada sobre próstata para estadiaje local y se completará posteriormente con resonancia abdominal solicitada.
Se han realizado secuencias T1, T2 y difusión de barrido, y centrada sobre próstata difusión T1, T2 supresión grasa y T2 en planos axial, coronal y sagital, así como dinámico y tardío, tras administración de contraste intravenoso.

Próstata prácticamente de tamaño dentro de la normalidad con entorno a 26 cm³ con cierta heterogenicidad en su lóbulo transicional, destacando la presencia de una hipointensidad mal definida en T2, con restricción la difusión y realce precoz en la fase dinámica afectando a la vertiente más apical tanto anterior como posterior, aunque principalmente a la 1ª, de la zona transicional del lóbulo izquierdo, si bien existe también un foco de escasos milímetros a nivel parasagital derecho, con un comportamiento similar, la afectación de mayor tamaño en el lóbulo izquierdo posiblemente infiltre también el lóbulo periférico pero no muestra signos de afectación extraprostática y parece superar los 15 mm por lo que sería un hallazgo PIRADS 5, no identificando adenopatías ni afectación evidente de las estructuras óseas visualizadas.

Conclusión: hallazgos PIRADS 5 en la vertiente apical del lóbulo transicional izquierdo a nivel parauretral, siendo más dudoso un pequeño foco también parauretral, pero en la vertiente derecha a la misma altura.

ANEXO: <NUM> FECHA: <FECHA> FIRMADO: <NUM> <NAME> <NAME>, <NAME> <NAME>

Se realiza reconstrucción de imagenes de RM para biopsia ecografo fusión, se recomienda la zona más caudal de la lesión en lobulo izquierdo.
 Datos clínicos: adenocarcinoma de próstata 4 + 3 y patrón terciario de 5.

Se realiza resonancia magnética pélvica centrada sobre próstata para estadiaje local y se completará posteriormente con resonancia abdominal solicitada.
Se han realizado secuencias T1, T2 y difusión de barrido, y centrada sobre próstata difusión T1, T2 supresión grasa y T2 en planos axial, coronal y sagital, así como dinámico y tardío, tras administración de contraste intravenoso.

Próstata prácticamente de tamaño dentro de la normalidad con entorno a 26 cm³ con cierta heterogenicidad en su lóbulo transicional, destacando la presencia de una hipointensidad mal definida en T2, con restricción la difusión y realce precoz en la fase dinámica afectando a la vertiente más apical tanto anterior como posterior, aunque principalmente a la 1ª, de la zona transicional del lóbulo izquierdo, si bien existe también un foco de escasos milímetros a nivel parasagital derecho, con un comportamiento similar, la afectación de mayor tamaño en el lóbulo izquierdo posiblemente infiltre también el lóbulo periférico pero no muestra signos de afectación extraprostática y parece superar los 15 mm por lo que sería un hallazgo PIRADS 5, no identificando adenopatías ni afectación evidente de las estructuras óseas visualizadas.

Conclusión: hallazgos PIRADS 5 en la vertiente apical del lóbulo transicional izquierdo a nivel parauretral, siendo más dudoso un pequeño foco también parauretral, pero en la vertiente derecha a la misma altura.
",XNAT03_S04282,XNAT03_E06819
sub-008211,ses-009141,/mnt/ceib/datalake/FISABIO_datalake/prueba/p0052021_reborn/sub-008211/ses-009141/mim-mr/anat/sub-008211_ses-009141_acq-fse_run-1101_bp-prostate_vp-ax_T2w.nii.gz,/mnt/ceib/datalake/FISABIO_datalake/prueba/p0052021_reborn/sub-008211/ses-009141/mim-mr/dwi/sub-008211_ses-009141_acq-bvalue_run-703_bp-prostate_vp-ax_dwi.nii.gz,/mnt/ceib/datalake/FISABIO_datalake/prueba/p0052021_reborn/sub-008211/ses-009141/mim-mr/dwi/sub-008211_ses-009141_acq-adc_run-603_bp-prostate_vp-ax_dwi.nii.gz,20.0,74.0,,,,14.0,,5.0,1.0,1944-07-14,2019-05-06,val,False,,val,ses-009141,sub-008211,p0052021,,https://ceib.cipf.es/xnat2/data/projects/p0052021/experiments/XNAT03_E06819?format=html,20,74,,,,14.00000000000000,,[5],1,True,"INFORME ORIGINAL: <NUM> FECHA: <FECHA> FIRMADO: <NUM> <NAME> <NAME>, <NAME> <NAME>

Datos clínicos: adenocarcinoma de próstata 4 + 3 y patrón terciario de 5.

Se realiza resonancia magnética pélvica centrada sobre próstata para estadiaje local y se completará posteriormente con resonancia abdominal solicitada.
Se han realizado secuencias T1, T2 y difusión de barrido, y centrada sobre próstata difusión T1, T2 supresión grasa y T2 en planos axial, coronal y sagital, así como dinámico y tardío, tras administración de contraste intravenoso.

Próstata prácticamente de tamaño dentro de la normalidad con entorno a 26 cm³ con cierta heterogenicidad en su lóbulo transicional, destacando la presencia de una hipointensidad mal definida en T2, con restricción la difusión y realce precoz en la fase dinámica afectando a la vertiente más apical tanto anterior como posterior, aunque principalmente a la 1ª, de la zona transicional del lóbulo izquierdo, si bien existe también un foco de escasos milímetros a nivel parasagital derecho, con un comportamiento similar, la afectación de mayor tamaño en el lóbulo izquierdo posiblemente infiltre también el lóbulo periférico pero no muestra signos de afectación extraprostática y parece superar los 15 mm por lo que sería un hallazgo PIRADS 5, no identificando adenopatías ni afectación evidente de las estructuras óseas visualizadas.

Conclusión: hallazgos PIRADS 5 en la vertiente apical del lóbulo transicional izquierdo a nivel parauretral, siendo más dudoso un pequeño foco también parauretral, pero en la vertiente derecha a la misma altura.

ANEXO: <NUM> FECHA: <FECHA> FIRMADO: <NUM> <NAME> <NAME>, <NAME> <NAME>

Se realiza reconstrucción de imagenes de RM para biopsia ecografo fusión, se recomienda la zona más caudal de la lesión en lobulo izquierdo.
 Datos clínicos: adenocarcinoma de próstata 4 + 3 y patrón terciario de 5.

Se realiza resonancia magnética pélvica centrada sobre próstata para estadiaje local y se completará posteriormente con resonancia abdominal solicitada.
Se han realizado secuencias T1, T2 y difusión de barrido, y centrada sobre próstata difusión T1, T2 supresión grasa y T2 en planos axial, coronal y sagital, así como dinámico y tardío, tras administración de contraste intravenoso.

Próstata prácticamente de tamaño dentro de la normalidad con entorno a 26 cm³ con cierta heterogenicidad en su lóbulo transicional, destacando la presencia de una hipointensidad mal definida en T2, con restricción la difusión y realce precoz en la fase dinámica afectando a la vertiente más apical tanto anterior como posterior, aunque principalmente a la 1ª, de la zona transicional del lóbulo izquierdo, si bien existe también un foco de escasos milímetros a nivel parasagital derecho, con un comportamiento similar, la afectación de mayor tamaño en el lóbulo izquierdo posiblemente infiltre también el lóbulo periférico pero no muestra signos de afectación extraprostática y parece superar los 15 mm por lo que sería un hallazgo PIRADS 5, no identificando adenopatías ni afectación evidente de las estructuras óseas visualizadas.

Conclusión: hallazgos PIRADS 5 en la vertiente apical del lóbulo transicional izquierdo a nivel parauretral, siendo más dudoso un pequeño foco también parauretral, pero en la vertiente derecha a la misma altura.
",XNAT03_S04282,XNAT03_E06819
sub-007914,ses-008771,/mnt/ceib/datalake/FISABIO_datalake/prueba/p0052021_reborn/sub-007914/ses-008771/mim-mr/anat/sub-007914_ses-008771_acq-fse_run-1201_bp-prostate_vp-ax_T2w.nii.gz,/mnt/ceib/datalake/FISABIO_datalake/prueba/p0052021_reborn/sub-007914/ses-008771/mim-mr/dwi/sub-007914_ses-008771_acq-bvalue_run-1303_bp-prostate_vp-ax_dwi.nii.gz,/mnt/ceib/datalake/FISABIO_datalake/prueba/p0052021_reborn/sub-007914/ses-008771/mim-mr/dwi/sub-007914_ses-008771_acq-adc_run-703_bp-prostate_vp-ax_dwi.nii.gz,20.0,69.0,,,,11.0,,4.0,1.0,1941-10-12,2010-12-15,val,False,,val,ses-008771,sub-007914,p0052021,,https://ceib.cipf.es/xnat2/data/projects/p0052021/experiments/XNAT03_E05975?format=html,20,69,,,,11.00000000000000,,"[2, 4]",1,True,"Datos Datos CA de próstata. Valoración PIRADS.

Se realiza resonancia magnética pélvica centrada sobre próstata empleando secuencias axial T1, axial coronal y sagital T2, difusión. T2 supresión grasa y dinámico tras administración de contraste intravenoso.

Próstata con un volumen global de 23 cm³ y heterogénea principalmente en su zona transicional, aunque también en menor medida en ambos lóbulos periféricos con áreas hiperintensas en T1 principalmente en toda la extensión del lóbulo periférico derecho y en menor medida del izquierdo, probablemente secundario a restos hemáticos de biopsia, aunque dichos hallazgos no resultan sospechosos de malignidad atribuyéndoles un PIRADS 2, existiendo sin embargo una hipointensidad de contornos mal definidos y de aproximadamente 13 mm en la porción anterior del lóbulo transicional derecho afectando principalmente a su vertiente inferior e intermedia, con un PIRADS 4.
No existen signos sugestivos de enfermedad extraprostática.
No se objetivan adenopatías, ni lesiones óseas sospechosas.
Cambios postquirúrgicos de herniorrafia inguinal izquierda.

Conclusión: alteración sospechosa de malignidad (PIRDS-4) en la porción inferior e intermedia de la vertiente anterior del lóbulo transicional derecho.
",XNAT03_S03581,XNAT03_E05975
sub-007914,ses-008771,/mnt/ceib/datalake/FISABIO_datalake/prueba/p0052021_reborn/sub-007914/ses-008771/mim-mr/anat/sub-007914_ses-008771_acq-fse_run-901_bp-prostate_vp-ax_T2w.nii.gz,/mnt/ceib/datalake/FISABIO_datalake/prueba/p0052021_reborn/sub-007914/ses-008771/mim-mr/dwi/sub-007914_ses-008771_acq-bvalue_run-1303_bp-prostate_vp-ax_dwi.nii.gz,/mnt/ceib/datalake/FISABIO_datalake/prueba/p0052021_reborn/sub-007914/ses-008771/mim-mr/dwi/sub-007914_ses-008771_acq-adc_run-703_bp-prostate_vp-ax_dwi.nii.gz,20.0,69.0,,,,11.0,,4.0,1.0,1941-10-12,2010-12-15,val,False,,val,ses-008771,sub-007914,p0052021,,https://ceib.cipf.es/xnat2/data/projects/p0052021/experiments/XNAT03_E05975?format=html,20,69,,,,11.00000000000000,,"[2, 4]",1,True,"Datos Datos CA de próstata. Valoración PIRADS.

Se realiza resonancia magnética pélvica centrada sobre próstata empleando secuencias axial T1, axial coronal y sagital T2, difusión. T2 supresión grasa y dinámico tras administración de contraste intravenoso.

Próstata con un volumen global de 23 cm³ y heterogénea principalmente en su zona transicional, aunque también en menor medida en ambos lóbulos periféricos con áreas hiperintensas en T1 principalmente en toda la extensión del lóbulo periférico derecho y en menor medida del izquierdo, probablemente secundario a restos hemáticos de biopsia, aunque dichos hallazgos no resultan sospechosos de malignidad atribuyéndoles un PIRADS 2, existiendo sin embargo una hipointensidad de contornos mal definidos y de aproximadamente 13 mm en la porción anterior del lóbulo transicional derecho afectando principalmente a su vertiente inferior e intermedia, con un PIRADS 4.
No existen signos sugestivos de enfermedad extraprostática.
No se objetivan adenopatías, ni lesiones óseas sospechosas.
Cambios postquirúrgicos de herniorrafia inguinal izquierda.

Conclusión: alteración sospechosa de malignidad (PIRDS-4) en la porción inferior e intermedia de la vertiente anterior del lóbulo transicional derecho.
",XNAT03_S03581,XNAT03_E05975
sub-007914,ses-008771,/mnt/ceib/datalake/FISABIO_datalake/prueba/p0052021_reborn/sub-007914/ses-008771/mim-mr/anat/sub-007914_ses-008771_acq-fse_run-1101_bp-prostate_vp-ax_T2w.nii.gz,/mnt/ceib/datalake/FISABIO_datalake/prueba/p0052021_reborn/sub-007914/ses-008771/mim-mr/dwi/sub-007914_ses-008771_acq-bvalue_run-1303_bp-prostate_vp-ax_dwi.nii.gz,/mnt/ceib/datalake/FISABIO_datalake/prueba/p0052021_reborn/sub-007914/ses-008771/mim-mr/dwi/sub-007914_ses-008771_acq-adc_run-703_bp-prostate_vp-ax_dwi.nii.gz,20.0,69.0,,,,11.0,,4.0,1.0,1941-10-12,2010-12-15,val,False,,val,ses-008771,sub-007914,p0052021,,https://ceib.cipf.es/xnat2/data/projects/p0052021/experiments/XNAT03_E05975?format=html,20,69,,,,11.00000000000000,,"[2, 4]",1,True,"Datos Datos CA de próstata. Valoración PIRADS.

Se realiza resonancia magnética pélvica centrada sobre próstata empleando secuencias axial T1, axial coronal y sagital T2, difusión. T2 supresión grasa y dinámico tras administración de contraste intravenoso.

Próstata con un volumen global de 23 cm³ y heterogénea principalmente en su zona transicional, aunque también en menor medida en ambos lóbulos periféricos con áreas hiperintensas en T1 principalmente en toda la extensión del lóbulo periférico derecho y en menor medida del izquierdo, probablemente secundario a restos hemáticos de biopsia, aunque dichos hallazgos no resultan sospechosos de malignidad atribuyéndoles un PIRADS 2, existiendo sin embargo una hipointensidad de contornos mal definidos y de aproximadamente 13 mm en la porción anterior del lóbulo transicional derecho afectando principalmente a su vertiente inferior e intermedia, con un PIRADS 4.
No existen signos sugestivos de enfermedad extraprostática.
No se objetivan adenopatías, ni lesiones óseas sospechosas.
Cambios postquirúrgicos de herniorrafia inguinal izquierda.

Conclusión: alteración sospechosa de malignidad (PIRDS-4) en la porción inferior e intermedia de la vertiente anterior del lóbulo transicional derecho.
",XNAT03_S03581,XNAT03_E05975
sub-006117,ses-006643,/mnt/ceib/datalake/FISABIO_datalake/prueba/p0052021_reborn/sub-006117/ses-006643/mim-mr/anat/sub-006117_ses-006643_acq-fse_run-1101_bp-prostate_vp-ax_T2w.nii.gz,/mnt/ceib/datalake/FISABIO_datalake/prueba/p0052021_reborn/sub-006117/ses-006643/mim-mr/dwi/sub-006117_ses-006643_acq-bvalue_run-1003_bp-prostate_vp-ax_dwi.nii.gz,/mnt/ceib/datalake/FISABIO_datalake/prueba/p0052021_reborn/sub-006117/ses-006643/mim-mr/dwi/sub-006117_ses-006643_acq-adc_run-903_bp-prostate_vp-ax_dwi.nii.gz,20.0,72.0,,,,,55.0,5.0,1.0,1942-06-14,2015-02-01,val,False,,val,ses-006643,sub-006117,p0052021,,https://ceib.cipf.es/xnat2/data/projects/p0052021/experiments/XNAT03_E06629?format=html,20,72,,,,,55.0,"[4, 5]",1,True,"Datos clínicos: paciente con PSA normal que se tacta nódulo duro en lóbulo izquierdo. en <FECHA> en otro hospital informa de lesión en zona periféreica izquierda PIRADS 4. Tiene una biopsia negativa de malignidad.
RM para fusión.

RM MULTIPARAMÉTRICA DE PRÓSTATA.
- Secuencias:  planos axiales, coronales y sagitales; secuencias TSET2, T2 FS, DWI (b0-1400) y mapa ADC, TSE T1 previo axial y tras la administración de Gd iv (Dotarem) con estudio de perfusión.
*Estudio subóptimo en el estudio de perfusión por tener que interrumpir momentáneamente el estudio dinámico por posible extravasación.
- Resultado.
Próstata aumentada de tamaño por importante crecimiento de la zona transicional. El volumen es de 55cc.
1) Estudio morfológico T2:
- En la zona periférica se identifica una lesión  hipointensa en el lóbulo izquierdo, en el tercio apical, región posteromedial, de bordes mal definidos. La lesión contacta con la cápsula, la deforma y se aprecia un segmento en el que se interrumpe la cápsula (alta sospecha de infiltración de la grasa colindante). En el estudio de difusión/ADC la lesión restringe y mide aproximadamente 10mm en su eje máximo (anteroposterior).
- En la zona transicional destacan cambios quísticos-adenomatosos compatibles con HBP.  No se identifican lesiones focales sospechosas.
2) Estudio dinámico multifásico (DCE): calidad subóptima por tener que interrumpir momentáneamente por sospecha extravasación del suero se aprecia captación de contraste precoz en un foco diferente a la lesión sospechosa.
En el estudio de extensión local, destaca:
Vejiga escasamente distendida, sin apreciarse signos evidentes de infiltración.
Vesículas seminales sin signos de infiltración, con morfología e intensidad de señal normales.
Recto con alteración del plano graso de separación con respecto a la próstata en el punto donde la lesión parece interrumpir la cápsula e infiltrar la grasa.
Se identifican ganglios aumentados de tamaño con alteración de su estructura (adenopatías) en región inguinal derecha, posibles adenopatías en cadena iliaca externa derecha y múltiples ganglios de menor tamaño en cadenas iliacas internas derecha e izquierda.
No líquido libre en pelvis.
No se detectan lesiones sospechosas en las estructuras óseas incluidas en el estudio
- Conclusión Conclusión
Lesión PIRADS 5, localizada en la zona periférica del lobulo izquierdo, segmento posteromedial. Signos de extensión extraglandular: signos de infiltración de la cápsula e invasión de la grasa vecina.
Adenomegalias sospechosas en cadenas iliacas internas y cadena iliaca externa derecha y región inguinal derecha.
HBP. Volumen prostático de 55cc.

",XNAT03_S04112,XNAT03_E06629
sub-000768,ses-009281,/mnt/ceib/datalake/FISABIO_datalake/prueba/p0052021_reborn/sub-000768/ses-009281/mim-mr/anat/sub-000768_ses-009281_acq-fse_run-901_bp-prostate_vp-ax_T2w.nii.gz,/mnt/ceib/datalake/FISABIO_datalake/prueba/p0052021_reborn/sub-000768/ses-009281/mim-mr/dwi/sub-000768_ses-009281_acq-bvalue_run-703_bp-prostate_vp-ax_dwi.nii.gz,/mnt/ceib/datalake/FISABIO_datalake/prueba/p0052021_reborn/sub-000768/ses-009281/mim-mr/dwi/sub-000768_ses-009281_acq-adc_run-603_bp-prostate_vp-ax_dwi.nii.gz,20.0,72.0,,,,13.6,,5.0,1.0,1940-08-17,2012-10-16,val,False,,val,ses-009281,sub-000768,p0052021,,https://ceib.cipf.es/xnat2/data/projects/p0052021/experiments/XNAT03_E07015?format=html,20,72,,,,13.60000000000000,,[5],1,True,"Datos clínicos: recurrencia bioquímica de CA de próstata post-RT vs CPRC M0.

Se realiza resonancia magnética pélvica centrada sobre próstata, empleando secuencias T2 axial coronal y sagital así como difusión y dinámico tras administración de contraste intravenoso, completando con estudio tardío y con secuencias T1, T2 y difusión de barrido.

Hay lesiones óseas sospechosas de malignidad, no identificando adenopatías significativas en los territorios ganglionares visualizados. Pequeño divertículo en pared vesical derecha. Pequeña hernia inguinal izquierda con contenido graso.

Volumen prostático global de aproximado de 35 cm³ con heterogenicidad en la zona transicional, con calcificación grosera de predominio parasagital izquierdo, mostrando un área hipointensa de aproximadamente 2 cm de eje transversal en la vertiente posterior del lóbulo periférico derecho, afectando principalmente a la zona intermedia y apical, todo ello caudal respecto a dicho calcificación, correspondiendo un hallazgo PIRADS 5, existe algún pequeño foco de restricción menos acusada de la difusión en el lóbulo periférico izquierdo, no caracterizable por su pequeño tamaño. Los hallazgos son sugestivos de recidiva tumoral.

Conclusión: hallazgos compatibles con recidiva tumoral en el lóbulo periférico derecho afectando a su porción intermedia y apical, no mostrando claros signos de afectación extraprostática.
",XNAT3_S37510,XNAT03_E07015
sub-000768,ses-009281,/mnt/ceib/datalake/FISABIO_datalake/prueba/p0052021_reborn/sub-000768/ses-009281/mim-mr/anat/sub-000768_ses-009281_acq-fse_run-1101_bp-prostate_vp-ax_T2w.nii.gz,/mnt/ceib/datalake/FISABIO_datalake/prueba/p0052021_reborn/sub-000768/ses-009281/mim-mr/dwi/sub-000768_ses-009281_acq-bvalue_run-703_bp-prostate_vp-ax_dwi.nii.gz,/mnt/ceib/datalake/FISABIO_datalake/prueba/p0052021_reborn/sub-000768/ses-009281/mim-mr/dwi/sub-000768_ses-009281_acq-adc_run-603_bp-prostate_vp-ax_dwi.nii.gz,20.0,72.0,,,,13.6,,5.0,1.0,1940-08-17,2012-10-16,val,False,,val,ses-009281,sub-000768,p0052021,,https://ceib.cipf.es/xnat2/data/projects/p0052021/experiments/XNAT03_E07015?format=html,20,72,,,,13.60000000000000,,[5],1,True,"Datos clínicos: recurrencia bioquímica de CA de próstata post-RT vs CPRC M0.

Se realiza resonancia magnética pélvica centrada sobre próstata, empleando secuencias T2 axial coronal y sagital así como difusión y dinámico tras administración de contraste intravenoso, completando con estudio tardío y con secuencias T1, T2 y difusión de barrido.

Hay lesiones óseas sospechosas de malignidad, no identificando adenopatías significativas en los territorios ganglionares visualizados. Pequeño divertículo en pared vesical derecha. Pequeña hernia inguinal izquierda con contenido graso.

Volumen prostático global de aproximado de 35 cm³ con heterogenicidad en la zona transicional, con calcificación grosera de predominio parasagital izquierdo, mostrando un área hipointensa de aproximadamente 2 cm de eje transversal en la vertiente posterior del lóbulo periférico derecho, afectando principalmente a la zona intermedia y apical, todo ello caudal respecto a dicho calcificación, correspondiendo un hallazgo PIRADS 5, existe algún pequeño foco de restricción menos acusada de la difusión en el lóbulo periférico izquierdo, no caracterizable por su pequeño tamaño. Los hallazgos son sugestivos de recidiva tumoral.

Conclusión: hallazgos compatibles con recidiva tumoral en el lóbulo periférico derecho afectando a su porción intermedia y apical, no mostrando claros signos de afectación extraprostática.
",XNAT3_S37510,XNAT03_E07015
sub-008042,ses-008929,/mnt/ceib/datalake/FISABIO_datalake/prueba/p0052021_reborn/sub-008042/ses-008929/mim-mr/anat/sub-008042_ses-008929_acq-fse_run-1101_bp-prostate_vp-ax_T2w.nii.gz,/mnt/ceib/datalake/FISABIO_datalake/prueba/p0052021_reborn/sub-008042/ses-008929/mim-mr/dwi/sub-008042_ses-008929_acq-bvalue_run-703_bp-prostate_vp-ax_dwi.nii.gz,/mnt/ceib/datalake/FISABIO_datalake/prueba/p0052021_reborn/sub-008042/ses-008929/mim-mr/dwi/sub-008042_ses-008929_acq-adc_run-603_bp-prostate_vp-ax_dwi.nii.gz,20.0,68.0,,,,6.86,,5.0,1.0,1942-08-27,2011-08-23,val,False,,val,ses-008929,sub-008042,p0052021,,https://ceib.cipf.es/xnat2/data/projects/p0052021/experiments/XNAT03_E06023?format=html,20,68,,,,6.860000000000000,,[5],1,True,"Datos clínicos: paciente con Gleason 9. PSA 7. Estudio local.

RM MULTIPARAMÉTRICA DE PRÓSTATA.

Técnica:  secuencias TSET2, DWI (b0-1400) y mapa ADC,  en planos axial, coronal y sagital. Estudio dinámico mediante TSE T1 basal y tras administración de Gd iv.
Resultados:
La próstata presenta aumento de tamaño por importante crecimiento de la zona transicional con signos compatibles con HBP. El volumen es de 49X42X39mm (volumen aproximado de 42cc).
En la secuencia T1 se aprecian varias áreas en la región periférica ligeramente hiperintensas, mal definidas, que podrían estar en relación con sangrado postbiopsia. A valorar clínicamente.
- Estudio morfológico: en la zona periférica se identifica una lesión marcadamente hipointensa en la zona del LD posterior, de bordes mal definidos. La lesión contacta con la cápsula sin claro borramiento de la misma aunque existe un segmento en el que parece interrumpirla aunque sin poder confirmar afectación del plexo neurovascular contiguo.  El eje mayor de la lesión es de 22mm. Esta lesión muestra clara restricción en el estudio de difusión.
También en la zona periférica del LI se aprecia otra zona hipointensa, mal definida de unos 18mm de eje mayor que no muestra signos de infiltración de la cápsula.  Esta segunda lesión muestra leve restricción en la difusión.
En la zona transicional destacan cambios quísticos-adenomatosos compatibles con HBP sin llegar a identificar áreas hipointensas sospechosas.
- Estudio dinámico: se aprecia captación de contraste precoz en las lesiones descritas de la zona periférica.
En la vejiga no se aprecian signos de infiltración.
En la vesícula seminal derecha se aprecia contiguidad con la lesión periférica del LD con alteración de la intensidad y engrosamiento en la zona de contacto por posible infiltración.
No se identifican claras adenopatías en cadenas iliacas aunque destaca algún ganglio redondeado, de pequeño tamaño (eje máximo 8mm), en cadena iliaca izquierda y en región presacra.
No líquido libre en pelvis.
No se identifican lesiones focales en hueso en secuencia T1.
- Conclusión Conclusión
Lesión PIRADS 5 en zona periférica de LD.
Lesión PIRADS 5 en zona periférica de LI.
Ganglios linfáticos sospechosos en región presacra y parailíaca izquierda.
Sospecha de infiltración de vesícula seminal derecha.



",XNAT03_S03617,XNAT03_E06023
sub-008042,ses-008929,/mnt/ceib/datalake/FISABIO_datalake/prueba/p0052021_reborn/sub-008042/ses-008929/mim-mr/anat/sub-008042_ses-008929_acq-fse_run-901_bp-prostate_vp-ax_T2w.nii.gz,/mnt/ceib/datalake/FISABIO_datalake/prueba/p0052021_reborn/sub-008042/ses-008929/mim-mr/dwi/sub-008042_ses-008929_acq-bvalue_run-703_bp-prostate_vp-ax_dwi.nii.gz,/mnt/ceib/datalake/FISABIO_datalake/prueba/p0052021_reborn/sub-008042/ses-008929/mim-mr/dwi/sub-008042_ses-008929_acq-adc_run-603_bp-prostate_vp-ax_dwi.nii.gz,20.0,68.0,,,,6.86,,5.0,1.0,1942-08-27,2011-08-23,val,False,,val,ses-008929,sub-008042,p0052021,,https://ceib.cipf.es/xnat2/data/projects/p0052021/experiments/XNAT03_E06023?format=html,20,68,,,,6.860000000000000,,[5],1,True,"Datos clínicos: paciente con Gleason 9. PSA 7. Estudio local.

RM MULTIPARAMÉTRICA DE PRÓSTATA.

Técnica:  secuencias TSET2, DWI (b0-1400) y mapa ADC,  en planos axial, coronal y sagital. Estudio dinámico mediante TSE T1 basal y tras administración de Gd iv.
Resultados:
La próstata presenta aumento de tamaño por importante crecimiento de la zona transicional con signos compatibles con HBP. El volumen es de 49X42X39mm (volumen aproximado de 42cc).
En la secuencia T1 se aprecian varias áreas en la región periférica ligeramente hiperintensas, mal definidas, que podrían estar en relación con sangrado postbiopsia. A valorar clínicamente.
- Estudio morfológico: en la zona periférica se identifica una lesión marcadamente hipointensa en la zona del LD posterior, de bordes mal definidos. La lesión contacta con la cápsula sin claro borramiento de la misma aunque existe un segmento en el que parece interrumpirla aunque sin poder confirmar afectación del plexo neurovascular contiguo.  El eje mayor de la lesión es de 22mm. Esta lesión muestra clara restricción en el estudio de difusión.
También en la zona periférica del LI se aprecia otra zona hipointensa, mal definida de unos 18mm de eje mayor que no muestra signos de infiltración de la cápsula.  Esta segunda lesión muestra leve restricción en la difusión.
En la zona transicional destacan cambios quísticos-adenomatosos compatibles con HBP sin llegar a identificar áreas hipointensas sospechosas.
- Estudio dinámico: se aprecia captación de contraste precoz en las lesiones descritas de la zona periférica.
En la vejiga no se aprecian signos de infiltración.
En la vesícula seminal derecha se aprecia contiguidad con la lesión periférica del LD con alteración de la intensidad y engrosamiento en la zona de contacto por posible infiltración.
No se identifican claras adenopatías en cadenas iliacas aunque destaca algún ganglio redondeado, de pequeño tamaño (eje máximo 8mm), en cadena iliaca izquierda y en región presacra.
No líquido libre en pelvis.
No se identifican lesiones focales en hueso en secuencia T1.
- Conclusión Conclusión
Lesión PIRADS 5 en zona periférica de LD.
Lesión PIRADS 5 en zona periférica de LI.
Ganglios linfáticos sospechosos en región presacra y parailíaca izquierda.
Sospecha de infiltración de vesícula seminal derecha.



",XNAT03_S03617,XNAT03_E06023
sub-007148,ses-007833,/mnt/ceib/datalake/FISABIO_datalake/prueba/p0052021_reborn/sub-007148/ses-007833/mim-mr/anat/sub-007148_ses-007833_acq-fse_run-10_bp-prostate_vp-ax_T2w.nii.gz,/mnt/ceib/datalake/FISABIO_datalake/prueba/p0052021_reborn/sub-007148/ses-007833/mim-mr/dwi/sub-007148_ses-007833_acq-bvalue_run-11_bp-prostate_vp-ax_dwi.nii.gz,/mnt/ceib/datalake/FISABIO_datalake/prueba/p0052021_reborn/derivatives/creating_adc/sub-007148/ses-007833/mim-mr/dwi/sub-007148_ses-007833_acq-bvalue_run-13_bp-prostate_vp-ax_mod-dwi_desc-calcADC_ADC.nii.gz,19.0,64.0,,,,5.62,,,1.0,1953-01-10,2017-03-30,val,True,,val,ses-007833,sub-007148,p0052021,,https://ceib.cipf.es/xnat2/data/projects/p0052021/experiments/XNAT03_E05454?format=html,19,64,,,,5.620000000000000,,,1,True,"

PACIENTE: <NAME> <NAME>, <NAME> <NAME>
PRESCRIPCION:  Dr.  <NAME> <NAME>, <NAME>

<LOC> , <FECHA> <FECHA> <FECHA> <FECHA> <FECHA>




RESONANCIA MAGNETICA DE PRÓSTATA:

JUICIO JUICIO
Elevación de PSA. Adenocarcinoma de próstata.

TÉCNICA:
Se realizan cortes axiales, sagitales y coronales utilizando secuencias TSE-T1, TSE-T2 sin y con saturación de la grasa; incluyendo estudio de alta resolución. Se complementa el estudio con cortes dinámicos (axiales-SPIR) tras la administración de gadolinio intravenoso y tardíos T1 y T1-SPIR. Se emplean técnicas de perfusión.

INFORME:
Imagen nodular en la zona periférica prostática derecha en el tercio medio de aproximadamente 1.2 x 1.3 x 1.3 cm AP x T x CC, con restricción a la difusión y con marcada captación en el estudio dinámico y en perfusión de predominio precoz con respecto al estudio de la glándula en relación con foco de neoplasia. Existe un borramiento de la cápsula prostática posterior con una mínima protrusión hacia la grasa periprostática menor de 2 mm en relación con infiltración extracapsular. Existe además un área de hipointensidad de señal en T2 de 1.9 cm de diámetro máximo localizada en la zona periférica prostática izquierda, no claramente nodular y peor definida que el lado contralateral que parece presentar una mínima hiperintensidad de señal en difusión con dudosa restricción en el mapa ADC y que en estudio dinámico presenta mayor captación que el resto de la glándula y menor que en nódulo ya mencionado no obstante en la secuencia de perfusión no presenta diferencias con el resto de la glándula por lo que consideramos improbable que se trate de otro foco, no obstante no es descartable del todo, a correlacionar con los resultados de la biopsia.
No se aprecian adenopatías sospechosas.
No hay filtración de las vesiculas seminales.

CONCLUSIÓN:
Neoplasia de próstata que se clasificaría por imagen como probable T3a. Dudosa afectación en el lóbulo prostático izquierdo improbable, a correlacionar con los resultados de la biopsia.

<LOC> ,  <FECHA> <FECHA> <FECHA> <FECHA> <FECHA>

Fdo:  <NAME> , <NAME> <NAME>
Médico Radiólogo. Colegiado Nº: <NUM>


",XNAT03_S03159,XNAT03_E05454
sub-007148,ses-007833,/mnt/ceib/datalake/FISABIO_datalake/prueba/p0052021_reborn/sub-007148/ses-007833/mim-mr/anat/sub-007148_ses-007833_acq-fse_run-7_bp-prostate_vp-ax_T2w.nii.gz,/mnt/ceib/datalake/FISABIO_datalake/prueba/p0052021_reborn/sub-007148/ses-007833/mim-mr/dwi/sub-007148_ses-007833_acq-bvalue_run-11_bp-prostate_vp-ax_dwi.nii.gz,/mnt/ceib/datalake/FISABIO_datalake/prueba/p0052021_reborn/derivatives/creating_adc/sub-007148/ses-007833/mim-mr/dwi/sub-007148_ses-007833_acq-bvalue_run-13_bp-prostate_vp-ax_mod-dwi_desc-calcADC_ADC.nii.gz,19.0,64.0,,,,5.62,,,1.0,1953-01-10,2017-03-30,val,True,,val,ses-007833,sub-007148,p0052021,,https://ceib.cipf.es/xnat2/data/projects/p0052021/experiments/XNAT03_E05454?format=html,19,64,,,,5.620000000000000,,,1,True,"

PACIENTE: <NAME> <NAME>, <NAME> <NAME>
PRESCRIPCION:  Dr.  <NAME> <NAME>, <NAME>

<LOC> , <FECHA> <FECHA> <FECHA> <FECHA> <FECHA>




RESONANCIA MAGNETICA DE PRÓSTATA:

JUICIO JUICIO
Elevación de PSA. Adenocarcinoma de próstata.

TÉCNICA:
Se realizan cortes axiales, sagitales y coronales utilizando secuencias TSE-T1, TSE-T2 sin y con saturación de la grasa; incluyendo estudio de alta resolución. Se complementa el estudio con cortes dinámicos (axiales-SPIR) tras la administración de gadolinio intravenoso y tardíos T1 y T1-SPIR. Se emplean técnicas de perfusión.

INFORME:
Imagen nodular en la zona periférica prostática derecha en el tercio medio de aproximadamente 1.2 x 1.3 x 1.3 cm AP x T x CC, con restricción a la difusión y con marcada captación en el estudio dinámico y en perfusión de predominio precoz con respecto al estudio de la glándula en relación con foco de neoplasia. Existe un borramiento de la cápsula prostática posterior con una mínima protrusión hacia la grasa periprostática menor de 2 mm en relación con infiltración extracapsular. Existe además un área de hipointensidad de señal en T2 de 1.9 cm de diámetro máximo localizada en la zona periférica prostática izquierda, no claramente nodular y peor definida que el lado contralateral que parece presentar una mínima hiperintensidad de señal en difusión con dudosa restricción en el mapa ADC y que en estudio dinámico presenta mayor captación que el resto de la glándula y menor que en nódulo ya mencionado no obstante en la secuencia de perfusión no presenta diferencias con el resto de la glándula por lo que consideramos improbable que se trate de otro foco, no obstante no es descartable del todo, a correlacionar con los resultados de la biopsia.
No se aprecian adenopatías sospechosas.
No hay filtración de las vesiculas seminales.

CONCLUSIÓN:
Neoplasia de próstata que se clasificaría por imagen como probable T3a. Dudosa afectación en el lóbulo prostático izquierdo improbable, a correlacionar con los resultados de la biopsia.

<LOC> ,  <FECHA> <FECHA> <FECHA> <FECHA> <FECHA>

Fdo:  <NAME> , <NAME> <NAME>
Médico Radiólogo. Colegiado Nº: <NUM>


",XNAT03_S03159,XNAT03_E05454
sub-007536,ses-008303,/mnt/ceib/datalake/FISABIO_datalake/prueba/p0052021_reborn/sub-007536/ses-008303/mim-mr/anat/sub-007536_ses-008303_acq-fse_run-9_bp-prostate_vp-ax_T2w.nii.gz,/mnt/ceib/datalake/FISABIO_datalake/prueba/p0052021_reborn/sub-007536/ses-008303/mim-mr/dwi/sub-007536_ses-008303_acq-bvalue_run-11_bp-prostate_vp-ax_dwi.nii.gz,/mnt/ceib/datalake/FISABIO_datalake/prueba/p0052021_reborn/derivatives/creating_adc/sub-007536/ses-008303/mim-mr/dwi/sub-007536_ses-008303_acq-bvalue_run-11_bp-prostate_vp-ax_mod-dwi_desc-calcADC_ADC.nii.gz,19.0,65.0,,,,14.06,,,1.0,1947-03-30,2012-11-21,val,True,,val,ses-008303,sub-007536,p0052021,,https://ceib.cipf.es/xnat2/data/projects/p0052021/experiments/XNAT03_E05865?format=html,19,65,,,,14.06000000000000,,,1,True,"



PACIENTE: <NAME> <NAME>, <NAME>
PRESCRIPCION:  Dra. <NAME> <NAME>.

<LOC> , 2 de NOVIEMBRE de 2018




RESONANCIA MAGNETICA DE PRÓSTATA:

JUICIO JUICIO
Adenocarcinoma de próstata de riesgo intermedio. Estudio de extensión.

TÉCNICA:
Se realizan cortes axiales, sagitales y coronales utilizando secuencias TSE-T1, TSE-T2 sin y con saturación de la grasa; incluyendo estudio de alta resolución. Se complementa el estudio con cortes dinámicos (axiales-SPIR) tras la administración de gadolinio intravenoso y tardíos T1 y T1-SPIR.

INFORME:
Se aprecia una lesión nodular heterogénea de contornos mal definidos a nivel basal en la zona periférica prostática derecha con restricción a la difusión, con un diámetro máximo de al menos 1.5 cm en cráneo-caudal con ligera hipercaptación en el estudio dinámico y que podría corresponder con la lesión neoplásica mencionada. Aunque la lesión contacta con el origen de las vesículas seminales no parece presentar clara infiltración. Existe una discreta protrusión hacia la grasa periprostática derecha con borramiento leve de la cápsula probablemente por mínima infiltración extracapsular.
No se aprecian otras captaciones captaciones de contraste u otros focos de restricción a la difusión o de hipointensidad de señal en T2.
No se aprecian adenopatías sospechosas de infiltración.
No hay lesiones óseas sospechosas de malignidad.
Los hallazgos se clasifican como neoplasia prostática que se clasifica por imagen como T3A N0.
Como hallazgo casual se aprecia  marcado hidrocele izquierdo.

CONCLUSIÓN:
Imagen sugestiva de neoplasia prostática en la zona periférica derecha basal que se clasificaría por imagen como T3A N0.
Hidrocele izquierdo.


<LOC> ,  8 de NOVIEMBRE de 2018

Fdo:  <NAME> , <NAME> <NAME>
Médico Radiólogo. Colegiado Nº: <NUM>

",XNAT03_S03495,XNAT03_E05865
sub-007536,ses-008303,/mnt/ceib/datalake/FISABIO_datalake/prueba/p0052021_reborn/sub-007536/ses-008303/mim-mr/anat/sub-007536_ses-008303_acq-fse_run-7_bp-prostate_vp-ax_T2w.nii.gz,/mnt/ceib/datalake/FISABIO_datalake/prueba/p0052021_reborn/sub-007536/ses-008303/mim-mr/dwi/sub-007536_ses-008303_acq-bvalue_run-11_bp-prostate_vp-ax_dwi.nii.gz,/mnt/ceib/datalake/FISABIO_datalake/prueba/p0052021_reborn/derivatives/creating_adc/sub-007536/ses-008303/mim-mr/dwi/sub-007536_ses-008303_acq-bvalue_run-11_bp-prostate_vp-ax_mod-dwi_desc-calcADC_ADC.nii.gz,19.0,65.0,,,,14.06,,,1.0,1947-03-30,2012-11-21,val,True,,val,ses-008303,sub-007536,p0052021,,https://ceib.cipf.es/xnat2/data/projects/p0052021/experiments/XNAT03_E05865?format=html,19,65,,,,14.06000000000000,,,1,True,"



PACIENTE: <NAME> <NAME>, <NAME>
PRESCRIPCION:  Dra. <NAME> <NAME>.

<LOC> , 2 de NOVIEMBRE de 2018




RESONANCIA MAGNETICA DE PRÓSTATA:

JUICIO JUICIO
Adenocarcinoma de próstata de riesgo intermedio. Estudio de extensión.

TÉCNICA:
Se realizan cortes axiales, sagitales y coronales utilizando secuencias TSE-T1, TSE-T2 sin y con saturación de la grasa; incluyendo estudio de alta resolución. Se complementa el estudio con cortes dinámicos (axiales-SPIR) tras la administración de gadolinio intravenoso y tardíos T1 y T1-SPIR.

INFORME:
Se aprecia una lesión nodular heterogénea de contornos mal definidos a nivel basal en la zona periférica prostática derecha con restricción a la difusión, con un diámetro máximo de al menos 1.5 cm en cráneo-caudal con ligera hipercaptación en el estudio dinámico y que podría corresponder con la lesión neoplásica mencionada. Aunque la lesión contacta con el origen de las vesículas seminales no parece presentar clara infiltración. Existe una discreta protrusión hacia la grasa periprostática derecha con borramiento leve de la cápsula probablemente por mínima infiltración extracapsular.
No se aprecian otras captaciones captaciones de contraste u otros focos de restricción a la difusión o de hipointensidad de señal en T2.
No se aprecian adenopatías sospechosas de infiltración.
No hay lesiones óseas sospechosas de malignidad.
Los hallazgos se clasifican como neoplasia prostática que se clasifica por imagen como T3A N0.
Como hallazgo casual se aprecia  marcado hidrocele izquierdo.

CONCLUSIÓN:
Imagen sugestiva de neoplasia prostática en la zona periférica derecha basal que se clasificaría por imagen como T3A N0.
Hidrocele izquierdo.


<LOC> ,  8 de NOVIEMBRE de 2018

Fdo:  <NAME> , <NAME> <NAME>
Médico Radiólogo. Colegiado Nº: <NUM>

",XNAT03_S03495,XNAT03_E05865
sub-007419,ses-008165,/mnt/ceib/datalake/FISABIO_datalake/prueba/p0052021_reborn/sub-007419/ses-008165/mim-mr/anat/sub-007419_ses-008165_acq-fse_run-12_bp-prostate_vp-ax_T2w.nii.gz,/mnt/ceib/datalake/FISABIO_datalake/prueba/p0052021_reborn/sub-007419/ses-008165/mim-mr/dwi/sub-007419_ses-008165_acq-bvalue_run-13_bp-prostate_vp-ax_dwi.nii.gz,/mnt/ceib/datalake/FISABIO_datalake/prueba/p0052021_reborn/derivatives/creating_adc/sub-007419/ses-008165/mim-mr/dwi/sub-007419_ses-008165_acq-bvalue_run-13_bp-prostate_vp-ax_mod-dwi_desc-calcADC_ADC.nii.gz,19.0,72.0,,,,6.75,,,1.0,1942-06-17,2015-02-08,val,True,,val,ses-008165,sub-007419,p0052021,,https://ceib.cipf.es/xnat2/data/projects/p0052021/experiments/XNAT03_E05868?format=html,19,72,,,,6.750000000000000,,,1,True,"







PACIENTE: <NAME> <NAME>, <NAME>
PRESCRIPCION:  Dr.  <NAME> <NAME>

<LOC> , <FECHA> <FECHA> <FECHA> <FECHA> <FECHA>




RESONANCIA MAGNETICA RESONANCIA PRÃ_x0093_STATA:

JUICIO JUICIO
ADC de prÃ³stata que afecta ambos lÃ³bulos.

TÃ_x0089_CNICA:
Se realizan cortes axiales, sagitales y coronales utilizando secuencias TSE-T1, TSE-T2 sin y con saturaciÃ³n de la grasa; incluyendo estudio de alta resoluciÃ³n. Se complementa el estudio con cortes dinÃ¡micos (axiales-SPIR) tras la administraciÃ³n de gadolinio intravenoso y tardÃ­os T1 y T1-SPIR.

INFORME:
AlteraciÃ³n de la intensidad de seÃ±al afectando a la regiÃ³n perifÃ©rica prostÃ¡tica de predominio izquierdo, donde afectan totalidad al tercio proximal y medio con ausencia de clara afectaciÃ³n de la regiÃ³n apical anterior, apreciÃ¡ndose tambiÃ©n afectaciÃ³n por hipointensidad de seÃ±al en T2 de la zona perifÃ©rica prostÃ¡tica basal derecha en relaciÃ³n con neoplasia prostÃ¡tica. La neoplasia afecta tambiÃ©n a la  vesicula seminal izquierda con hipointensidad de seÃ±al extensa, existiendo tambiÃ©n mÃ­nima afectaciÃ³n de la intensidad de seÃ±al de la base de la vesÃ­cula seminal derecha.
Se aprecia ademÃ¡s signos de infiltraciÃ³n del paquete neurovascular izquierdo.
No identificamos claras adenopatias sospechosas.
Artefacto de susceptibilidad magnÃ©tica en la cadera derecha por prÃ³tesis de cadera en esta localizaciÃ³n.
Signos de coxartrosis leve en la cadera izquierda.
No hay signos de afectaciÃ³n metastÃ¡sica Ã³sea.

CONCLUSIÃ_x0093_N:
Neoplasia prostÃ¡tica de predominio izquierdo con afectaciÃ³n de ambas vesiculas seminales y de las bandeletas neurovasculares izquierdas.


<LOC> ,  <FECHA> <FECHA> <FECHA> <FECHA> <FECHA>

Fdo:  <NAME> , <NAME> <NAME>
MÃ©dico RadiÃ³logo. Colegiado NÂº: <NUM>


",XNAT03_S03498,XNAT03_E05868
sub-007419,ses-008165,/mnt/ceib/datalake/FISABIO_datalake/prueba/p0052021_reborn/sub-007419/ses-008165/mim-mr/anat/sub-007419_ses-008165_acq-fse_run-17_bp-prostate_vp-ax_T2w.nii.gz,/mnt/ceib/datalake/FISABIO_datalake/prueba/p0052021_reborn/sub-007419/ses-008165/mim-mr/dwi/sub-007419_ses-008165_acq-bvalue_run-13_bp-prostate_vp-ax_dwi.nii.gz,/mnt/ceib/datalake/FISABIO_datalake/prueba/p0052021_reborn/derivatives/creating_adc/sub-007419/ses-008165/mim-mr/dwi/sub-007419_ses-008165_acq-bvalue_run-13_bp-prostate_vp-ax_mod-dwi_desc-calcADC_ADC.nii.gz,19.0,72.0,,,,6.75,,,1.0,1942-06-17,2015-02-08,val,True,,val,ses-008165,sub-007419,p0052021,,https://ceib.cipf.es/xnat2/data/projects/p0052021/experiments/XNAT03_E05868?format=html,19,72,,,,6.750000000000000,,,1,True,"







PACIENTE: <NAME> <NAME>, <NAME>
PRESCRIPCION:  Dr.  <NAME> <NAME>

<LOC> , <FECHA> <FECHA> <FECHA> <FECHA> <FECHA>




RESONANCIA MAGNETICA RESONANCIA PRÃ_x0093_STATA:

JUICIO JUICIO
ADC de prÃ³stata que afecta ambos lÃ³bulos.

TÃ_x0089_CNICA:
Se realizan cortes axiales, sagitales y coronales utilizando secuencias TSE-T1, TSE-T2 sin y con saturaciÃ³n de la grasa; incluyendo estudio de alta resoluciÃ³n. Se complementa el estudio con cortes dinÃ¡micos (axiales-SPIR) tras la administraciÃ³n de gadolinio intravenoso y tardÃ­os T1 y T1-SPIR.

INFORME:
AlteraciÃ³n de la intensidad de seÃ±al afectando a la regiÃ³n perifÃ©rica prostÃ¡tica de predominio izquierdo, donde afectan totalidad al tercio proximal y medio con ausencia de clara afectaciÃ³n de la regiÃ³n apical anterior, apreciÃ¡ndose tambiÃ©n afectaciÃ³n por hipointensidad de seÃ±al en T2 de la zona perifÃ©rica prostÃ¡tica basal derecha en relaciÃ³n con neoplasia prostÃ¡tica. La neoplasia afecta tambiÃ©n a la  vesicula seminal izquierda con hipointensidad de seÃ±al extensa, existiendo tambiÃ©n mÃ­nima afectaciÃ³n de la intensidad de seÃ±al de la base de la vesÃ­cula seminal derecha.
Se aprecia ademÃ¡s signos de infiltraciÃ³n del paquete neurovascular izquierdo.
No identificamos claras adenopatias sospechosas.
Artefacto de susceptibilidad magnÃ©tica en la cadera derecha por prÃ³tesis de cadera en esta localizaciÃ³n.
Signos de coxartrosis leve en la cadera izquierda.
No hay signos de afectaciÃ³n metastÃ¡sica Ã³sea.

CONCLUSIÃ_x0093_N:
Neoplasia prostÃ¡tica de predominio izquierdo con afectaciÃ³n de ambas vesiculas seminales y de las bandeletas neurovasculares izquierdas.


<LOC> ,  <FECHA> <FECHA> <FECHA> <FECHA> <FECHA>

Fdo:  <NAME> , <NAME> <NAME>
MÃ©dico RadiÃ³logo. Colegiado NÂº: <NUM>


",XNAT03_S03498,XNAT03_E05868
sub-007419,ses-008165,/mnt/ceib/datalake/FISABIO_datalake/prueba/p0052021_reborn/sub-007419/ses-008165/mim-mr/anat/sub-007419_ses-008165_acq-fse_run-9_bp-prostate_vp-ax_T2w.nii.gz,/mnt/ceib/datalake/FISABIO_datalake/prueba/p0052021_reborn/sub-007419/ses-008165/mim-mr/dwi/sub-007419_ses-008165_acq-bvalue_run-13_bp-prostate_vp-ax_dwi.nii.gz,/mnt/ceib/datalake/FISABIO_datalake/prueba/p0052021_reborn/derivatives/creating_adc/sub-007419/ses-008165/mim-mr/dwi/sub-007419_ses-008165_acq-bvalue_run-13_bp-prostate_vp-ax_mod-dwi_desc-calcADC_ADC.nii.gz,19.0,72.0,,,,6.75,,,1.0,1942-06-17,2015-02-08,val,True,,val,ses-008165,sub-007419,p0052021,,https://ceib.cipf.es/xnat2/data/projects/p0052021/experiments/XNAT03_E05868?format=html,19,72,,,,6.750000000000000,,,1,True,"







PACIENTE: <NAME> <NAME>, <NAME>
PRESCRIPCION:  Dr.  <NAME> <NAME>

<LOC> , <FECHA> <FECHA> <FECHA> <FECHA> <FECHA>




RESONANCIA MAGNETICA RESONANCIA PRÃ_x0093_STATA:

JUICIO JUICIO
ADC de prÃ³stata que afecta ambos lÃ³bulos.

TÃ_x0089_CNICA:
Se realizan cortes axiales, sagitales y coronales utilizando secuencias TSE-T1, TSE-T2 sin y con saturaciÃ³n de la grasa; incluyendo estudio de alta resoluciÃ³n. Se complementa el estudio con cortes dinÃ¡micos (axiales-SPIR) tras la administraciÃ³n de gadolinio intravenoso y tardÃ­os T1 y T1-SPIR.

INFORME:
AlteraciÃ³n de la intensidad de seÃ±al afectando a la regiÃ³n perifÃ©rica prostÃ¡tica de predominio izquierdo, donde afectan totalidad al tercio proximal y medio con ausencia de clara afectaciÃ³n de la regiÃ³n apical anterior, apreciÃ¡ndose tambiÃ©n afectaciÃ³n por hipointensidad de seÃ±al en T2 de la zona perifÃ©rica prostÃ¡tica basal derecha en relaciÃ³n con neoplasia prostÃ¡tica. La neoplasia afecta tambiÃ©n a la  vesicula seminal izquierda con hipointensidad de seÃ±al extensa, existiendo tambiÃ©n mÃ­nima afectaciÃ³n de la intensidad de seÃ±al de la base de la vesÃ­cula seminal derecha.
Se aprecia ademÃ¡s signos de infiltraciÃ³n del paquete neurovascular izquierdo.
No identificamos claras adenopatias sospechosas.
Artefacto de susceptibilidad magnÃ©tica en la cadera derecha por prÃ³tesis de cadera en esta localizaciÃ³n.
Signos de coxartrosis leve en la cadera izquierda.
No hay signos de afectaciÃ³n metastÃ¡sica Ã³sea.

CONCLUSIÃ_x0093_N:
Neoplasia prostÃ¡tica de predominio izquierdo con afectaciÃ³n de ambas vesiculas seminales y de las bandeletas neurovasculares izquierdas.


<LOC> ,  <FECHA> <FECHA> <FECHA> <FECHA> <FECHA>

Fdo:  <NAME> , <NAME> <NAME>
MÃ©dico RadiÃ³logo. Colegiado NÂº: <NUM>


",XNAT03_S03498,XNAT03_E05868
sub-007419,ses-008165,/mnt/ceib/datalake/FISABIO_datalake/prueba/p0052021_reborn/sub-007419/ses-008165/mim-mr/anat/sub-007419_ses-008165_acq-fse_run-7_bp-prostate_vp-ax_T2w.nii.gz,/mnt/ceib/datalake/FISABIO_datalake/prueba/p0052021_reborn/sub-007419/ses-008165/mim-mr/dwi/sub-007419_ses-008165_acq-bvalue_run-13_bp-prostate_vp-ax_dwi.nii.gz,/mnt/ceib/datalake/FISABIO_datalake/prueba/p0052021_reborn/derivatives/creating_adc/sub-007419/ses-008165/mim-mr/dwi/sub-007419_ses-008165_acq-bvalue_run-13_bp-prostate_vp-ax_mod-dwi_desc-calcADC_ADC.nii.gz,19.0,72.0,,,,6.75,,,1.0,1942-06-17,2015-02-08,val,True,,val,ses-008165,sub-007419,p0052021,,https://ceib.cipf.es/xnat2/data/projects/p0052021/experiments/XNAT03_E05868?format=html,19,72,,,,6.750000000000000,,,1,True,"







PACIENTE: <NAME> <NAME>, <NAME>
PRESCRIPCION:  Dr.  <NAME> <NAME>

<LOC> , <FECHA> <FECHA> <FECHA> <FECHA> <FECHA>




RESONANCIA MAGNETICA RESONANCIA PRÃ_x0093_STATA:

JUICIO JUICIO
ADC de prÃ³stata que afecta ambos lÃ³bulos.

TÃ_x0089_CNICA:
Se realizan cortes axiales, sagitales y coronales utilizando secuencias TSE-T1, TSE-T2 sin y con saturaciÃ³n de la grasa; incluyendo estudio de alta resoluciÃ³n. Se complementa el estudio con cortes dinÃ¡micos (axiales-SPIR) tras la administraciÃ³n de gadolinio intravenoso y tardÃ­os T1 y T1-SPIR.

INFORME:
AlteraciÃ³n de la intensidad de seÃ±al afectando a la regiÃ³n perifÃ©rica prostÃ¡tica de predominio izquierdo, donde afectan totalidad al tercio proximal y medio con ausencia de clara afectaciÃ³n de la regiÃ³n apical anterior, apreciÃ¡ndose tambiÃ©n afectaciÃ³n por hipointensidad de seÃ±al en T2 de la zona perifÃ©rica prostÃ¡tica basal derecha en relaciÃ³n con neoplasia prostÃ¡tica. La neoplasia afecta tambiÃ©n a la  vesicula seminal izquierda con hipointensidad de seÃ±al extensa, existiendo tambiÃ©n mÃ­nima afectaciÃ³n de la intensidad de seÃ±al de la base de la vesÃ­cula seminal derecha.
Se aprecia ademÃ¡s signos de infiltraciÃ³n del paquete neurovascular izquierdo.
No identificamos claras adenopatias sospechosas.
Artefacto de susceptibilidad magnÃ©tica en la cadera derecha por prÃ³tesis de cadera en esta localizaciÃ³n.
Signos de coxartrosis leve en la cadera izquierda.
No hay signos de afectaciÃ³n metastÃ¡sica Ã³sea.

CONCLUSIÃ_x0093_N:
Neoplasia prostÃ¡tica de predominio izquierdo con afectaciÃ³n de ambas vesiculas seminales y de las bandeletas neurovasculares izquierdas.


<LOC> ,  <FECHA> <FECHA> <FECHA> <FECHA> <FECHA>

Fdo:  <NAME> , <NAME> <NAME>
MÃ©dico RadiÃ³logo. Colegiado NÂº: <NUM>


",XNAT03_S03498,XNAT03_E05868
sub-007351,ses-008086,/mnt/ceib/datalake/FISABIO_datalake/prueba/p0052021_reborn/sub-007351/ses-008086/mim-mr/anat/sub-007351_ses-008086_acq-fse_run-8_bp-prostate_vp-ax_T2w.nii.gz,/mnt/ceib/datalake/FISABIO_datalake/prueba/p0052021_reborn/sub-007351/ses-008086/mim-mr/dwi/sub-007351_ses-008086_acq-bvalue_run-12_bp-prostate_vp-ax_dwi.nii.gz,/mnt/ceib/datalake/FISABIO_datalake/prueba/p0052021_reborn/derivatives/creating_adc/sub-007351/ses-008086/mim-mr/dwi/sub-007351_ses-008086_acq-bvalue_run-12_bp-prostate_vp-ax_mod-dwi_desc-calcADC_ADC.nii.gz,19.0,67.0,,,,12.83,31.50576,,1.0,1944-10-14,2012-08-09,val,True,,val,ses-008086,sub-007351,p0052021,,https://ceib.cipf.es/xnat2/data/projects/p0052021/experiments/XNAT03_E05714?format=html,19,67,,,,12.83000000000000,31.50576,,1,True,"

PACIENTE: <NAME> <NAME>, <NAME>
PRESCRIPCION:  Dr.  PÃ©rez.

<LOC> , <FECHA> <FECHA> <FECHA> <FECHA> <FECHA>




RESONANCIA MAGNETICA RESONANCIA PRÃ_x0093_STATA:

JUICIO JUICIO
ElevaciÃ³n de PSA. Adenocarcinoma de prÃ³stata.

TÃ_x0089_CNICA:
Se realizan cortes axiales, sagitales y coronales utilizando secuencias TSE-T1, TSE-T2 sin y con saturaciÃ³n de la grasa; incluyendo estudio de alta resoluciÃ³n. Se complementa el estudio con cortes dinÃ¡micos (axiales-SPIR) tras la administraciÃ³n de gadolinio intravenoso y tardÃ­os T1 y T1-SPIR.

INFORME:
PrÃ³stata aumentada de tamaÃ±o de forma difusa con unos diÃ¡metros aproximados de 5.1 x 3.3 x 3.6 cm, con imagen pseudo-nodular afectando al tercio basal y medio y a parte del apical del lÃ³bulo de origen hipoprostÃ¡tico izquierdo que coincide con zona de restricciÃ³n a la difusiÃ³n y mayor captaciÃ³n de contraste en estudio dinÃ¡mico en relaciÃ³n con adenocarcinoma prostÃ¡tico. AdemÃ¡s, en el lado contralateral, en el tercio medio de la zona perifÃ©rica prostÃ¡tica derecha tambiÃ©n se aprecia una imagen pseudo-nodular hipointensa en T2 con restricciÃ³n a  la difusiÃ³n leve y captaciÃ³n de contraste mayor que el resto del parÃ©nquima, de aproximadamente 1.6 cm probablemente relacionado con otro foco de carcinoma.
Llama la atenciÃ³n la existencia de una lesiÃ³n nodular en la zona de transiciÃ³n prostÃ¡tica derecha, muy hipointensa en T2 y con restricciÃ³n a la difusiÃ³n, hipercaptante, no se puede descartar foco de carcinoma de la zona transicional.
La vesÃ­cula seminal izquierda se muestra algo mÃ¡s hipointensa que la derecha en la zona basal probablemente por infiltraciÃ³n.
La lesiÃ³n del lÃ³bulo prostÃ¡tico izquierdo parece causar borramiento de la cÃ¡psula a nivel del tercio medio inferior por lo que no se puede descartar invasiÃ³n extracapsular.
No se aprecian adenopatÃ­as sospechosas.
No hay lesiones Ã³seas de significaciÃ³n.

CONCLUSIÃ_x0093_N:
Neoplasia prostÃ¡tica con afectaciÃ³n de ambos lÃ³bulos perifÃ©ricos y probablemente central y con signos de probable infiltraciÃ³n de la vesÃ­cula seminal izquierda.

<LOC> ,  1 de FEBRERO de 2016

Fdo:  <NAME> , <NAME> <NAME>
MÃ©dico RadiÃ³logo. Colegiado NÂº: <NUM>


",XNAT03_S03378,XNAT03_E05714
sub-007351,ses-008086,/mnt/ceib/datalake/FISABIO_datalake/prueba/p0052021_reborn/sub-007351/ses-008086/mim-mr/anat/sub-007351_ses-008086_acq-fse_run-10_bp-prostate_vp-ax_T2w.nii.gz,/mnt/ceib/datalake/FISABIO_datalake/prueba/p0052021_reborn/sub-007351/ses-008086/mim-mr/dwi/sub-007351_ses-008086_acq-bvalue_run-12_bp-prostate_vp-ax_dwi.nii.gz,/mnt/ceib/datalake/FISABIO_datalake/prueba/p0052021_reborn/derivatives/creating_adc/sub-007351/ses-008086/mim-mr/dwi/sub-007351_ses-008086_acq-bvalue_run-12_bp-prostate_vp-ax_mod-dwi_desc-calcADC_ADC.nii.gz,19.0,67.0,,,,12.83,31.50576,,1.0,1944-10-14,2012-08-09,val,True,,val,ses-008086,sub-007351,p0052021,,https://ceib.cipf.es/xnat2/data/projects/p0052021/experiments/XNAT03_E05714?format=html,19,67,,,,12.83000000000000,31.50576,,1,True,"

PACIENTE: <NAME> <NAME>, <NAME>
PRESCRIPCION:  Dr.  PÃ©rez.

<LOC> , <FECHA> <FECHA> <FECHA> <FECHA> <FECHA>




RESONANCIA MAGNETICA RESONANCIA PRÃ_x0093_STATA:

JUICIO JUICIO
ElevaciÃ³n de PSA. Adenocarcinoma de prÃ³stata.

TÃ_x0089_CNICA:
Se realizan cortes axiales, sagitales y coronales utilizando secuencias TSE-T1, TSE-T2 sin y con saturaciÃ³n de la grasa; incluyendo estudio de alta resoluciÃ³n. Se complementa el estudio con cortes dinÃ¡micos (axiales-SPIR) tras la administraciÃ³n de gadolinio intravenoso y tardÃ­os T1 y T1-SPIR.

INFORME:
PrÃ³stata aumentada de tamaÃ±o de forma difusa con unos diÃ¡metros aproximados de 5.1 x 3.3 x 3.6 cm, con imagen pseudo-nodular afectando al tercio basal y medio y a parte del apical del lÃ³bulo de origen hipoprostÃ¡tico izquierdo que coincide con zona de restricciÃ³n a la difusiÃ³n y mayor captaciÃ³n de contraste en estudio dinÃ¡mico en relaciÃ³n con adenocarcinoma prostÃ¡tico. AdemÃ¡s, en el lado contralateral, en el tercio medio de la zona perifÃ©rica prostÃ¡tica derecha tambiÃ©n se aprecia una imagen pseudo-nodular hipointensa en T2 con restricciÃ³n a  la difusiÃ³n leve y captaciÃ³n de contraste mayor que el resto del parÃ©nquima, de aproximadamente 1.6 cm probablemente relacionado con otro foco de carcinoma.
Llama la atenciÃ³n la existencia de una lesiÃ³n nodular en la zona de transiciÃ³n prostÃ¡tica derecha, muy hipointensa en T2 y con restricciÃ³n a la difusiÃ³n, hipercaptante, no se puede descartar foco de carcinoma de la zona transicional.
La vesÃ­cula seminal izquierda se muestra algo mÃ¡s hipointensa que la derecha en la zona basal probablemente por infiltraciÃ³n.
La lesiÃ³n del lÃ³bulo prostÃ¡tico izquierdo parece causar borramiento de la cÃ¡psula a nivel del tercio medio inferior por lo que no se puede descartar invasiÃ³n extracapsular.
No se aprecian adenopatÃ­as sospechosas.
No hay lesiones Ã³seas de significaciÃ³n.

CONCLUSIÃ_x0093_N:
Neoplasia prostÃ¡tica con afectaciÃ³n de ambos lÃ³bulos perifÃ©ricos y probablemente central y con signos de probable infiltraciÃ³n de la vesÃ­cula seminal izquierda.

<LOC> ,  1 de FEBRERO de 2016

Fdo:  <NAME> , <NAME> <NAME>
MÃ©dico RadiÃ³logo. Colegiado NÂº: <NUM>


",XNAT03_S03378,XNAT03_E05714
sub-000289,ses-000291,/mnt/ceib/datalake/FISABIO_datalake/prueba/p0052021_reborn/sub-000289/ses-000291/mim-mr/anat/sub-000289_ses-000291_acq-fse_run-7_bp-prostate_vp-ax_T2w.nii.gz,/mnt/ceib/datalake/FISABIO_datalake/prueba/p0052021_reborn/sub-000289/ses-000291/mim-mr/dwi/sub-000289_ses-000291_acq-bvalue_run-9_bp-prostate_vp-ax_dwi.nii.gz,/mnt/ceib/datalake/FISABIO_datalake/prueba/p0052021_reborn/derivatives/creating_adc/sub-000289/ses-000291/mim-mr/dwi/sub-000289_ses-000291_acq-bvalue_run-9_bp-prostate_vp-ax_mod-dwi_desc-calcADC_ADC.nii.gz,21.0,67.0,,,,,,,1.0,1941-01-08,2008-08-25,val,True,,val,ses-000291,sub-000289,p0052021,,https://ceib.cipf.es/xnat2/data/projects/p0052021/experiments/XNAT3_E92071?format=html,21,67,,,,,,,1,True,"PACIENTE: <NAME> <NAME>, <NAME>
PRESCRIPCION:  Dr.

<LOC> <LOC> , 4 de ABRIL de 2012



RESONANCIA MAGNETICA DE PRÓSTATA:

TÉCNICA:
Se realizan cortes axiales, sagitales y coronales utilizando secuencias TSE-T1, TSE-T2 sin y con saturación de la grasa; incluyendo estudio de alta resolución. Se complementa el estudio con cortes dinámicos (axiales-SPIR) tras la administración de gadolinio intravenoso y tardíos T1 y T1-SPIR.

JUICIO JUICIO
Adenocarcinoma de próstata. Estadiaje.

INFORME:
Existe hiperintensidad ocupando gran parte del lóbulo prostático derecho y en menor medida en el izquierdo, compatible con hemorragia por postbiopsia, identificando una infiltración extensa de la práctica totalidad del lóbulo periférico izquierdo, con aparente infiltración de la cápsula y de la grasa periprostática en la porción posterosuperior del mismo, inmediatamente por debajo de la vesícula seminal, sin clara infiltración de ésta, todo ello en probable relación con infiltración tumoral resultando un estadío T3, siendomás dudosa la ocupación de la porción más superior y posterior de ambos lóbulos periféricos a nivel de las vesículas seminales, con aparente hipointensidad en la porción más anterior de la vesícula  derecha aunque no existe un realce significativo tras la administración de contraste, por lo que es dudoso que pueda existir una afectación neoplásica a este nivel.
La zona de transición está hipertrófica, heterogénea con áreas quísticas, no mostrando alteraciones significativas a nivel vesical, no identificandose tampoco adenopatías ni alteraciones óseas sugestivas de metástasis.


CONCLUSIÓN:
Imágenes sugestivas de infiltración tumoral evidentes a nivel de la porción periférica del lóbulo prostático izquierdo, con probable infiltración de la grasa circundante a nivel posterior (estadío T3). Como hallazgo incidental se visualiza un defecto de replección de aproximadamente 7 mm prácticamente en el meato del uréter izquierdo, que podría coresponder a una pequeña litiasis.


",XNAT3_S37027,XNAT3_E92071
sub-000289,ses-000291,/mnt/ceib/datalake/FISABIO_datalake/prueba/p0052021_reborn/sub-000289/ses-000291/mim-mr/anat/sub-000289_ses-000291_acq-fse_run-6_bp-prostate_vp-ax_T2w.nii.gz,/mnt/ceib/datalake/FISABIO_datalake/prueba/p0052021_reborn/sub-000289/ses-000291/mim-mr/dwi/sub-000289_ses-000291_acq-bvalue_run-9_bp-prostate_vp-ax_dwi.nii.gz,/mnt/ceib/datalake/FISABIO_datalake/prueba/p0052021_reborn/derivatives/creating_adc/sub-000289/ses-000291/mim-mr/dwi/sub-000289_ses-000291_acq-bvalue_run-9_bp-prostate_vp-ax_mod-dwi_desc-calcADC_ADC.nii.gz,21.0,67.0,,,,,,,1.0,1941-01-08,2008-08-25,val,True,,val,ses-000291,sub-000289,p0052021,,https://ceib.cipf.es/xnat2/data/projects/p0052021/experiments/XNAT3_E92071?format=html,21,67,,,,,,,1,True,"PACIENTE: <NAME> <NAME>, <NAME>
PRESCRIPCION:  Dr.

<LOC> <LOC> , 4 de ABRIL de 2012



RESONANCIA MAGNETICA DE PRÓSTATA:

TÉCNICA:
Se realizan cortes axiales, sagitales y coronales utilizando secuencias TSE-T1, TSE-T2 sin y con saturación de la grasa; incluyendo estudio de alta resolución. Se complementa el estudio con cortes dinámicos (axiales-SPIR) tras la administración de gadolinio intravenoso y tardíos T1 y T1-SPIR.

JUICIO JUICIO
Adenocarcinoma de próstata. Estadiaje.

INFORME:
Existe hiperintensidad ocupando gran parte del lóbulo prostático derecho y en menor medida en el izquierdo, compatible con hemorragia por postbiopsia, identificando una infiltración extensa de la práctica totalidad del lóbulo periférico izquierdo, con aparente infiltración de la cápsula y de la grasa periprostática en la porción posterosuperior del mismo, inmediatamente por debajo de la vesícula seminal, sin clara infiltración de ésta, todo ello en probable relación con infiltración tumoral resultando un estadío T3, siendomás dudosa la ocupación de la porción más superior y posterior de ambos lóbulos periféricos a nivel de las vesículas seminales, con aparente hipointensidad en la porción más anterior de la vesícula  derecha aunque no existe un realce significativo tras la administración de contraste, por lo que es dudoso que pueda existir una afectación neoplásica a este nivel.
La zona de transición está hipertrófica, heterogénea con áreas quísticas, no mostrando alteraciones significativas a nivel vesical, no identificandose tampoco adenopatías ni alteraciones óseas sugestivas de metástasis.


CONCLUSIÓN:
Imágenes sugestivas de infiltración tumoral evidentes a nivel de la porción periférica del lóbulo prostático izquierdo, con probable infiltración de la grasa circundante a nivel posterior (estadío T3). Como hallazgo incidental se visualiza un defecto de replección de aproximadamente 7 mm prácticamente en el meato del uréter izquierdo, que podría coresponder a una pequeña litiasis.


",XNAT3_S37027,XNAT3_E92071
sub-000291,ses-000294,/mnt/ceib/datalake/FISABIO_datalake/prueba/p0052021_reborn/sub-000291/ses-000294/mim-mr/anat/sub-000291_ses-000294_acq-fse_run-9_bp-prostate_vp-ax_T2w.nii.gz,/mnt/ceib/datalake/FISABIO_datalake/prueba/p0052021_reborn/sub-000291/ses-000294/mim-mr/dwi/sub-000291_ses-000294_acq-bvalue_run-8_bp-prostate_vp-ax_dwi.nii.gz,/mnt/ceib/datalake/FISABIO_datalake/prueba/p0052021_reborn/derivatives/creating_adc/sub-000291/ses-000294/mim-mr/dwi/sub-000291_ses-000294_acq-bvalue_run-8_bp-prostate_vp-ax_mod-dwi_desc-calcADC_ADC.nii.gz,21.0,65.0,,,,,,,0.0,1938-07-06,2004-01-06,val,True,,val,ses-000294,sub-000291,p0052021,,https://ceib.cipf.es/xnat2/data/projects/p0052021/experiments/XNAT3_E92074?format=html,21,65,,,,,,,1,True,"
PACIENTE: <NAME> <NAME>, <NAME>
PRESCRIPCION:  Dr.

<NAME> <LOC> , <FECHA> <FECHA> <FECHA> <FECHA> <FECHA>




RESONANCIA MAGNETICA DE PRÓSTATA:

JUICIO JUICIO
Adenocarcinoma de próstata. Valorar organiconfinamiento.

TÉCNICA:
Se realizan cortes axiales, sagitales y coronales utilizando secuencias TSE-T1, TSE-T2 sin y con saturación de la grasa; incluyendo estudio de alta resolución. Se complementa el estudio con cortes dinámicos (axiales-SPIR) tras la administración de gadolinio intravenoso y tardíos T1 y T1-SPIR.

INFORME:
Se aprecia una disminución de la intensidad de señal de ambos lóbulos periféricos, más acusada a nivel posterolateral izquierdo donde se visualiza incluso un abombamiento de la cápsula, con una aparente perdida de definición de la misma y realce tras la administración de contraste, no identificando alteraciones significativas en vésicula seminales, vejiga y el resto de órganos pélvicos visualizados.
Tampoco se identifican adenopatias evidentes en los distintos territorios ganglionares incluidos en el estudio.

CONCLUSIÓN:
Afextación de ambos lóbulos periféricos prostáticos, con abombamiento posterolateral izquierdo de la cápsula con posible afectación  de la grasa periprostática, por lo que probablemente corresponda a un estadio T3, sin adenopatias ni metástasis óseas evidentes en el presente estudio.


",XNAT3_S37029,XNAT3_E92074
sub-000291,ses-000294,/mnt/ceib/datalake/FISABIO_datalake/prueba/p0052021_reborn/sub-000291/ses-000294/mim-mr/anat/sub-000291_ses-000294_acq-fse_run-12_bp-prostate_vp-ax_T2w.nii.gz,/mnt/ceib/datalake/FISABIO_datalake/prueba/p0052021_reborn/sub-000291/ses-000294/mim-mr/dwi/sub-000291_ses-000294_acq-bvalue_run-8_bp-prostate_vp-ax_dwi.nii.gz,/mnt/ceib/datalake/FISABIO_datalake/prueba/p0052021_reborn/derivatives/creating_adc/sub-000291/ses-000294/mim-mr/dwi/sub-000291_ses-000294_acq-bvalue_run-8_bp-prostate_vp-ax_mod-dwi_desc-calcADC_ADC.nii.gz,21.0,65.0,,,,,,,0.0,1938-07-06,2004-01-06,val,True,,val,ses-000294,sub-000291,p0052021,,https://ceib.cipf.es/xnat2/data/projects/p0052021/experiments/XNAT3_E92074?format=html,21,65,,,,,,,1,True,"
PACIENTE: <NAME> <NAME>, <NAME>
PRESCRIPCION:  Dr.

<NAME> <LOC> , <FECHA> <FECHA> <FECHA> <FECHA> <FECHA>




RESONANCIA MAGNETICA DE PRÓSTATA:

JUICIO JUICIO
Adenocarcinoma de próstata. Valorar organiconfinamiento.

TÉCNICA:
Se realizan cortes axiales, sagitales y coronales utilizando secuencias TSE-T1, TSE-T2 sin y con saturación de la grasa; incluyendo estudio de alta resolución. Se complementa el estudio con cortes dinámicos (axiales-SPIR) tras la administración de gadolinio intravenoso y tardíos T1 y T1-SPIR.

INFORME:
Se aprecia una disminución de la intensidad de señal de ambos lóbulos periféricos, más acusada a nivel posterolateral izquierdo donde se visualiza incluso un abombamiento de la cápsula, con una aparente perdida de definición de la misma y realce tras la administración de contraste, no identificando alteraciones significativas en vésicula seminales, vejiga y el resto de órganos pélvicos visualizados.
Tampoco se identifican adenopatias evidentes en los distintos territorios ganglionares incluidos en el estudio.

CONCLUSIÓN:
Afextación de ambos lóbulos periféricos prostáticos, con abombamiento posterolateral izquierdo de la cápsula con posible afectación  de la grasa periprostática, por lo que probablemente corresponda a un estadio T3, sin adenopatias ni metástasis óseas evidentes en el presente estudio.


",XNAT3_S37029,XNAT3_E92074
sub-000291,ses-000294,/mnt/ceib/datalake/FISABIO_datalake/prueba/p0052021_reborn/sub-000291/ses-000294/mim-mr/anat/sub-000291_ses-000294_acq-fse_run-7_bp-prostate_vp-ax_T2w.nii.gz,/mnt/ceib/datalake/FISABIO_datalake/prueba/p0052021_reborn/sub-000291/ses-000294/mim-mr/dwi/sub-000291_ses-000294_acq-bvalue_run-8_bp-prostate_vp-ax_dwi.nii.gz,/mnt/ceib/datalake/FISABIO_datalake/prueba/p0052021_reborn/derivatives/creating_adc/sub-000291/ses-000294/mim-mr/dwi/sub-000291_ses-000294_acq-bvalue_run-8_bp-prostate_vp-ax_mod-dwi_desc-calcADC_ADC.nii.gz,21.0,65.0,,,,,,,0.0,1938-07-06,2004-01-06,val,True,,val,ses-000294,sub-000291,p0052021,,https://ceib.cipf.es/xnat2/data/projects/p0052021/experiments/XNAT3_E92074?format=html,21,65,,,,,,,1,True,"
PACIENTE: <NAME> <NAME>, <NAME>
PRESCRIPCION:  Dr.

<NAME> <LOC> , <FECHA> <FECHA> <FECHA> <FECHA> <FECHA>




RESONANCIA MAGNETICA DE PRÓSTATA:

JUICIO JUICIO
Adenocarcinoma de próstata. Valorar organiconfinamiento.

TÉCNICA:
Se realizan cortes axiales, sagitales y coronales utilizando secuencias TSE-T1, TSE-T2 sin y con saturación de la grasa; incluyendo estudio de alta resolución. Se complementa el estudio con cortes dinámicos (axiales-SPIR) tras la administración de gadolinio intravenoso y tardíos T1 y T1-SPIR.

INFORME:
Se aprecia una disminución de la intensidad de señal de ambos lóbulos periféricos, más acusada a nivel posterolateral izquierdo donde se visualiza incluso un abombamiento de la cápsula, con una aparente perdida de definición de la misma y realce tras la administración de contraste, no identificando alteraciones significativas en vésicula seminales, vejiga y el resto de órganos pélvicos visualizados.
Tampoco se identifican adenopatias evidentes en los distintos territorios ganglionares incluidos en el estudio.

CONCLUSIÓN:
Afextación de ambos lóbulos periféricos prostáticos, con abombamiento posterolateral izquierdo de la cápsula con posible afectación  de la grasa periprostática, por lo que probablemente corresponda a un estadio T3, sin adenopatias ni metástasis óseas evidentes en el presente estudio.


",XNAT3_S37029,XNAT3_E92074
sub-008346,ses-009291,/mnt/ceib/datalake/FISABIO_datalake/prueba/p0052021_reborn/sub-008346/ses-009291/mim-mr/anat/sub-008346_ses-009291_acq-fse_run-9_bp-prostate_vp-ax_T2w.nii.gz,/mnt/ceib/datalake/FISABIO_datalake/prueba/p0052021_reborn/sub-008346/ses-009291/mim-mr/dwi/sub-008346_ses-009291_acq-bvalue_run-11_bp-prostate_vp-ax_dwi.nii.gz,/mnt/ceib/datalake/FISABIO_datalake/prueba/p0052021_reborn/sub-008346/ses-009291/mim-mr/dwi/sub-008346_ses-009291_acq-adc_run-1050_bp-prostate_vp-ax_dwi.nii.gz,4.0,76.0,,,,,30.762056,,1.0,1942-09-17,2019-02-01,val,False,,val,ses-009291,sub-008346,p0052021,,https://ceib.cipf.es/xnat2/data/projects/p0052021/experiments/XNAT03_E06942?format=html,4,76,,,,,30.762056,,1,True,"Motivo Motivo Motivo extensión de extensión CaP de alto riesgo.

Se realiza RM de pelvis con estudio multiparamétrico de próstata pre y post administración de CIV. El estudio muestra artefactos por movimientos irregulares del paciente.

Próstata de 37,3 x 48,8 x 32,5 mm en sus diámetros craneocaudal, transverso y anteroposterior respectivamente.
Signos de restos hemáticos que afectan a ambos lóbulos de próstata.
Alteración difusa de intensidad de señal de próstata que hace indistinguible la zona central, transicional ni periférica, apreciando un área de 40 x 18 mm su diámetros transverso y anteroposterior respectivamente que afecta a ambos lóbulos, hipointensa en secuencia T2 con múltiples focos de restricción en secuencia difusión y captación precoz postcontraste siendo de aspecto sospechoso.
Vesícula retardo en la cápsula prostática indicando infiltración de la misma..
Imagen de posible pólipo de 15 mm en pared posterior de recto medio, situándose a una distancia de 77 mm de margen anal. Recomendamos estudio especifico.

No se visualizan otros hallazgos destacables.

Conclusión: Área nodular de 40 x 18 mm con afectación de ambos lóbulos y signos de infiltración de cápsula. Pi-RADS V
",XNAT03_S04397,XNAT03_E06942
sub-008346,ses-009291,/mnt/ceib/datalake/FISABIO_datalake/prueba/p0052021_reborn/sub-008346/ses-009291/mim-mr/anat/sub-008346_ses-009291_acq-fse_run-3_bp-prostate_vp-ax_T2w.nii.gz,/mnt/ceib/datalake/FISABIO_datalake/prueba/p0052021_reborn/sub-008346/ses-009291/mim-mr/dwi/sub-008346_ses-009291_acq-bvalue_run-11_bp-prostate_vp-ax_dwi.nii.gz,/mnt/ceib/datalake/FISABIO_datalake/prueba/p0052021_reborn/sub-008346/ses-009291/mim-mr/dwi/sub-008346_ses-009291_acq-adc_run-1050_bp-prostate_vp-ax_dwi.nii.gz,4.0,76.0,,,,,30.762056,,1.0,1942-09-17,2019-02-01,val,False,,val,ses-009291,sub-008346,p0052021,,https://ceib.cipf.es/xnat2/data/projects/p0052021/experiments/XNAT03_E06942?format=html,4,76,,,,,30.762056,,1,True,"Motivo Motivo Motivo extensión de extensión CaP de alto riesgo.

Se realiza RM de pelvis con estudio multiparamétrico de próstata pre y post administración de CIV. El estudio muestra artefactos por movimientos irregulares del paciente.

Próstata de 37,3 x 48,8 x 32,5 mm en sus diámetros craneocaudal, transverso y anteroposterior respectivamente.
Signos de restos hemáticos que afectan a ambos lóbulos de próstata.
Alteración difusa de intensidad de señal de próstata que hace indistinguible la zona central, transicional ni periférica, apreciando un área de 40 x 18 mm su diámetros transverso y anteroposterior respectivamente que afecta a ambos lóbulos, hipointensa en secuencia T2 con múltiples focos de restricción en secuencia difusión y captación precoz postcontraste siendo de aspecto sospechoso.
Vesícula retardo en la cápsula prostática indicando infiltración de la misma..
Imagen de posible pólipo de 15 mm en pared posterior de recto medio, situándose a una distancia de 77 mm de margen anal. Recomendamos estudio especifico.

No se visualizan otros hallazgos destacables.

Conclusión: Área nodular de 40 x 18 mm con afectación de ambos lóbulos y signos de infiltración de cápsula. Pi-RADS V
",XNAT03_S04397,XNAT03_E06942
sub-008346,ses-009291,/mnt/ceib/datalake/FISABIO_datalake/prueba/p0052021_reborn/sub-008346/ses-009291/mim-mr/anat/sub-008346_ses-009291_acq-fse_run-6_bp-prostate_vp-ax_T2w.nii.gz,/mnt/ceib/datalake/FISABIO_datalake/prueba/p0052021_reborn/sub-008346/ses-009291/mim-mr/dwi/sub-008346_ses-009291_acq-bvalue_run-11_bp-prostate_vp-ax_dwi.nii.gz,/mnt/ceib/datalake/FISABIO_datalake/prueba/p0052021_reborn/sub-008346/ses-009291/mim-mr/dwi/sub-008346_ses-009291_acq-adc_run-1050_bp-prostate_vp-ax_dwi.nii.gz,4.0,76.0,,,,,30.762056,,1.0,1942-09-17,2019-02-01,val,False,,val,ses-009291,sub-008346,p0052021,,https://ceib.cipf.es/xnat2/data/projects/p0052021/experiments/XNAT03_E06942?format=html,4,76,,,,,30.762056,,1,True,"Motivo Motivo Motivo extensión de extensión CaP de alto riesgo.

Se realiza RM de pelvis con estudio multiparamétrico de próstata pre y post administración de CIV. El estudio muestra artefactos por movimientos irregulares del paciente.

Próstata de 37,3 x 48,8 x 32,5 mm en sus diámetros craneocaudal, transverso y anteroposterior respectivamente.
Signos de restos hemáticos que afectan a ambos lóbulos de próstata.
Alteración difusa de intensidad de señal de próstata que hace indistinguible la zona central, transicional ni periférica, apreciando un área de 40 x 18 mm su diámetros transverso y anteroposterior respectivamente que afecta a ambos lóbulos, hipointensa en secuencia T2 con múltiples focos de restricción en secuencia difusión y captación precoz postcontraste siendo de aspecto sospechoso.
Vesícula retardo en la cápsula prostática indicando infiltración de la misma..
Imagen de posible pólipo de 15 mm en pared posterior de recto medio, situándose a una distancia de 77 mm de margen anal. Recomendamos estudio especifico.

No se visualizan otros hallazgos destacables.

Conclusión: Área nodular de 40 x 18 mm con afectación de ambos lóbulos y signos de infiltración de cápsula. Pi-RADS V
",XNAT03_S04397,XNAT03_E06942
sub-007914,ses-008771,/mnt/ceib/datalake/FISABIO_datalake/prueba/p0052021_reborn/sub-007914/ses-008771/mim-mr/anat/sub-007914_ses-008771_acq-fse_run-1201_bp-prostate_vp-ax_T2w.nii.gz,/mnt/ceib/datalake/FISABIO_datalake/prueba/p0052021_reborn/sub-007914/ses-008771/mim-mr/dwi/sub-007914_ses-008771_acq-bvalue_run-1305_bp-prostate_vp-ax_dwi.nii.gz,/mnt/ceib/datalake/FISABIO_datalake/prueba/p0052021_reborn/sub-007914/ses-008771/mim-mr/dwi/sub-007914_ses-008771_acq-adc_run-703_bp-prostate_vp-ax_dwi.nii.gz,20.0,69.0,,,,11.0,,4.0,1.0,1941-10-12,2010-12-15,val,False,,val,ses-008771,sub-007914,p0052021,,https://ceib.cipf.es/xnat2/data/projects/p0052021/experiments/XNAT03_E05975?format=html,20,69,,,,11.00000000000000,,"[2, 4]",1,True,"Datos Datos CA de próstata. Valoración PIRADS.

Se realiza resonancia magnética pélvica centrada sobre próstata empleando secuencias axial T1, axial coronal y sagital T2, difusión. T2 supresión grasa y dinámico tras administración de contraste intravenoso.

Próstata con un volumen global de 23 cm³ y heterogénea principalmente en su zona transicional, aunque también en menor medida en ambos lóbulos periféricos con áreas hiperintensas en T1 principalmente en toda la extensión del lóbulo periférico derecho y en menor medida del izquierdo, probablemente secundario a restos hemáticos de biopsia, aunque dichos hallazgos no resultan sospechosos de malignidad atribuyéndoles un PIRADS 2, existiendo sin embargo una hipointensidad de contornos mal definidos y de aproximadamente 13 mm en la porción anterior del lóbulo transicional derecho afectando principalmente a su vertiente inferior e intermedia, con un PIRADS 4.
No existen signos sugestivos de enfermedad extraprostática.
No se objetivan adenopatías, ni lesiones óseas sospechosas.
Cambios postquirúrgicos de herniorrafia inguinal izquierda.

Conclusión: alteración sospechosa de malignidad (PIRDS-4) en la porción inferior e intermedia de la vertiente anterior del lóbulo transicional derecho.
",XNAT03_S03581,XNAT03_E05975
sub-007914,ses-008771,/mnt/ceib/datalake/FISABIO_datalake/prueba/p0052021_reborn/sub-007914/ses-008771/mim-mr/anat/sub-007914_ses-008771_acq-fse_run-901_bp-prostate_vp-ax_T2w.nii.gz,/mnt/ceib/datalake/FISABIO_datalake/prueba/p0052021_reborn/sub-007914/ses-008771/mim-mr/dwi/sub-007914_ses-008771_acq-bvalue_run-1305_bp-prostate_vp-ax_dwi.nii.gz,/mnt/ceib/datalake/FISABIO_datalake/prueba/p0052021_reborn/sub-007914/ses-008771/mim-mr/dwi/sub-007914_ses-008771_acq-adc_run-703_bp-prostate_vp-ax_dwi.nii.gz,20.0,69.0,,,,11.0,,4.0,1.0,1941-10-12,2010-12-15,val,False,,val,ses-008771,sub-007914,p0052021,,https://ceib.cipf.es/xnat2/data/projects/p0052021/experiments/XNAT03_E05975?format=html,20,69,,,,11.00000000000000,,"[2, 4]",1,True,"Datos Datos CA de próstata. Valoración PIRADS.

Se realiza resonancia magnética pélvica centrada sobre próstata empleando secuencias axial T1, axial coronal y sagital T2, difusión. T2 supresión grasa y dinámico tras administración de contraste intravenoso.

Próstata con un volumen global de 23 cm³ y heterogénea principalmente en su zona transicional, aunque también en menor medida en ambos lóbulos periféricos con áreas hiperintensas en T1 principalmente en toda la extensión del lóbulo periférico derecho y en menor medida del izquierdo, probablemente secundario a restos hemáticos de biopsia, aunque dichos hallazgos no resultan sospechosos de malignidad atribuyéndoles un PIRADS 2, existiendo sin embargo una hipointensidad de contornos mal definidos y de aproximadamente 13 mm en la porción anterior del lóbulo transicional derecho afectando principalmente a su vertiente inferior e intermedia, con un PIRADS 4.
No existen signos sugestivos de enfermedad extraprostática.
No se objetivan adenopatías, ni lesiones óseas sospechosas.
Cambios postquirúrgicos de herniorrafia inguinal izquierda.

Conclusión: alteración sospechosa de malignidad (PIRDS-4) en la porción inferior e intermedia de la vertiente anterior del lóbulo transicional derecho.
",XNAT03_S03581,XNAT03_E05975
sub-007914,ses-008771,/mnt/ceib/datalake/FISABIO_datalake/prueba/p0052021_reborn/sub-007914/ses-008771/mim-mr/anat/sub-007914_ses-008771_acq-fse_run-1101_bp-prostate_vp-ax_T2w.nii.gz,/mnt/ceib/datalake/FISABIO_datalake/prueba/p0052021_reborn/sub-007914/ses-008771/mim-mr/dwi/sub-007914_ses-008771_acq-bvalue_run-1305_bp-prostate_vp-ax_dwi.nii.gz,/mnt/ceib/datalake/FISABIO_datalake/prueba/p0052021_reborn/sub-007914/ses-008771/mim-mr/dwi/sub-007914_ses-008771_acq-adc_run-703_bp-prostate_vp-ax_dwi.nii.gz,20.0,69.0,,,,11.0,,4.0,1.0,1941-10-12,2010-12-15,val,False,,val,ses-008771,sub-007914,p0052021,,https://ceib.cipf.es/xnat2/data/projects/p0052021/experiments/XNAT03_E05975?format=html,20,69,,,,11.00000000000000,,"[2, 4]",1,True,"Datos Datos CA de próstata. Valoración PIRADS.

Se realiza resonancia magnética pélvica centrada sobre próstata empleando secuencias axial T1, axial coronal y sagital T2, difusión. T2 supresión grasa y dinámico tras administración de contraste intravenoso.

Próstata con un volumen global de 23 cm³ y heterogénea principalmente en su zona transicional, aunque también en menor medida en ambos lóbulos periféricos con áreas hiperintensas en T1 principalmente en toda la extensión del lóbulo periférico derecho y en menor medida del izquierdo, probablemente secundario a restos hemáticos de biopsia, aunque dichos hallazgos no resultan sospechosos de malignidad atribuyéndoles un PIRADS 2, existiendo sin embargo una hipointensidad de contornos mal definidos y de aproximadamente 13 mm en la porción anterior del lóbulo transicional derecho afectando principalmente a su vertiente inferior e intermedia, con un PIRADS 4.
No existen signos sugestivos de enfermedad extraprostática.
No se objetivan adenopatías, ni lesiones óseas sospechosas.
Cambios postquirúrgicos de herniorrafia inguinal izquierda.

Conclusión: alteración sospechosa de malignidad (PIRDS-4) en la porción inferior e intermedia de la vertiente anterior del lóbulo transicional derecho.
",XNAT03_S03581,XNAT03_E05975
sub-007153,ses-007838,/mnt/ceib/datalake/FISABIO_datalake/prueba/p0052021_reborn/sub-007153/ses-007838/mim-mr/anat/sub-007153_ses-007838_acq-fse_run-6_bp-prostate_vp-ax_T2w.nii.gz,/mnt/ceib/datalake/FISABIO_datalake/prueba/p0052021_reborn/sub-007153/ses-007838/mim-mr/dwi/sub-007153_ses-007838_acq-bvalue_run-10_bp-prostate_vp-ax_dwi.nii.gz,/mnt/ceib/datalake/FISABIO_datalake/prueba/p0052021_reborn/sub-007153/ses-007838/mim-mr/dwi/sub-007153_ses-007838_acq-adc_run-700_bp-prostate_vp-ax_dwi.nii.gz,21.0,77.0,,,,24.3,52.1664,5.0,1.0,1939-06-02,2017-02-17,val,False,,val,ses-007838,sub-007153,p0052021,,https://ceib.cipf.es/xnat2/data/projects/p0052021/experiments/XNAT03_E05640?format=html,21,77,,,,24.30000000000000,52.1664,[5],1,True,"PACIENTE: <NAME> <NAME>, <NAME>
PRESCRIPCION:  Dr.  <NAME> <NAME> <NAME>, 								FRANCISCO

<LOC> <LOC> , <FECHA> <FECHA> <FECHA> <FECHA> <FECHA>


RESONANCIA MAGNETICA DE PRÓSTATA:

JUICIO JUICIO
Porstatitis. Enfermedad de Parkinsong. PSA elevado con anatomía patológica de adenocarcinoma de próstata Glison 4+3 en el lóbulo derecho y 3+4 en el izquierdo

TÉCNICA:
Se realizan cortes axiales, sagitales y coronales utilizando secuencias TSE-T1, TSE-T2 sin y con saturación de la grasa; incluyendo estudio de alta resolución. Se complementa el estudio con cortes dinámicos (axiales-SPIR) tras la administración de gadolinio intravenoso y tardíos T1 y T1-SPIR.

INFORME:
Estudio de valor diagnóstico limitado debido a artefactos de movimientos respiratorios del paricente así como obesidad que disminuye la calidad diagnóstica de las imágenes.
Glándula prostática aumentada de tamaño, mide aproximadamente 6 x 3,8 x 4,4 cm (diámetros T xAP xCC). Es de intensidad de señal hetereogénea con hipointensidad difusa de la zona periférica así como de la zona transicional. Se visualiza imagen nodular de aproximadamente 2 cm hipointensas secuencias T2, que se corresponde con área de restricción de la difusión con valor de B 1500 localizada entorno a la zona transicional posterior y periférica posteromedial-posterolateral del lóbulo prostático derecho a nivel de la media glándula. No se aprecian signos de extensión extracapsular, vesículas seminales, uretra prostática o cuello vesical. Entono a la glándula media-APEX y a nivel de la zona periférica posterolateral del lóbulo prostático izquierdo se aprecia hipointensidad más definida aproximadamente 1,6 cm sin clara manifestación en secuencias de difusión.
Presentan curvas de cinética de captación tipo II.
Hallazgos en relación con lesión PI-RADS 5 en el lóbulo prostático derecho y BI-RADS 3-4 en lóbulo prostático izquierdo. A correlacionar con exploración física y anatomía patológica.
No se visualizan adenopatías locorregionales en cadenas ilíacas o inguinales de tamaño o aspecto patológico.
Vejiga de pared trabecular, en probable relación con vejiga de lucha. Se visualiza imagen de morfología ovalada hipointensa en todas las secuencias de pulso localizada hacia la porción dedive de la misma. Se recomienda correlacionar con técnicas complementarias (RX, ecografía o cistoscópia), para descartar litiasis intravesical y / o otras etiologías.
Recto sin hallazgos significativos.
No se visualiza líquido libre en pelvis.
No se observan otras alteraciones significativas valorables mediante esta técnica.








CONCLUSIÓN:
Lesión PI-RADS 5 y PI-RADS 3-4  localizada en el lóbulo prostático derecho e izquierdo, según las características descritas previamente. No se aprecian signos de extensión estructural de simas.
Imagen hipointensa intravesical, a correlacionar con técnicas complementarias.
Sin otros hallazgos significativos.




SAN <LOC> ,  <FECHA> <FECHA> <FECHA> <FECHA> <FECHA>

Fdo:  <NAME> <NAME>, <NAME> <NAME>
Médico Radiólogo. Colegiado Nº: <NUM>


",XNAT03_S03315,XNAT03_E05640
sub-007153,ses-007838,/mnt/ceib/datalake/FISABIO_datalake/prueba/p0052021_reborn/sub-007153/ses-007838/mim-mr/anat/sub-007153_ses-007838_acq-fse_run-8_bp-prostate_vp-ax_T2w.nii.gz,/mnt/ceib/datalake/FISABIO_datalake/prueba/p0052021_reborn/sub-007153/ses-007838/mim-mr/dwi/sub-007153_ses-007838_acq-bvalue_run-10_bp-prostate_vp-ax_dwi.nii.gz,/mnt/ceib/datalake/FISABIO_datalake/prueba/p0052021_reborn/sub-007153/ses-007838/mim-mr/dwi/sub-007153_ses-007838_acq-adc_run-700_bp-prostate_vp-ax_dwi.nii.gz,21.0,77.0,,,,24.3,52.1664,5.0,1.0,1939-06-02,2017-02-17,val,False,,val,ses-007838,sub-007153,p0052021,,https://ceib.cipf.es/xnat2/data/projects/p0052021/experiments/XNAT03_E05640?format=html,21,77,,,,24.30000000000000,52.1664,[5],1,True,"PACIENTE: <NAME> <NAME>, <NAME>
PRESCRIPCION:  Dr.  <NAME> <NAME> <NAME>, 								FRANCISCO

<LOC> <LOC> , <FECHA> <FECHA> <FECHA> <FECHA> <FECHA>


RESONANCIA MAGNETICA DE PRÓSTATA:

JUICIO JUICIO
Porstatitis. Enfermedad de Parkinsong. PSA elevado con anatomía patológica de adenocarcinoma de próstata Glison 4+3 en el lóbulo derecho y 3+4 en el izquierdo

TÉCNICA:
Se realizan cortes axiales, sagitales y coronales utilizando secuencias TSE-T1, TSE-T2 sin y con saturación de la grasa; incluyendo estudio de alta resolución. Se complementa el estudio con cortes dinámicos (axiales-SPIR) tras la administración de gadolinio intravenoso y tardíos T1 y T1-SPIR.

INFORME:
Estudio de valor diagnóstico limitado debido a artefactos de movimientos respiratorios del paricente así como obesidad que disminuye la calidad diagnóstica de las imágenes.
Glándula prostática aumentada de tamaño, mide aproximadamente 6 x 3,8 x 4,4 cm (diámetros T xAP xCC). Es de intensidad de señal hetereogénea con hipointensidad difusa de la zona periférica así como de la zona transicional. Se visualiza imagen nodular de aproximadamente 2 cm hipointensas secuencias T2, que se corresponde con área de restricción de la difusión con valor de B 1500 localizada entorno a la zona transicional posterior y periférica posteromedial-posterolateral del lóbulo prostático derecho a nivel de la media glándula. No se aprecian signos de extensión extracapsular, vesículas seminales, uretra prostática o cuello vesical. Entono a la glándula media-APEX y a nivel de la zona periférica posterolateral del lóbulo prostático izquierdo se aprecia hipointensidad más definida aproximadamente 1,6 cm sin clara manifestación en secuencias de difusión.
Presentan curvas de cinética de captación tipo II.
Hallazgos en relación con lesión PI-RADS 5 en el lóbulo prostático derecho y BI-RADS 3-4 en lóbulo prostático izquierdo. A correlacionar con exploración física y anatomía patológica.
No se visualizan adenopatías locorregionales en cadenas ilíacas o inguinales de tamaño o aspecto patológico.
Vejiga de pared trabecular, en probable relación con vejiga de lucha. Se visualiza imagen de morfología ovalada hipointensa en todas las secuencias de pulso localizada hacia la porción dedive de la misma. Se recomienda correlacionar con técnicas complementarias (RX, ecografía o cistoscópia), para descartar litiasis intravesical y / o otras etiologías.
Recto sin hallazgos significativos.
No se visualiza líquido libre en pelvis.
No se observan otras alteraciones significativas valorables mediante esta técnica.








CONCLUSIÓN:
Lesión PI-RADS 5 y PI-RADS 3-4  localizada en el lóbulo prostático derecho e izquierdo, según las características descritas previamente. No se aprecian signos de extensión estructural de simas.
Imagen hipointensa intravesical, a correlacionar con técnicas complementarias.
Sin otros hallazgos significativos.




SAN <LOC> ,  <FECHA> <FECHA> <FECHA> <FECHA> <FECHA>

Fdo:  <NAME> <NAME>, <NAME> <NAME>
Médico Radiólogo. Colegiado Nº: <NUM>


",XNAT03_S03315,XNAT03_E05640
sub-007900,ses-008757,/mnt/ceib/datalake/FISABIO_datalake/prueba/p0052021_reborn/sub-007900/ses-008757/mim-mr/anat/sub-007900_ses-008757_acq-fse_run-11_bp-prostate_vp-ax_T2w.nii.gz,/mnt/ceib/datalake/FISABIO_datalake/prueba/p0052021_reborn/sub-007900/ses-008757/mim-mr/dwi/sub-007900_ses-008757_acq-bvalue_run-12_bp-prostate_vp-ax_dwi.nii.gz,/mnt/ceib/datalake/FISABIO_datalake/prueba/p0052021_reborn/sub-007900/ses-008757/mim-mr/dwi/sub-007900_ses-008757_acq-adc_run-1201_bp-prostate_vp-ax_dwi.nii.gz,19.0,70.0,11.0,,,16.84,103.95839999999998,5.0,1.0,1941-07-04,2011-12-31,val,False,,val,ses-008757,sub-007900,p0052021,,https://ceib.cipf.es/xnat2/data/projects/p0052021/experiments/XNAT03_E05972?format=html,19,70,11.0,,,16.84000000000000,103.9584,"[4, 5]",1,True,"

PACIENTE: <NAME>  <NAME> , <NAME>
PRESCRIPCION:  Dra.  <NAME> <NAME>, <NAME>

<LOC> , <FECHA> <FECHA> <FECHA> <FECHA> <FECHA>




RESONANCIA MAGNETICA DE PRÓSTATA:

JUICIO JUICIO
ADC de próstata gleson 4 + 3 en lóbulo derecho, alto riesgo.

TÉCNICA:
Se realizan cortes axiales, sagitales y coronales utilizando secuencias TSE-T1, TSE-T2 sin y con saturación de la grasa; incluyendo estudio de alta resolución. Se complementa el estudio con cortes dinámicos (axiales-SPIR) tras la administración de gadolinio intravenoso y tardíos T1 y T1-SPIR.

INFORME:
Próstata aumentada de tamaño de forma difusa, a expensas de la zona transicional sobre todo en la región central y basal que protruye de forma significativa sobre el suelo vesical en relación con adenoma prostático.  Los diámetros aproximados son de 7 x 5.6 x 5.1 cm CC x T x AP.
Se aprecia un nódulo apical parasagital derecho de 1.5 x 1 x 0.7 cm de diámetros CC x T x AP sin claros signos de invasión extracapsular, marcadamente hipointenso en T2 y en T2 FAT-SAT y con restricción a la difusión en relación con nódulo sospechoso de malignidad en categoria Pirads 4-5.
También llama la atención la hipointensidad de señal mal definida a nivel de las zonas periféricas bibasales, no obstante sin morfología nodular, visualizadas solamente en T2 y de forma más moderada que el nódulo ya específicado sin clara restricción a la difusión, por lo que consideramos que es más probable que se trate de cambios degenerativos y no claramente afectación neoplásica. Se clasificarían como Pirads como mucho 3.

CONCLUSIÓN:
Gran adenoma prostático.
Nódulo Pirads 4-5 apical parasagital periférico derecho.
Alteración de señal bibasal periférica y de la base de las vesiculas seminales que podrían traducir cambios degenerativos se podría clasificar como Pirads como mucho 3. Valorar con controles evolutivos.

<LOC> ,  <FECHA> <FECHA> <FECHA> <FECHA> <FECHA>

Fdo:  <NAME> , <NAME> <NAME>
Médico Radiólogo. Colegiado Nº: <NUM>

",XNAT03_S03578,XNAT03_E05972
sub-007900,ses-008757,/mnt/ceib/datalake/FISABIO_datalake/prueba/p0052021_reborn/sub-007900/ses-008757/mim-mr/anat/sub-007900_ses-008757_acq-fse_run-10_bp-prostate_vp-ax_T2w.nii.gz,/mnt/ceib/datalake/FISABIO_datalake/prueba/p0052021_reborn/sub-007900/ses-008757/mim-mr/dwi/sub-007900_ses-008757_acq-bvalue_run-12_bp-prostate_vp-ax_dwi.nii.gz,/mnt/ceib/datalake/FISABIO_datalake/prueba/p0052021_reborn/sub-007900/ses-008757/mim-mr/dwi/sub-007900_ses-008757_acq-adc_run-1201_bp-prostate_vp-ax_dwi.nii.gz,19.0,70.0,11.0,,,16.84,103.95839999999998,5.0,1.0,1941-07-04,2011-12-31,val,False,,val,ses-008757,sub-007900,p0052021,,https://ceib.cipf.es/xnat2/data/projects/p0052021/experiments/XNAT03_E05972?format=html,19,70,11.0,,,16.84000000000000,103.9584,"[4, 5]",1,True,"

PACIENTE: <NAME>  <NAME> , <NAME>
PRESCRIPCION:  Dra.  <NAME> <NAME>, <NAME>

<LOC> , <FECHA> <FECHA> <FECHA> <FECHA> <FECHA>




RESONANCIA MAGNETICA DE PRÓSTATA:

JUICIO JUICIO
ADC de próstata gleson 4 + 3 en lóbulo derecho, alto riesgo.

TÉCNICA:
Se realizan cortes axiales, sagitales y coronales utilizando secuencias TSE-T1, TSE-T2 sin y con saturación de la grasa; incluyendo estudio de alta resolución. Se complementa el estudio con cortes dinámicos (axiales-SPIR) tras la administración de gadolinio intravenoso y tardíos T1 y T1-SPIR.

INFORME:
Próstata aumentada de tamaño de forma difusa, a expensas de la zona transicional sobre todo en la región central y basal que protruye de forma significativa sobre el suelo vesical en relación con adenoma prostático.  Los diámetros aproximados son de 7 x 5.6 x 5.1 cm CC x T x AP.
Se aprecia un nódulo apical parasagital derecho de 1.5 x 1 x 0.7 cm de diámetros CC x T x AP sin claros signos de invasión extracapsular, marcadamente hipointenso en T2 y en T2 FAT-SAT y con restricción a la difusión en relación con nódulo sospechoso de malignidad en categoria Pirads 4-5.
También llama la atención la hipointensidad de señal mal definida a nivel de las zonas periféricas bibasales, no obstante sin morfología nodular, visualizadas solamente en T2 y de forma más moderada que el nódulo ya específicado sin clara restricción a la difusión, por lo que consideramos que es más probable que se trate de cambios degenerativos y no claramente afectación neoplásica. Se clasificarían como Pirads como mucho 3.

CONCLUSIÓN:
Gran adenoma prostático.
Nódulo Pirads 4-5 apical parasagital periférico derecho.
Alteración de señal bibasal periférica y de la base de las vesiculas seminales que podrían traducir cambios degenerativos se podría clasificar como Pirads como mucho 3. Valorar con controles evolutivos.

<LOC> ,  <FECHA> <FECHA> <FECHA> <FECHA> <FECHA>

Fdo:  <NAME> , <NAME> <NAME>
Médico Radiólogo. Colegiado Nº: <NUM>

",XNAT03_S03578,XNAT03_E05972
sub-007148,ses-007833,/mnt/ceib/datalake/FISABIO_datalake/prueba/p0052021_reborn/sub-007148/ses-007833/mim-mr/anat/sub-007148_ses-007833_acq-fse_run-10_bp-prostate_vp-ax_T2w.nii.gz,/mnt/ceib/datalake/FISABIO_datalake/prueba/p0052021_reborn/sub-007148/ses-007833/mim-mr/dwi/sub-007148_ses-007833_acq-bvalue_run-11_bp-prostate_vp-ax_dwi.nii.gz,/mnt/ceib/datalake/FISABIO_datalake/prueba/p0052021_reborn/sub-007148/ses-007833/mim-mr/dwi/sub-007148_ses-007833_acq-adc_run-1300_bp-prostate_vp-ax_dwi.nii.gz,19.0,64.0,,,,5.62,,,1.0,1953-01-10,2017-03-30,val,False,,val,ses-007833,sub-007148,p0052021,,https://ceib.cipf.es/xnat2/data/projects/p0052021/experiments/XNAT03_E05454?format=html,19,64,,,,5.620000000000000,,,1,True,"

PACIENTE: <NAME> <NAME>, <NAME> <NAME>
PRESCRIPCION:  Dr.  <NAME> <NAME>, <NAME>

<LOC> , <FECHA> <FECHA> <FECHA> <FECHA> <FECHA>




RESONANCIA MAGNETICA DE PRÓSTATA:

JUICIO JUICIO
Elevación de PSA. Adenocarcinoma de próstata.

TÉCNICA:
Se realizan cortes axiales, sagitales y coronales utilizando secuencias TSE-T1, TSE-T2 sin y con saturación de la grasa; incluyendo estudio de alta resolución. Se complementa el estudio con cortes dinámicos (axiales-SPIR) tras la administración de gadolinio intravenoso y tardíos T1 y T1-SPIR. Se emplean técnicas de perfusión.

INFORME:
Imagen nodular en la zona periférica prostática derecha en el tercio medio de aproximadamente 1.2 x 1.3 x 1.3 cm AP x T x CC, con restricción a la difusión y con marcada captación en el estudio dinámico y en perfusión de predominio precoz con respecto al estudio de la glándula en relación con foco de neoplasia. Existe un borramiento de la cápsula prostática posterior con una mínima protrusión hacia la grasa periprostática menor de 2 mm en relación con infiltración extracapsular. Existe además un área de hipointensidad de señal en T2 de 1.9 cm de diámetro máximo localizada en la zona periférica prostática izquierda, no claramente nodular y peor definida que el lado contralateral que parece presentar una mínima hiperintensidad de señal en difusión con dudosa restricción en el mapa ADC y que en estudio dinámico presenta mayor captación que el resto de la glándula y menor que en nódulo ya mencionado no obstante en la secuencia de perfusión no presenta diferencias con el resto de la glándula por lo que consideramos improbable que se trate de otro foco, no obstante no es descartable del todo, a correlacionar con los resultados de la biopsia.
No se aprecian adenopatías sospechosas.
No hay filtración de las vesiculas seminales.

CONCLUSIÓN:
Neoplasia de próstata que se clasificaría por imagen como probable T3a. Dudosa afectación en el lóbulo prostático izquierdo improbable, a correlacionar con los resultados de la biopsia.

<LOC> ,  <FECHA> <FECHA> <FECHA> <FECHA> <FECHA>

Fdo:  <NAME> , <NAME> <NAME>
Médico Radiólogo. Colegiado Nº: <NUM>


",XNAT03_S03159,XNAT03_E05454
sub-007148,ses-007833,/mnt/ceib/datalake/FISABIO_datalake/prueba/p0052021_reborn/sub-007148/ses-007833/mim-mr/anat/sub-007148_ses-007833_acq-fse_run-7_bp-prostate_vp-ax_T2w.nii.gz,/mnt/ceib/datalake/FISABIO_datalake/prueba/p0052021_reborn/sub-007148/ses-007833/mim-mr/dwi/sub-007148_ses-007833_acq-bvalue_run-11_bp-prostate_vp-ax_dwi.nii.gz,/mnt/ceib/datalake/FISABIO_datalake/prueba/p0052021_reborn/sub-007148/ses-007833/mim-mr/dwi/sub-007148_ses-007833_acq-adc_run-1300_bp-prostate_vp-ax_dwi.nii.gz,19.0,64.0,,,,5.62,,,1.0,1953-01-10,2017-03-30,val,False,,val,ses-007833,sub-007148,p0052021,,https://ceib.cipf.es/xnat2/data/projects/p0052021/experiments/XNAT03_E05454?format=html,19,64,,,,5.620000000000000,,,1,True,"

PACIENTE: <NAME> <NAME>, <NAME> <NAME>
PRESCRIPCION:  Dr.  <NAME> <NAME>, <NAME>

<LOC> , <FECHA> <FECHA> <FECHA> <FECHA> <FECHA>




RESONANCIA MAGNETICA DE PRÓSTATA:

JUICIO JUICIO
Elevación de PSA. Adenocarcinoma de próstata.

TÉCNICA:
Se realizan cortes axiales, sagitales y coronales utilizando secuencias TSE-T1, TSE-T2 sin y con saturación de la grasa; incluyendo estudio de alta resolución. Se complementa el estudio con cortes dinámicos (axiales-SPIR) tras la administración de gadolinio intravenoso y tardíos T1 y T1-SPIR. Se emplean técnicas de perfusión.

INFORME:
Imagen nodular en la zona periférica prostática derecha en el tercio medio de aproximadamente 1.2 x 1.3 x 1.3 cm AP x T x CC, con restricción a la difusión y con marcada captación en el estudio dinámico y en perfusión de predominio precoz con respecto al estudio de la glándula en relación con foco de neoplasia. Existe un borramiento de la cápsula prostática posterior con una mínima protrusión hacia la grasa periprostática menor de 2 mm en relación con infiltración extracapsular. Existe además un área de hipointensidad de señal en T2 de 1.9 cm de diámetro máximo localizada en la zona periférica prostática izquierda, no claramente nodular y peor definida que el lado contralateral que parece presentar una mínima hiperintensidad de señal en difusión con dudosa restricción en el mapa ADC y que en estudio dinámico presenta mayor captación que el resto de la glándula y menor que en nódulo ya mencionado no obstante en la secuencia de perfusión no presenta diferencias con el resto de la glándula por lo que consideramos improbable que se trate de otro foco, no obstante no es descartable del todo, a correlacionar con los resultados de la biopsia.
No se aprecian adenopatías sospechosas.
No hay filtración de las vesiculas seminales.

CONCLUSIÓN:
Neoplasia de próstata que se clasificaría por imagen como probable T3a. Dudosa afectación en el lóbulo prostático izquierdo improbable, a correlacionar con los resultados de la biopsia.

<LOC> ,  <FECHA> <FECHA> <FECHA> <FECHA> <FECHA>

Fdo:  <NAME> , <NAME> <NAME>
Médico Radiólogo. Colegiado Nº: <NUM>


",XNAT03_S03159,XNAT03_E05454
sub-006679,ses-007281,/mnt/ceib/datalake/FISABIO_datalake/prueba/p0052021_reborn/sub-006679/ses-007281/mim-mr/anat/sub-006679_ses-007281_acq-fse_run-7_bp-prostate_vp-ax_T2w.nii.gz,/mnt/ceib/datalake/FISABIO_datalake/prueba/p0052021_reborn/sub-006679/ses-007281/mim-mr/dwi/sub-006679_ses-007281_acq-bvalue_run-8_bp-prostate_vp-ax_dwi.nii.gz,/mnt/ceib/datalake/FISABIO_datalake/prueba/p0052021_reborn/sub-006679/ses-007281/mim-mr/dwi/sub-006679_ses-007281_acq-adc_run-801_bp-prostate_vp-ax_dwi.nii.gz,21.0,72.0,,,,,,,1.0,1936-07-03,2008-12-09,val,False,,val,ses-007281,sub-006679,p0052021,,https://ceib.cipf.es/xnat2/data/projects/p0052021/experiments/XNAT03_E04944?format=html,21,72,,,,,,4,1,True,"
PACIENTE: <NAME> <NAME>, <NAME> <NAME>
PRESCRIPCION:  Dr.

<LOC> <LOC> , <FECHA> <FECHA> <FECHA> <FECHA> <FECHA>




RESONANCIA MAGNETICA DE PRÓSTATA:

JUICIO JUICIO
Adenocarcinoma de próstata. Estadiaje.

TÉCNICA:
Se realizan cortes axiales, sagitales y coronales utilizando secuencias TSE-T1, TSE-T2 sin y con saturación de la grasa; incluyendo estudio de alta resolución. Se complementa el estudio con cortes dinámicos (axiales-SPIR) tras la administración de gadolinio intravenoso y tardíos T1 y T1-SPIR.

INFORME:
Divertículos en sigma.
No se identifican adenopatías en las cadenas ganglionares visualizadas ni lesiones óseas sugestivas de metástasis.
Próstata heterogénea con aumento de su zona de transición destacando hiperintensidad en T1 sin contraste fundamentalmente en el lóbulo izquierdo en relación con cambios hemáticos postbiopsia, destacando hipointensidad en este y fundamentalmente de aspecto nodular en la vertiente posterior del lóbulo derecho, con realce tras la administración de contraste, que sinembargo no parece exceder de forma evidente la cápsula prostática, no mostrando afectación tumoral de las vesículas seminales ni de otros órganos visualizados con lo que estaríamos ante un estadío T2.
Hidrocele bilateral.

CONCLUSIÓN:
Estadiaje de Ca de próstata con afectación de ambos lóbulos periféricos, mayoritariamente el derecho en su vertiente posterior, siendo sugestivo de estadío T2, sin adenopatías ni metástasis óseas evidentes.

",XNAT03_S02734,XNAT03_E04944
sub-006679,ses-007281,/mnt/ceib/datalake/FISABIO_datalake/prueba/p0052021_reborn/sub-006679/ses-007281/mim-mr/anat/sub-006679_ses-007281_acq-fse_run-6_bp-prostate_vp-ax_T2w.nii.gz,/mnt/ceib/datalake/FISABIO_datalake/prueba/p0052021_reborn/sub-006679/ses-007281/mim-mr/dwi/sub-006679_ses-007281_acq-bvalue_run-8_bp-prostate_vp-ax_dwi.nii.gz,/mnt/ceib/datalake/FISABIO_datalake/prueba/p0052021_reborn/sub-006679/ses-007281/mim-mr/dwi/sub-006679_ses-007281_acq-adc_run-801_bp-prostate_vp-ax_dwi.nii.gz,21.0,72.0,,,,,,,1.0,1936-07-03,2008-12-09,val,False,,val,ses-007281,sub-006679,p0052021,,https://ceib.cipf.es/xnat2/data/projects/p0052021/experiments/XNAT03_E04944?format=html,21,72,,,,,,4,1,True,"
PACIENTE: <NAME> <NAME>, <NAME> <NAME>
PRESCRIPCION:  Dr.

<LOC> <LOC> , <FECHA> <FECHA> <FECHA> <FECHA> <FECHA>




RESONANCIA MAGNETICA DE PRÓSTATA:

JUICIO JUICIO
Adenocarcinoma de próstata. Estadiaje.

TÉCNICA:
Se realizan cortes axiales, sagitales y coronales utilizando secuencias TSE-T1, TSE-T2 sin y con saturación de la grasa; incluyendo estudio de alta resolución. Se complementa el estudio con cortes dinámicos (axiales-SPIR) tras la administración de gadolinio intravenoso y tardíos T1 y T1-SPIR.

INFORME:
Divertículos en sigma.
No se identifican adenopatías en las cadenas ganglionares visualizadas ni lesiones óseas sugestivas de metástasis.
Próstata heterogénea con aumento de su zona de transición destacando hiperintensidad en T1 sin contraste fundamentalmente en el lóbulo izquierdo en relación con cambios hemáticos postbiopsia, destacando hipointensidad en este y fundamentalmente de aspecto nodular en la vertiente posterior del lóbulo derecho, con realce tras la administración de contraste, que sinembargo no parece exceder de forma evidente la cápsula prostática, no mostrando afectación tumoral de las vesículas seminales ni de otros órganos visualizados con lo que estaríamos ante un estadío T2.
Hidrocele bilateral.

CONCLUSIÓN:
Estadiaje de Ca de próstata con afectación de ambos lóbulos periféricos, mayoritariamente el derecho en su vertiente posterior, siendo sugestivo de estadío T2, sin adenopatías ni metástasis óseas evidentes.

",XNAT03_S02734,XNAT03_E04944
sub-007294,ses-008011,/mnt/ceib/datalake/FISABIO_datalake/prueba/p0052021_reborn/sub-007294/ses-008011/mim-mr/anat/sub-007294_ses-008011_acq-fse_run-6_bp-prostate_vp-ax_T2w.nii.gz,/mnt/ceib/datalake/FISABIO_datalake/prueba/p0052021_reborn/sub-007294/ses-008011/mim-mr/dwi/sub-007294_ses-008011_acq-bvalue_run-7_bp-prostate_vp-ax_dwi.nii.gz,/mnt/ceib/datalake/FISABIO_datalake/prueba/p0052021_reborn/sub-007294/ses-008011/mim-mr/dwi/sub-007294_ses-008011_acq-adc_run-701_bp-prostate_vp-ax_dwi.nii.gz,21.0,68.0,,,,8.46,22.1312,5.0,1.0,1943-09-03,2011-12-07,val,False,,val,ses-008011,sub-007294,p0052021,,https://ceib.cipf.es/xnat2/data/projects/p0052021/experiments/XNAT03_E05817?format=html,21,68,,,,8.460000000000001,22.1312,"[4, 5]",1,True,"PACIENTE: <NAME> <NAME>, <NAME>
PRESCRIPCION:  Dr. <NAME> <NAME>, <NAME> <NAME>
<LOC> <LOC> , 8 de JUNIO de 2017

RESONANCIA MAGNETICA DE PRÓSTATA:

JUICIO JUICIO
4 Biopsia prostáticas negativas, foco glandular atípico. Sospecha neoplasia. Valorar área sospechosas / tumorales.

TÉCNICA:
Se realizan cortes axiales, sagitales y coronales utilizando secuencias TSE-T1, TSE-T2 sin y con saturación de la grasa; incluyendo estudio de alta resolución. Se complementa el estudio con cortes dinámicos (axiales-SPIR) tras la administración de gadolinio intravenoso y tardíos T1 y T1-SPIR.

INFORME:
Próstata ligeramente aumentada de tamaño, mide aproximadamente 3,8 x 2,8 x 4 cm (diámetros T x AP xCC). Es de intensidad de señal heterogénea con celdilla prostática, en probable relación con RTU previa. La zona periférica es de intensidad de señal ligeramente heterogénea, de iso a hiperintensa, sin objetivar claras imágenes nodulares sospechosas. En torno a la base-glándula media, a nivel de la zona transicional anterior-estroma anterior del lóbulo prostático derecho, se visualiza imagen hipointensa de morfología irregular y bordes mal definidos que mide aproximadamente 1,3 cm de diámetro mayor. Se corresponde con áreas de restricción de la difusión con valor de B 1500, así como con zonas con curvas de cinética de captación patológica. Borra parcialmente la hipointensidad de la muscular del cuello vesical, así como encontrarse en íntimo contacto con la uretra postática. No se aprecian signos de extensión extracapsular, infiltración de vesícula seminales o de estructuras vecinas. Hallazgos en relación con lesión PI-RADS 4-5.
No se visualizan adenopatías locorregionales o en cadenas ilíacas de tamaño o aspecto patológico. Adenopatía inginal izquierda ligeramente heterogénea, que condiciona restricción de la difusión. Podría ser de caracter reactivo inflamatorio, sin descartar infiltración secundaria.
Vejiga de lucha.
Diverticulosis en sigma.
Recto sin alteraciones.
No se visualiza líquido libre en pelvis.
Sin otros hallazgos significativos valorables mediante esta técnica.

CONCLUSIÓN:
Lesión PI-RADS 4-5 a nivel de la base-glándula media, en torno a la zona transicional anterior/estoma anterior de lóbulo prostático derecho, según las características descritas previamente.
Cambios post-RTU.
Vejiga de lucha.
Adenopatía inguinal izquierda ligeramente heterogénea, que podría ser reactiva sin descartar completamente infiltración secundaria.
Sin otros hallazgos significativos.

SAN <LOC> ,  <FECHA> <FECHA> <FECHA> <FECHA> <FECHA>

Fdo:  <NAME> <NAME>, <NAME> <NAME>
Médico Radiólogo. Colegiado Nº: <NUM>
",XNAT03_S03455,XNAT03_E05817
sub-007294,ses-008011,/mnt/ceib/datalake/FISABIO_datalake/prueba/p0052021_reborn/sub-007294/ses-008011/mim-mr/anat/sub-007294_ses-008011_acq-fse_run-8_bp-prostate_vp-ax_T2w.nii.gz,/mnt/ceib/datalake/FISABIO_datalake/prueba/p0052021_reborn/sub-007294/ses-008011/mim-mr/dwi/sub-007294_ses-008011_acq-bvalue_run-7_bp-prostate_vp-ax_dwi.nii.gz,/mnt/ceib/datalake/FISABIO_datalake/prueba/p0052021_reborn/sub-007294/ses-008011/mim-mr/dwi/sub-007294_ses-008011_acq-adc_run-701_bp-prostate_vp-ax_dwi.nii.gz,21.0,68.0,,,,8.46,22.1312,5.0,1.0,1943-09-03,2011-12-07,val,False,,val,ses-008011,sub-007294,p0052021,,https://ceib.cipf.es/xnat2/data/projects/p0052021/experiments/XNAT03_E05817?format=html,21,68,,,,8.460000000000001,22.1312,"[4, 5]",1,True,"PACIENTE: <NAME> <NAME>, <NAME>
PRESCRIPCION:  Dr. <NAME> <NAME>, <NAME> <NAME>
<LOC> <LOC> , 8 de JUNIO de 2017

RESONANCIA MAGNETICA DE PRÓSTATA:

JUICIO JUICIO
4 Biopsia prostáticas negativas, foco glandular atípico. Sospecha neoplasia. Valorar área sospechosas / tumorales.

TÉCNICA:
Se realizan cortes axiales, sagitales y coronales utilizando secuencias TSE-T1, TSE-T2 sin y con saturación de la grasa; incluyendo estudio de alta resolución. Se complementa el estudio con cortes dinámicos (axiales-SPIR) tras la administración de gadolinio intravenoso y tardíos T1 y T1-SPIR.

INFORME:
Próstata ligeramente aumentada de tamaño, mide aproximadamente 3,8 x 2,8 x 4 cm (diámetros T x AP xCC). Es de intensidad de señal heterogénea con celdilla prostática, en probable relación con RTU previa. La zona periférica es de intensidad de señal ligeramente heterogénea, de iso a hiperintensa, sin objetivar claras imágenes nodulares sospechosas. En torno a la base-glándula media, a nivel de la zona transicional anterior-estroma anterior del lóbulo prostático derecho, se visualiza imagen hipointensa de morfología irregular y bordes mal definidos que mide aproximadamente 1,3 cm de diámetro mayor. Se corresponde con áreas de restricción de la difusión con valor de B 1500, así como con zonas con curvas de cinética de captación patológica. Borra parcialmente la hipointensidad de la muscular del cuello vesical, así como encontrarse en íntimo contacto con la uretra postática. No se aprecian signos de extensión extracapsular, infiltración de vesícula seminales o de estructuras vecinas. Hallazgos en relación con lesión PI-RADS 4-5.
No se visualizan adenopatías locorregionales o en cadenas ilíacas de tamaño o aspecto patológico. Adenopatía inginal izquierda ligeramente heterogénea, que condiciona restricción de la difusión. Podría ser de caracter reactivo inflamatorio, sin descartar infiltración secundaria.
Vejiga de lucha.
Diverticulosis en sigma.
Recto sin alteraciones.
No se visualiza líquido libre en pelvis.
Sin otros hallazgos significativos valorables mediante esta técnica.

CONCLUSIÓN:
Lesión PI-RADS 4-5 a nivel de la base-glándula media, en torno a la zona transicional anterior/estoma anterior de lóbulo prostático derecho, según las características descritas previamente.
Cambios post-RTU.
Vejiga de lucha.
Adenopatía inguinal izquierda ligeramente heterogénea, que podría ser reactiva sin descartar completamente infiltración secundaria.
Sin otros hallazgos significativos.

SAN <LOC> ,  <FECHA> <FECHA> <FECHA> <FECHA> <FECHA>

Fdo:  <NAME> <NAME>, <NAME> <NAME>
Médico Radiólogo. Colegiado Nº: <NUM>
",XNAT03_S03455,XNAT03_E05817
sub-007214,ses-007910,/mnt/ceib/datalake/FISABIO_datalake/prueba/p0052021_reborn/sub-007214/ses-007910/mim-mr/anat/sub-007214_ses-007910_acq-fse_run-8_bp-prostate_vp-ax_T2w.nii.gz,/mnt/ceib/datalake/FISABIO_datalake/prueba/p0052021_reborn/sub-007214/ses-007910/mim-mr/dwi/sub-007214_ses-007910_acq-bvalue_run-6_bp-prostate_vp-ax_dwi.nii.gz,/mnt/ceib/datalake/FISABIO_datalake/prueba/p0052021_reborn/sub-007214/ses-007910/mim-mr/dwi/sub-007214_ses-007910_acq-adc_run-600_bp-prostate_vp-ax_dwi.nii.gz,21.0,75.0,,,,9.73,33.9456,,0.0,1935-10-12,2010-12-10,val,False,,val,ses-007910,sub-007214,p0052021,,https://ceib.cipf.es/xnat2/data/projects/p0052021/experiments/XNAT03_E05743?format=html,21,75,,,,9.730000000000000,33.9456,,1,True,"PACIENTE: <NAME> <NAME>, <NAME>
PRESCRIPCION:  Dr. <NAME> <NAME>, 								    <NAME> <NAME>

<LOC> <LOC> , <FECHA> <FECHA> <FECHA> <FECHA> <FECHA>


RESONANCIA MAGNETICA DE PRÓSTATA:

JUICIO JUICIO
Adenocarcinoma Gleason 3 + 3 en el lóbulo derecho.

TÉCNICA:
Se realizan cortes axiales, sagitales y coronales utilizando secuencias TSE-T1, TSE-T2 sin y con saturación de la grasa; incluyendo estudio de alta resolución. Se complementa el estudio con cortes dinámicos (axiales-SPIR) tras la administración de gadolinio intravenoso y tardíos T1 y T1-SPIR. Secuencia de difusión de 1500.

INFORME:
Próstata de aproximadamente 5,1 cm (T) x 4 cm (CC) x 3,2 cm (AP) con leve hipertrofia de la zona transicional.
Se aprecia una lesión nodular de morfología ovalada y relativamente bien delimitada de 1,7 cm de diámetro mayor localizada en la porción periférica del tercio medio del lóbulo prostático derecho, hipointensa en T2 con restricción en difusión y captación homogénea post-contraste, con hiposeñal en el mapa ADC, compatible con lesión PI-RADs 4.
No se aprecian lesiones sospechosas de malignidad en la porción periférica del lóbulo prostático izquierdo.
Los hallazgos sugieren afectación neoplásica en el lóbulo derecho en la porción periférica, que se clasificaría por RM como estadio T2b N0 Mx.
Extensa diverticulosis en el colon descendente y sigma.

CONCLUSIÓN:
Lesión PI-RADs 4 en el tercio medio de la porción periférica del lóbulo prostático derecho, que se clasificaría por RM como estadio T2b N0 Mx.




SAN <LOC> ,  <FECHA> <FECHA> <FECHA> <FECHA> <FECHA>

Fdo:  <NAME> , <NAME> <NAME>
Médico Radiólogo. Colegiado Nº: <NUM>

",XNAT03_S03398,XNAT03_E05743
sub-007214,ses-007910,/mnt/ceib/datalake/FISABIO_datalake/prueba/p0052021_reborn/sub-007214/ses-007910/mim-mr/anat/sub-007214_ses-007910_acq-fse_run-7_bp-prostate_vp-ax_T2w.nii.gz,/mnt/ceib/datalake/FISABIO_datalake/prueba/p0052021_reborn/sub-007214/ses-007910/mim-mr/dwi/sub-007214_ses-007910_acq-bvalue_run-6_bp-prostate_vp-ax_dwi.nii.gz,/mnt/ceib/datalake/FISABIO_datalake/prueba/p0052021_reborn/sub-007214/ses-007910/mim-mr/dwi/sub-007214_ses-007910_acq-adc_run-600_bp-prostate_vp-ax_dwi.nii.gz,21.0,75.0,,,,9.73,33.9456,,0.0,1935-10-12,2010-12-10,val,False,,val,ses-007910,sub-007214,p0052021,,https://ceib.cipf.es/xnat2/data/projects/p0052021/experiments/XNAT03_E05743?format=html,21,75,,,,9.730000000000000,33.9456,,1,True,"PACIENTE: <NAME> <NAME>, <NAME>
PRESCRIPCION:  Dr. <NAME> <NAME>, 								    <NAME> <NAME>

<LOC> <LOC> , <FECHA> <FECHA> <FECHA> <FECHA> <FECHA>


RESONANCIA MAGNETICA DE PRÓSTATA:

JUICIO JUICIO
Adenocarcinoma Gleason 3 + 3 en el lóbulo derecho.

TÉCNICA:
Se realizan cortes axiales, sagitales y coronales utilizando secuencias TSE-T1, TSE-T2 sin y con saturación de la grasa; incluyendo estudio de alta resolución. Se complementa el estudio con cortes dinámicos (axiales-SPIR) tras la administración de gadolinio intravenoso y tardíos T1 y T1-SPIR. Secuencia de difusión de 1500.

INFORME:
Próstata de aproximadamente 5,1 cm (T) x 4 cm (CC) x 3,2 cm (AP) con leve hipertrofia de la zona transicional.
Se aprecia una lesión nodular de morfología ovalada y relativamente bien delimitada de 1,7 cm de diámetro mayor localizada en la porción periférica del tercio medio del lóbulo prostático derecho, hipointensa en T2 con restricción en difusión y captación homogénea post-contraste, con hiposeñal en el mapa ADC, compatible con lesión PI-RADs 4.
No se aprecian lesiones sospechosas de malignidad en la porción periférica del lóbulo prostático izquierdo.
Los hallazgos sugieren afectación neoplásica en el lóbulo derecho en la porción periférica, que se clasificaría por RM como estadio T2b N0 Mx.
Extensa diverticulosis en el colon descendente y sigma.

CONCLUSIÓN:
Lesión PI-RADs 4 en el tercio medio de la porción periférica del lóbulo prostático derecho, que se clasificaría por RM como estadio T2b N0 Mx.




SAN <LOC> ,  <FECHA> <FECHA> <FECHA> <FECHA> <FECHA>

Fdo:  <NAME> , <NAME> <NAME>
Médico Radiólogo. Colegiado Nº: <NUM>

",XNAT03_S03398,XNAT03_E05743
sub-007536,ses-008303,/mnt/ceib/datalake/FISABIO_datalake/prueba/p0052021_reborn/sub-007536/ses-008303/mim-mr/anat/sub-007536_ses-008303_acq-fse_run-9_bp-prostate_vp-ax_T2w.nii.gz,/mnt/ceib/datalake/FISABIO_datalake/prueba/p0052021_reborn/sub-007536/ses-008303/mim-mr/dwi/sub-007536_ses-008303_acq-bvalue_run-11_bp-prostate_vp-ax_dwi.nii.gz,/mnt/ceib/datalake/FISABIO_datalake/prueba/p0052021_reborn/sub-007536/ses-008303/mim-mr/dwi/sub-007536_ses-008303_acq-adc_run-1101_bp-prostate_vp-ax_dwi.nii.gz,19.0,65.0,,,,14.06,,,1.0,1947-03-30,2012-11-21,val,False,,val,ses-008303,sub-007536,p0052021,,https://ceib.cipf.es/xnat2/data/projects/p0052021/experiments/XNAT03_E05865?format=html,19,65,,,,14.06000000000000,,,1,True,"



PACIENTE: <NAME> <NAME>, <NAME>
PRESCRIPCION:  Dra. <NAME> <NAME>.

<LOC> , 2 de NOVIEMBRE de 2018




RESONANCIA MAGNETICA DE PRÓSTATA:

JUICIO JUICIO
Adenocarcinoma de próstata de riesgo intermedio. Estudio de extensión.

TÉCNICA:
Se realizan cortes axiales, sagitales y coronales utilizando secuencias TSE-T1, TSE-T2 sin y con saturación de la grasa; incluyendo estudio de alta resolución. Se complementa el estudio con cortes dinámicos (axiales-SPIR) tras la administración de gadolinio intravenoso y tardíos T1 y T1-SPIR.

INFORME:
Se aprecia una lesión nodular heterogénea de contornos mal definidos a nivel basal en la zona periférica prostática derecha con restricción a la difusión, con un diámetro máximo de al menos 1.5 cm en cráneo-caudal con ligera hipercaptación en el estudio dinámico y que podría corresponder con la lesión neoplásica mencionada. Aunque la lesión contacta con el origen de las vesículas seminales no parece presentar clara infiltración. Existe una discreta protrusión hacia la grasa periprostática derecha con borramiento leve de la cápsula probablemente por mínima infiltración extracapsular.
No se aprecian otras captaciones captaciones de contraste u otros focos de restricción a la difusión o de hipointensidad de señal en T2.
No se aprecian adenopatías sospechosas de infiltración.
No hay lesiones óseas sospechosas de malignidad.
Los hallazgos se clasifican como neoplasia prostática que se clasifica por imagen como T3A N0.
Como hallazgo casual se aprecia  marcado hidrocele izquierdo.

CONCLUSIÓN:
Imagen sugestiva de neoplasia prostática en la zona periférica derecha basal que se clasificaría por imagen como T3A N0.
Hidrocele izquierdo.


<LOC> ,  8 de NOVIEMBRE de 2018

Fdo:  <NAME> , <NAME> <NAME>
Médico Radiólogo. Colegiado Nº: <NUM>

",XNAT03_S03495,XNAT03_E05865
sub-007536,ses-008303,/mnt/ceib/datalake/FISABIO_datalake/prueba/p0052021_reborn/sub-007536/ses-008303/mim-mr/anat/sub-007536_ses-008303_acq-fse_run-7_bp-prostate_vp-ax_T2w.nii.gz,/mnt/ceib/datalake/FISABIO_datalake/prueba/p0052021_reborn/sub-007536/ses-008303/mim-mr/dwi/sub-007536_ses-008303_acq-bvalue_run-11_bp-prostate_vp-ax_dwi.nii.gz,/mnt/ceib/datalake/FISABIO_datalake/prueba/p0052021_reborn/sub-007536/ses-008303/mim-mr/dwi/sub-007536_ses-008303_acq-adc_run-1101_bp-prostate_vp-ax_dwi.nii.gz,19.0,65.0,,,,14.06,,,1.0,1947-03-30,2012-11-21,val,False,,val,ses-008303,sub-007536,p0052021,,https://ceib.cipf.es/xnat2/data/projects/p0052021/experiments/XNAT03_E05865?format=html,19,65,,,,14.06000000000000,,,1,True,"



PACIENTE: <NAME> <NAME>, <NAME>
PRESCRIPCION:  Dra. <NAME> <NAME>.

<LOC> , 2 de NOVIEMBRE de 2018




RESONANCIA MAGNETICA DE PRÓSTATA:

JUICIO JUICIO
Adenocarcinoma de próstata de riesgo intermedio. Estudio de extensión.

TÉCNICA:
Se realizan cortes axiales, sagitales y coronales utilizando secuencias TSE-T1, TSE-T2 sin y con saturación de la grasa; incluyendo estudio de alta resolución. Se complementa el estudio con cortes dinámicos (axiales-SPIR) tras la administración de gadolinio intravenoso y tardíos T1 y T1-SPIR.

INFORME:
Se aprecia una lesión nodular heterogénea de contornos mal definidos a nivel basal en la zona periférica prostática derecha con restricción a la difusión, con un diámetro máximo de al menos 1.5 cm en cráneo-caudal con ligera hipercaptación en el estudio dinámico y que podría corresponder con la lesión neoplásica mencionada. Aunque la lesión contacta con el origen de las vesículas seminales no parece presentar clara infiltración. Existe una discreta protrusión hacia la grasa periprostática derecha con borramiento leve de la cápsula probablemente por mínima infiltración extracapsular.
No se aprecian otras captaciones captaciones de contraste u otros focos de restricción a la difusión o de hipointensidad de señal en T2.
No se aprecian adenopatías sospechosas de infiltración.
No hay lesiones óseas sospechosas de malignidad.
Los hallazgos se clasifican como neoplasia prostática que se clasifica por imagen como T3A N0.
Como hallazgo casual se aprecia  marcado hidrocele izquierdo.

CONCLUSIÓN:
Imagen sugestiva de neoplasia prostática en la zona periférica derecha basal que se clasificaría por imagen como T3A N0.
Hidrocele izquierdo.


<LOC> ,  8 de NOVIEMBRE de 2018

Fdo:  <NAME> , <NAME> <NAME>
Médico Radiólogo. Colegiado Nº: <NUM>

",XNAT03_S03495,XNAT03_E05865
sub-000283,ses-000285,/mnt/ceib/datalake/FISABIO_datalake/prueba/p0052021_reborn/sub-000283/ses-000285/mim-mr/anat/sub-000283_ses-000285_acq-fse_run-8_bp-prostate_vp-ax_T2w.nii.gz,/mnt/ceib/datalake/FISABIO_datalake/prueba/p0052021_reborn/sub-000283/ses-000285/mim-mr/dwi/sub-000283_ses-000285_acq-bvalue_run-6_bp-prostate_vp-ax_dwi.nii.gz,/mnt/ceib/datalake/FISABIO_datalake/prueba/p0052021_reborn/sub-000283/ses-000285/mim-mr/dwi/sub-000283_ses-000285_acq-adc_run-1201_bp-prostate_vp-ax_dwi.nii.gz,21.0,66.0,,,,,,,1.0,1936-12-24,2003-11-27,val,False,,val,ses-000285,sub-000283,p0052021,,https://ceib.cipf.es/xnat2/data/projects/p0052021/experiments/XNAT3_E92066?format=html,21,66,,,,,,,1,True,"







PACIENTE: <NAME> <NAME>, <NAME>
PRESCRIPCION:  Dr.

<LOC> <LOC> , <FECHA> <FECHA> <FECHA> <FECHA> <FECHA>



RESONANCIA MAGNETICA DE PRÓSTATA:

JUICIO JUICIO
CA de próstata. Estadiaje.

TÉCNICA:
Se realizan cortes axiales, sagitales y coronales utilizando secuencias TSE-T1, TSE-T2 sin y con saturación de la grasa; incluyendo estudio de alta resolución. Se complementa el estudio con cortes dinámicos (axiales-SPIR) tras la administración de gadolinio intravenoso y tardíos T1 y T1-SPIR.

INFORME:
Se aprecia una imagen pseudo-nodular hipointensa en el componente periférico del lóbulo prostático izquierdo, con aparente infiltración milimétrica de la grasa circundante a nivel posterolateral izquierdo, destacando un realce discretamente más precoz que el resto de aproximadamente similar al que se produce en algunas áreas de la heterogenea zona de transición, que se encuentra aumentada de tamaño e improntando en la vertiente inferior de la vejíga.
No se objetivan lesiones óseas sugestivas de metástasis ni adenopatías claramente patológicas.

CONCLUSIÓN:
Imagen sugestiva de infiltración tumoral en la zona periférica derecha de la próstata con probable infiltración de la grasa a nivel posterolateral izquierdo, que lo convertiría en un estadio T3.






<LOC> <LOC> , <FECHA> <FECHA> <FECHA> <FECHA> <FECHA>

Fdo:  <NAME> <NAME>, <NAME> <NAME>



",XNAT3_S37022,XNAT3_E92066
sub-000283,ses-000285,/mnt/ceib/datalake/FISABIO_datalake/prueba/p0052021_reborn/sub-000283/ses-000285/mim-mr/anat/sub-000283_ses-000285_acq-fse_run-7_bp-prostate_vp-ax_T2w.nii.gz,/mnt/ceib/datalake/FISABIO_datalake/prueba/p0052021_reborn/sub-000283/ses-000285/mim-mr/dwi/sub-000283_ses-000285_acq-bvalue_run-6_bp-prostate_vp-ax_dwi.nii.gz,/mnt/ceib/datalake/FISABIO_datalake/prueba/p0052021_reborn/sub-000283/ses-000285/mim-mr/dwi/sub-000283_ses-000285_acq-adc_run-1201_bp-prostate_vp-ax_dwi.nii.gz,21.0,66.0,,,,,,,1.0,1936-12-24,2003-11-27,val,False,,val,ses-000285,sub-000283,p0052021,,https://ceib.cipf.es/xnat2/data/projects/p0052021/experiments/XNAT3_E92066?format=html,21,66,,,,,,,1,True,"







PACIENTE: <NAME> <NAME>, <NAME>
PRESCRIPCION:  Dr.

<LOC> <LOC> , <FECHA> <FECHA> <FECHA> <FECHA> <FECHA>



RESONANCIA MAGNETICA DE PRÓSTATA:

JUICIO JUICIO
CA de próstata. Estadiaje.

TÉCNICA:
Se realizan cortes axiales, sagitales y coronales utilizando secuencias TSE-T1, TSE-T2 sin y con saturación de la grasa; incluyendo estudio de alta resolución. Se complementa el estudio con cortes dinámicos (axiales-SPIR) tras la administración de gadolinio intravenoso y tardíos T1 y T1-SPIR.

INFORME:
Se aprecia una imagen pseudo-nodular hipointensa en el componente periférico del lóbulo prostático izquierdo, con aparente infiltración milimétrica de la grasa circundante a nivel posterolateral izquierdo, destacando un realce discretamente más precoz que el resto de aproximadamente similar al que se produce en algunas áreas de la heterogenea zona de transición, que se encuentra aumentada de tamaño e improntando en la vertiente inferior de la vejíga.
No se objetivan lesiones óseas sugestivas de metástasis ni adenopatías claramente patológicas.

CONCLUSIÓN:
Imagen sugestiva de infiltración tumoral en la zona periférica derecha de la próstata con probable infiltración de la grasa a nivel posterolateral izquierdo, que lo convertiría en un estadio T3.






<LOC> <LOC> , <FECHA> <FECHA> <FECHA> <FECHA> <FECHA>

Fdo:  <NAME> <NAME>, <NAME> <NAME>



",XNAT3_S37022,XNAT3_E92066
sub-000283,ses-000285,/mnt/ceib/datalake/FISABIO_datalake/prueba/p0052021_reborn/sub-000283/ses-000285/mim-mr/anat/sub-000283_ses-000285_acq-fse_run-11_bp-prostate_vp-ax_T2w.nii.gz,/mnt/ceib/datalake/FISABIO_datalake/prueba/p0052021_reborn/sub-000283/ses-000285/mim-mr/dwi/sub-000283_ses-000285_acq-bvalue_run-6_bp-prostate_vp-ax_dwi.nii.gz,/mnt/ceib/datalake/FISABIO_datalake/prueba/p0052021_reborn/sub-000283/ses-000285/mim-mr/dwi/sub-000283_ses-000285_acq-adc_run-1201_bp-prostate_vp-ax_dwi.nii.gz,21.0,66.0,,,,,,,1.0,1936-12-24,2003-11-27,val,False,,val,ses-000285,sub-000283,p0052021,,https://ceib.cipf.es/xnat2/data/projects/p0052021/experiments/XNAT3_E92066?format=html,21,66,,,,,,,1,True,"







PACIENTE: <NAME> <NAME>, <NAME>
PRESCRIPCION:  Dr.

<LOC> <LOC> , <FECHA> <FECHA> <FECHA> <FECHA> <FECHA>



RESONANCIA MAGNETICA DE PRÓSTATA:

JUICIO JUICIO
CA de próstata. Estadiaje.

TÉCNICA:
Se realizan cortes axiales, sagitales y coronales utilizando secuencias TSE-T1, TSE-T2 sin y con saturación de la grasa; incluyendo estudio de alta resolución. Se complementa el estudio con cortes dinámicos (axiales-SPIR) tras la administración de gadolinio intravenoso y tardíos T1 y T1-SPIR.

INFORME:
Se aprecia una imagen pseudo-nodular hipointensa en el componente periférico del lóbulo prostático izquierdo, con aparente infiltración milimétrica de la grasa circundante a nivel posterolateral izquierdo, destacando un realce discretamente más precoz que el resto de aproximadamente similar al que se produce en algunas áreas de la heterogenea zona de transición, que se encuentra aumentada de tamaño e improntando en la vertiente inferior de la vejíga.
No se objetivan lesiones óseas sugestivas de metástasis ni adenopatías claramente patológicas.

CONCLUSIÓN:
Imagen sugestiva de infiltración tumoral en la zona periférica derecha de la próstata con probable infiltración de la grasa a nivel posterolateral izquierdo, que lo convertiría en un estadio T3.






<LOC> <LOC> , <FECHA> <FECHA> <FECHA> <FECHA> <FECHA>

Fdo:  <NAME> <NAME>, <NAME> <NAME>



",XNAT3_S37022,XNAT3_E92066
sub-007140,ses-007823,/mnt/ceib/datalake/FISABIO_datalake/prueba/p0052021_reborn/sub-007140/ses-007823/mim-mr/anat/sub-007140_ses-007823_acq-fse_run-7_bp-prostate_vp-ax_T2w.nii.gz,/mnt/ceib/datalake/FISABIO_datalake/prueba/p0052021_reborn/sub-007140/ses-007823/mim-mr/dwi/sub-007140_ses-007823_acq-bvalue_run-8_bp-prostate_vp-ax_dwi.nii.gz,/mnt/ceib/datalake/FISABIO_datalake/prueba/p0052021_reborn/sub-007140/ses-007823/mim-mr/dwi/sub-007140_ses-007823_acq-adc_run-800_bp-prostate_vp-ax_dwi.nii.gz,21.0,69.0,,,,7.76,,,1.0,1944-12-07,2014-04-03,val,False,,val,ses-007823,sub-007140,p0052021,,https://ceib.cipf.es/xnat2/data/projects/p0052021/experiments/XNAT03_E05897?format=html,21,69,,,,7.760000000000000,,,1,True,"PACIENTE: <NAME> <NAME>, <NAME>
PRESCRIPCION:  Dr.  <NAME> <NAME> <NAME>, 							  FRANCISCO

<LOC> <LOC> , 4 de MAYO de 2017


RESONANCIA MAGNETICA DE PRÓSTATA:

JUICIO JUICIO
Adenocarcinoma de próstata 3+3 en lóbulo izquierdo. Estadiaje.

TÉCNICA:
Se realizan cortes axiales, sagitales y coronales utilizando secuencias TSE-T1, TSE-T2 sin y con saturación de la grasa; incluyendo estudio de alta resolución. Se complementa el estudio con cortes dinámicos (axiales-SPIR) tras la administración de gadolinio intravenoso y tardíos T1 y T1-SPIR.

INFORME:
Abundantes restos hemáticos postpunción en la porción periférica del tercio medio de ambos lóbulos, que disminuyen la fiabilidad del estudio.
Lesión nodular altamente sugestiva de malignidad de unos 24 mm. (CC) x 23 mm.(T) hipointensa en T2, con intensa restricción en difusión e hiposeñal en el mapa ACD, mostrando captación moderada post-contraste localizada en la mitad izquierda de la zona transicional.
Foco milimétrico de restricción en  difusión con captación postcontraste en la mitad derecha de la zona transicional, que también podría estar relación con efectación neoplásica incipiente.
No se aprecian imágenes que sugieran extensión neoplásica transcapsular. Los hallazgos sugieren estadio T2 N0 MX.
Espóndilo-discopatía  degenerativa en columna lumbo-sacra con protrusión póstero-medial de base ancha L5-S1 y cambio MODIC.


CONCLUSIÓN:
Nódulos altamente sugestivos de malignidad en la zona transicional bilateral, de predominio izquierdo, el mayor de 24 mm. (CC) x 23 mm.(T). Hallazgos sugestivos de estadio T2 N0 MX.
Abundantes restos hemáticos en la zona periférica del tercio medio bilateral.



SAN <LOC> ,  <FECHA> <FECHA> <FECHA> <FECHA> <FECHA>

Fdo:  <NAME> , <NAME> <NAME>
Médico Radiólogo. Colegiado Nº: <NUM>


",XNAT03_S03519,XNAT03_E05897
sub-007140,ses-007823,/mnt/ceib/datalake/FISABIO_datalake/prueba/p0052021_reborn/sub-007140/ses-007823/mim-mr/anat/sub-007140_ses-007823_acq-fse_run-6_bp-prostate_vp-ax_T2w.nii.gz,/mnt/ceib/datalake/FISABIO_datalake/prueba/p0052021_reborn/sub-007140/ses-007823/mim-mr/dwi/sub-007140_ses-007823_acq-bvalue_run-8_bp-prostate_vp-ax_dwi.nii.gz,/mnt/ceib/datalake/FISABIO_datalake/prueba/p0052021_reborn/sub-007140/ses-007823/mim-mr/dwi/sub-007140_ses-007823_acq-adc_run-800_bp-prostate_vp-ax_dwi.nii.gz,21.0,69.0,,,,7.76,,,1.0,1944-12-07,2014-04-03,val,False,,val,ses-007823,sub-007140,p0052021,,https://ceib.cipf.es/xnat2/data/projects/p0052021/experiments/XNAT03_E05897?format=html,21,69,,,,7.760000000000000,,,1,True,"PACIENTE: <NAME> <NAME>, <NAME>
PRESCRIPCION:  Dr.  <NAME> <NAME> <NAME>, 							  FRANCISCO

<LOC> <LOC> , 4 de MAYO de 2017


RESONANCIA MAGNETICA DE PRÓSTATA:

JUICIO JUICIO
Adenocarcinoma de próstata 3+3 en lóbulo izquierdo. Estadiaje.

TÉCNICA:
Se realizan cortes axiales, sagitales y coronales utilizando secuencias TSE-T1, TSE-T2 sin y con saturación de la grasa; incluyendo estudio de alta resolución. Se complementa el estudio con cortes dinámicos (axiales-SPIR) tras la administración de gadolinio intravenoso y tardíos T1 y T1-SPIR.

INFORME:
Abundantes restos hemáticos postpunción en la porción periférica del tercio medio de ambos lóbulos, que disminuyen la fiabilidad del estudio.
Lesión nodular altamente sugestiva de malignidad de unos 24 mm. (CC) x 23 mm.(T) hipointensa en T2, con intensa restricción en difusión e hiposeñal en el mapa ACD, mostrando captación moderada post-contraste localizada en la mitad izquierda de la zona transicional.
Foco milimétrico de restricción en  difusión con captación postcontraste en la mitad derecha de la zona transicional, que también podría estar relación con efectación neoplásica incipiente.
No se aprecian imágenes que sugieran extensión neoplásica transcapsular. Los hallazgos sugieren estadio T2 N0 MX.
Espóndilo-discopatía  degenerativa en columna lumbo-sacra con protrusión póstero-medial de base ancha L5-S1 y cambio MODIC.


CONCLUSIÓN:
Nódulos altamente sugestivos de malignidad en la zona transicional bilateral, de predominio izquierdo, el mayor de 24 mm. (CC) x 23 mm.(T). Hallazgos sugestivos de estadio T2 N0 MX.
Abundantes restos hemáticos en la zona periférica del tercio medio bilateral.



SAN <LOC> ,  <FECHA> <FECHA> <FECHA> <FECHA> <FECHA>

Fdo:  <NAME> , <NAME> <NAME>
Médico Radiólogo. Colegiado Nº: <NUM>


",XNAT03_S03519,XNAT03_E05897
sub-007833,ses-008671,/mnt/ceib/datalake/FISABIO_datalake/prueba/p0052021_reborn/sub-007833/ses-008671/mim-mr/anat/sub-007833_ses-008671_acq-fse_run-6_bp-prostate_vp-ax_T2w.nii.gz,/mnt/ceib/datalake/FISABIO_datalake/prueba/p0052021_reborn/sub-007833/ses-008671/mim-mr/dwi/sub-007833_ses-008671_acq-bvalue_run-8_bp-prostate_vp-ax_dwi.nii.gz,/mnt/ceib/datalake/FISABIO_datalake/prueba/p0052021_reborn/sub-007833/ses-008671/mim-mr/dwi/sub-007833_ses-008671_acq-adc_run-800_bp-prostate_vp-ax_dwi.nii.gz,21.0,78.0,,,,28.7,,,1.0,1937-01-18,2015-10-16,val,False,,val,ses-008671,sub-007833,p0052021,,https://ceib.cipf.es/xnat2/data/projects/p0052021/experiments/XNAT03_E05949?format=html,21,78,,,,28.70000000000000,,,1,True,"JUICIO JUICIO   Adenocarcinoma de próstata Gleason 4 + 4 bilateral , valoración pelviana para descartar afectación extraglandular

TÉCNICA:
Se realizan cortes axiales, sagitales y coronales utilizando secuencias TSE-T1, TSE-T2 sin y con saturación de la grasa; incluyendo estudio de alta resolución. Se complementa el estudio con cortes dinámicos (axiales-SPIR) tras la administración de gadolinio intravenoso y tardíos T1 y T1-SPIR.

INFORME:

Próstata con  aumento moderado del volumen a expensas de la zona transicional que no muestra nódulos de aspecto sospechoso.
Extensa afectación de ambos lóbulos periféricos con lesiones en los segmentos posteriores de tercio medio y basal   del lóbulo periférico derecho con focos nodulares en segmento apical anterior.
El lóbulo periférico izquierdo también presenta una amplia afectación más parcheada con con áreas que afectan todo el segmento anterior apicales  y medio basales.
Dichas áreas muestran marcado signos de restricción de señal compatibles con el diagnóstico de adenocarcinoma.
Las lesiones en el lado derecho  prácticamente establecen contacto con la raízde la vesícula seminal pero el ángulo parece preservado y  no identifico signos valorables de infiltración de la misma. Los segmentos apicales izquierdos muestran un mínimo abombamiento capsular pero sin signos valorables de extensión extra capsular
Vesículas seminales y ángulo recto prostático preservados
Vejiga y recto sin alteraciones.
No se observan adenopatías, alteraciones de señal en los elementos óseos estudiados ni otros hallazgos reseñables en los cortes obtenidos.

CONCLUSIÓN:

Hallazgos compatibles con extensa afectación bilobar sin signos concluyentes de extensión extracapsular ni afectación locorregional
",XNAT03_S03559,XNAT03_E05949
sub-007833,ses-008671,/mnt/ceib/datalake/FISABIO_datalake/prueba/p0052021_reborn/sub-007833/ses-008671/mim-mr/anat/sub-007833_ses-008671_acq-fse_run-7_bp-prostate_vp-ax_T2w.nii.gz,/mnt/ceib/datalake/FISABIO_datalake/prueba/p0052021_reborn/sub-007833/ses-008671/mim-mr/dwi/sub-007833_ses-008671_acq-bvalue_run-8_bp-prostate_vp-ax_dwi.nii.gz,/mnt/ceib/datalake/FISABIO_datalake/prueba/p0052021_reborn/sub-007833/ses-008671/mim-mr/dwi/sub-007833_ses-008671_acq-adc_run-800_bp-prostate_vp-ax_dwi.nii.gz,21.0,78.0,,,,28.7,,,1.0,1937-01-18,2015-10-16,val,False,,val,ses-008671,sub-007833,p0052021,,https://ceib.cipf.es/xnat2/data/projects/p0052021/experiments/XNAT03_E05949?format=html,21,78,,,,28.70000000000000,,,1,True,"JUICIO JUICIO   Adenocarcinoma de próstata Gleason 4 + 4 bilateral , valoración pelviana para descartar afectación extraglandular

TÉCNICA:
Se realizan cortes axiales, sagitales y coronales utilizando secuencias TSE-T1, TSE-T2 sin y con saturación de la grasa; incluyendo estudio de alta resolución. Se complementa el estudio con cortes dinámicos (axiales-SPIR) tras la administración de gadolinio intravenoso y tardíos T1 y T1-SPIR.

INFORME:

Próstata con  aumento moderado del volumen a expensas de la zona transicional que no muestra nódulos de aspecto sospechoso.
Extensa afectación de ambos lóbulos periféricos con lesiones en los segmentos posteriores de tercio medio y basal   del lóbulo periférico derecho con focos nodulares en segmento apical anterior.
El lóbulo periférico izquierdo también presenta una amplia afectación más parcheada con con áreas que afectan todo el segmento anterior apicales  y medio basales.
Dichas áreas muestran marcado signos de restricción de señal compatibles con el diagnóstico de adenocarcinoma.
Las lesiones en el lado derecho  prácticamente establecen contacto con la raízde la vesícula seminal pero el ángulo parece preservado y  no identifico signos valorables de infiltración de la misma. Los segmentos apicales izquierdos muestran un mínimo abombamiento capsular pero sin signos valorables de extensión extra capsular
Vesículas seminales y ángulo recto prostático preservados
Vejiga y recto sin alteraciones.
No se observan adenopatías, alteraciones de señal en los elementos óseos estudiados ni otros hallazgos reseñables en los cortes obtenidos.

CONCLUSIÓN:

Hallazgos compatibles con extensa afectación bilobar sin signos concluyentes de extensión extracapsular ni afectación locorregional
",XNAT03_S03559,XNAT03_E05949
sub-006287,ses-006833,/mnt/ceib/datalake/FISABIO_datalake/prueba/p0052021_reborn/sub-006287/ses-006833/mim-mr/anat/sub-006287_ses-006833_acq-fse_run-6_bp-prostate_vp-ax_T2w.nii.gz,/mnt/ceib/datalake/FISABIO_datalake/prueba/p0052021_reborn/sub-006287/ses-006833/mim-mr/dwi/sub-006287_ses-006833_acq-bvalue_run-7_bp-prostate_vp-ax_dwi.nii.gz,/mnt/ceib/datalake/FISABIO_datalake/prueba/p0052021_reborn/sub-006287/ses-006833/mim-mr/dwi/sub-006287_ses-006833_acq-adc_run-701_bp-prostate_vp-ax_dwi.nii.gz,21.0,76.0,,,,11.2,3.016,,0.0,1943-02-28,2019-09-14,val,False,,val,ses-006833,sub-006287,p0052021,,https://ceib.cipf.es/xnat2/data/projects/p0052021/experiments/XNAT03_E06755?format=html,21,76,,,,11.20000000000000,3.016,,1,True,"
PACIENTE: <NAME> , <NAME> <NAME>
PRESCRIPCION:  Dra. <NAME>

<LOC> <LOC> , 3 de NOVIEMBRE de 2020


RESONANCIA MAGNETICA DE PRÓSTATA:

JUICIO JUICIO
Estudio de extensión en paciente con ADC de próstata.

TÉCNICA:
Se realizan cortes axiales, sagitales y coronales utilizando secuencias TSE-T1, TSE-T2 sin y con saturación de la grasa; incluyendo estudio de alta resolución. Se complementa el estudio con cortes dinámicos (axiales-SPIR) tras la administración de gadolinio intravenoso y tardíos T1 y T1-SPIR.

INFORME:
Próstata correctamente definida de aproximadamente 58 mm de diámetro mayor transverso. El parenquima prostático muestra una intensidad de señal principalmente hipointensa en T1. En T2, se observa un aumento del tamaño del lóbulo medio y formaciones pseudonodulares mal definidas, inespecíficas. En la parte derecha del lóbulo medio, la intensidad de la señal del parenquima es algo más hipointensa, teniendo un cierto reflejo en la difusión y observándose una pérdida de señal en el mapa ADC. Además, se observa una alteración focal de señal de 6 mm en el lóbulo izquierdo que tiene un cierto reflejo en la difusión y una marcada pérdida de señal en el mapa ADC. Tras la administración de gadolinio, esta alteración de señal izquierda capta contraste. El lóbulo medio muestra una captación inespecífica en su totalidad.
La cápsula prostática está íntegra.
Morfología normal de vesículas seminales.
Intensidad de señal normal de la grasa pélvica.
En la parte izquierda de la pelvis, se observa un ganglio linfático de 2 cm de diámetro mayor sin clara alteración de su morfología. El resto de los ganglios pélvicos identificados mantienen un tamaño y morfología normal.

CONCLUSIÓN:
Alteración de señal focalizada en el lóbulo izquierdo que podría tener relación con la neoplasia diagnosticada. Cambios de señal en la parte izquierda del lóbulo medio que es inespecífica. Puesto que existe diagnóstico de neoplasia, se trataría como máximo de un estadio T2 por resonancia. Adenomegalia pélvica inespecífica.


SAN BARTOLOME ,  4 de NOVIEMBRE de 2020

Fdo:  <NAME> <NAME>, <NAME>
Médico Radiólogo. Colegiado Nº: <NUM>

",XNAT03_S03890,XNAT03_E06755
sub-006287,ses-006833,/mnt/ceib/datalake/FISABIO_datalake/prueba/p0052021_reborn/sub-006287/ses-006833/mim-mr/anat/sub-006287_ses-006833_acq-fse_run-8_bp-prostate_vp-ax_T2w.nii.gz,/mnt/ceib/datalake/FISABIO_datalake/prueba/p0052021_reborn/sub-006287/ses-006833/mim-mr/dwi/sub-006287_ses-006833_acq-bvalue_run-7_bp-prostate_vp-ax_dwi.nii.gz,/mnt/ceib/datalake/FISABIO_datalake/prueba/p0052021_reborn/sub-006287/ses-006833/mim-mr/dwi/sub-006287_ses-006833_acq-adc_run-701_bp-prostate_vp-ax_dwi.nii.gz,21.0,76.0,,,,11.2,3.016,,0.0,1943-02-28,2019-09-14,val,False,,val,ses-006833,sub-006287,p0052021,,https://ceib.cipf.es/xnat2/data/projects/p0052021/experiments/XNAT03_E06755?format=html,21,76,,,,11.20000000000000,3.016,,1,True,"
PACIENTE: <NAME> , <NAME> <NAME>
PRESCRIPCION:  Dra. <NAME>

<LOC> <LOC> , 3 de NOVIEMBRE de 2020


RESONANCIA MAGNETICA DE PRÓSTATA:

JUICIO JUICIO
Estudio de extensión en paciente con ADC de próstata.

TÉCNICA:
Se realizan cortes axiales, sagitales y coronales utilizando secuencias TSE-T1, TSE-T2 sin y con saturación de la grasa; incluyendo estudio de alta resolución. Se complementa el estudio con cortes dinámicos (axiales-SPIR) tras la administración de gadolinio intravenoso y tardíos T1 y T1-SPIR.

INFORME:
Próstata correctamente definida de aproximadamente 58 mm de diámetro mayor transverso. El parenquima prostático muestra una intensidad de señal principalmente hipointensa en T1. En T2, se observa un aumento del tamaño del lóbulo medio y formaciones pseudonodulares mal definidas, inespecíficas. En la parte derecha del lóbulo medio, la intensidad de la señal del parenquima es algo más hipointensa, teniendo un cierto reflejo en la difusión y observándose una pérdida de señal en el mapa ADC. Además, se observa una alteración focal de señal de 6 mm en el lóbulo izquierdo que tiene un cierto reflejo en la difusión y una marcada pérdida de señal en el mapa ADC. Tras la administración de gadolinio, esta alteración de señal izquierda capta contraste. El lóbulo medio muestra una captación inespecífica en su totalidad.
La cápsula prostática está íntegra.
Morfología normal de vesículas seminales.
Intensidad de señal normal de la grasa pélvica.
En la parte izquierda de la pelvis, se observa un ganglio linfático de 2 cm de diámetro mayor sin clara alteración de su morfología. El resto de los ganglios pélvicos identificados mantienen un tamaño y morfología normal.

CONCLUSIÓN:
Alteración de señal focalizada en el lóbulo izquierdo que podría tener relación con la neoplasia diagnosticada. Cambios de señal en la parte izquierda del lóbulo medio que es inespecífica. Puesto que existe diagnóstico de neoplasia, se trataría como máximo de un estadio T2 por resonancia. Adenomegalia pélvica inespecífica.


SAN BARTOLOME ,  4 de NOVIEMBRE de 2020

Fdo:  <NAME> <NAME>, <NAME>
Médico Radiólogo. Colegiado Nº: <NUM>

",XNAT03_S03890,XNAT03_E06755
sub-007860,ses-008702,/mnt/ceib/datalake/FISABIO_datalake/prueba/p0052021_reborn/sub-007860/ses-008702/mim-mr/anat/sub-007860_ses-008702_acq-fse_run-8_bp-prostate_vp-ax_T2w.nii.gz,/mnt/ceib/datalake/FISABIO_datalake/prueba/p0052021_reborn/sub-007860/ses-008702/mim-mr/dwi/sub-007860_ses-008702_acq-bvalue_run-6_bp-prostate_vp-ax_dwi.nii.gz,/mnt/ceib/datalake/FISABIO_datalake/prueba/p0052021_reborn/sub-007860/ses-008702/mim-mr/dwi/sub-007860_ses-008702_acq-adc_run-601_bp-prostate_vp-ax_dwi.nii.gz,21.0,68.0,,,,4.18,,5.0,1.0,1949-08-12,2018-07-23,val,False,,val,ses-008702,sub-007860,p0052021,,https://ceib.cipf.es/xnat2/data/projects/p0052021/experiments/XNAT03_E06047?format=html,21,68,,,,4.180000000000000,,[5],1,True,"JUICIO JUICIO Valoración de paciente con adenocarcinoma de próstata Gleason 3 +3 . Aumento de la consistencia ligera en la glándula valoración de la afectación extra glandular


TÉCNICA:
Se realizan cortes axiales, sagitales y coronales utilizando secuencias TSE-T1, TSE-T2 sin y con saturación de la grasa; incluyendo estudio de alta resolución. Se complementa el estudio con cortes dinámicos (axiales-SPIR) tras la administración de gadolinio intravenoso y tardíos T1 y T1-SPIR.

INFORME:

Próstata de volumen conservado
Área nodular mal definida de baja señal localizada en los segmentos posteriores medios y apicales del lóbulo periférico izquierdo con marcados signos de restricción de señal compatible con el diagnóstico de adenocarcinoma.
La lesión mide aproximadamente 15 mm contacta con la capsula que se encuentra ligeramente desdibujada sugiriendo infiltración  y mínima afectación extracapsular.
El resto de los lóbulos y la zona transicional no muestran alteraciones destacables. La raíz es seminales están preservadas
Vejiga y recto sin alteraciones.
No se observan adenopatías, alteraciones de señal en los elementos óseos estudiados ni otros hallazgos reseñables en los cortes obtenidos.

CONCLUSIÓN:

Lesión PIRADS 5  en s.posteriores del lóbulo periférico izquierdo con  posible afectación mínima extra capsular
",XNAT03_S03635,XNAT03_E06047
sub-007860,ses-008702,/mnt/ceib/datalake/FISABIO_datalake/prueba/p0052021_reborn/sub-007860/ses-008702/mim-mr/anat/sub-007860_ses-008702_acq-fse_run-5_bp-prostate_vp-ax_T2w.nii.gz,/mnt/ceib/datalake/FISABIO_datalake/prueba/p0052021_reborn/sub-007860/ses-008702/mim-mr/dwi/sub-007860_ses-008702_acq-bvalue_run-6_bp-prostate_vp-ax_dwi.nii.gz,/mnt/ceib/datalake/FISABIO_datalake/prueba/p0052021_reborn/sub-007860/ses-008702/mim-mr/dwi/sub-007860_ses-008702_acq-adc_run-601_bp-prostate_vp-ax_dwi.nii.gz,21.0,68.0,,,,4.18,,5.0,1.0,1949-08-12,2018-07-23,val,False,,val,ses-008702,sub-007860,p0052021,,https://ceib.cipf.es/xnat2/data/projects/p0052021/experiments/XNAT03_E06047?format=html,21,68,,,,4.180000000000000,,[5],1,True,"JUICIO JUICIO Valoración de paciente con adenocarcinoma de próstata Gleason 3 +3 . Aumento de la consistencia ligera en la glándula valoración de la afectación extra glandular


TÉCNICA:
Se realizan cortes axiales, sagitales y coronales utilizando secuencias TSE-T1, TSE-T2 sin y con saturación de la grasa; incluyendo estudio de alta resolución. Se complementa el estudio con cortes dinámicos (axiales-SPIR) tras la administración de gadolinio intravenoso y tardíos T1 y T1-SPIR.

INFORME:

Próstata de volumen conservado
Área nodular mal definida de baja señal localizada en los segmentos posteriores medios y apicales del lóbulo periférico izquierdo con marcados signos de restricción de señal compatible con el diagnóstico de adenocarcinoma.
La lesión mide aproximadamente 15 mm contacta con la capsula que se encuentra ligeramente desdibujada sugiriendo infiltración  y mínima afectación extracapsular.
El resto de los lóbulos y la zona transicional no muestran alteraciones destacables. La raíz es seminales están preservadas
Vejiga y recto sin alteraciones.
No se observan adenopatías, alteraciones de señal en los elementos óseos estudiados ni otros hallazgos reseñables en los cortes obtenidos.

CONCLUSIÓN:

Lesión PIRADS 5  en s.posteriores del lóbulo periférico izquierdo con  posible afectación mínima extra capsular
",XNAT03_S03635,XNAT03_E06047
sub-007860,ses-008702,/mnt/ceib/datalake/FISABIO_datalake/prueba/p0052021_reborn/sub-007860/ses-008702/mim-mr/anat/sub-007860_ses-008702_acq-fse_run-7_bp-prostate_vp-ax_T2w.nii.gz,/mnt/ceib/datalake/FISABIO_datalake/prueba/p0052021_reborn/sub-007860/ses-008702/mim-mr/dwi/sub-007860_ses-008702_acq-bvalue_run-6_bp-prostate_vp-ax_dwi.nii.gz,/mnt/ceib/datalake/FISABIO_datalake/prueba/p0052021_reborn/sub-007860/ses-008702/mim-mr/dwi/sub-007860_ses-008702_acq-adc_run-601_bp-prostate_vp-ax_dwi.nii.gz,21.0,68.0,,,,4.18,,5.0,1.0,1949-08-12,2018-07-23,val,False,,val,ses-008702,sub-007860,p0052021,,https://ceib.cipf.es/xnat2/data/projects/p0052021/experiments/XNAT03_E06047?format=html,21,68,,,,4.180000000000000,,[5],1,True,"JUICIO JUICIO Valoración de paciente con adenocarcinoma de próstata Gleason 3 +3 . Aumento de la consistencia ligera en la glándula valoración de la afectación extra glandular


TÉCNICA:
Se realizan cortes axiales, sagitales y coronales utilizando secuencias TSE-T1, TSE-T2 sin y con saturación de la grasa; incluyendo estudio de alta resolución. Se complementa el estudio con cortes dinámicos (axiales-SPIR) tras la administración de gadolinio intravenoso y tardíos T1 y T1-SPIR.

INFORME:

Próstata de volumen conservado
Área nodular mal definida de baja señal localizada en los segmentos posteriores medios y apicales del lóbulo periférico izquierdo con marcados signos de restricción de señal compatible con el diagnóstico de adenocarcinoma.
La lesión mide aproximadamente 15 mm contacta con la capsula que se encuentra ligeramente desdibujada sugiriendo infiltración  y mínima afectación extracapsular.
El resto de los lóbulos y la zona transicional no muestran alteraciones destacables. La raíz es seminales están preservadas
Vejiga y recto sin alteraciones.
No se observan adenopatías, alteraciones de señal en los elementos óseos estudiados ni otros hallazgos reseñables en los cortes obtenidos.

CONCLUSIÓN:

Lesión PIRADS 5  en s.posteriores del lóbulo periférico izquierdo con  posible afectación mínima extra capsular
",XNAT03_S03635,XNAT03_E06047
sub-007151,ses-007836,/mnt/ceib/datalake/FISABIO_datalake/prueba/p0052021_reborn/sub-007151/ses-007836/mim-mr/anat/sub-007151_ses-007836_acq-fse_run-8_bp-prostate_vp-ax_T2w.nii.gz,/mnt/ceib/datalake/FISABIO_datalake/prueba/p0052021_reborn/sub-007151/ses-007836/mim-mr/dwi/sub-007151_ses-007836_acq-bvalue_run-7_bp-prostate_vp-ax_dwi.nii.gz,/mnt/ceib/datalake/FISABIO_datalake/prueba/p0052021_reborn/sub-007151/ses-007836/mim-mr/dwi/sub-007151_ses-007836_acq-adc_run-701_bp-prostate_vp-ax_dwi.nii.gz,21.0,68.0,,,,5.19,27.955200000000005,,1.0,1943-07-28,2012-01-12,val,False,,val,ses-007836,sub-007151,p0052021,,https://ceib.cipf.es/xnat2/data/projects/p0052021/experiments/XNAT03_E05173?format=html,21,68,,,,5.190000000000000,27.9552,5,1,True,"
PACIENTE: <NAME> <NAME>, <NAME>
PRESCRIPCION:  Dr. <NAME> <NAME> <NAME>, 								FRANCISCO

<LOC> <LOC> , <FECHA> <FECHA> <FECHA> <FECHA> <FECHA>

RESONANCIA MAGNETICA DE PRÓSTATA:

JUICIO JUICIO
PSA Elevado, biopsia prostática con adenocarcinoma Glison 3+4.

TÉCNICA:
Se realizan cortes axiales, sagitales y coronales utilizando secuencias TSE-T1, TSE-T2 sin y con saturación de la grasa; incluyendo estudio de alta resolución. Se complementa el estudio con cortes dinámicos (axiales-SPIR) tras la administración de gadolinio intravenoso y tardíos T1 y T1-SPIR.

INFORME:
Glándula prostática ligeremente aumentada de tamaño, mide aproximadamente 4,2 x 3,2 x 4 cm (diámetros T x AP x CC). Es de intensidad de señal heterogénea con hipointensidad difusa de la zona periférica así como ligera entorno a la zona transicional, a correlacionar con antecedentes (quirúrgicos, prostatitis previa, etc.). Entorno a la zona transicional posterior del lóbulo prostático izquierdo, y en la base de la glándula se visualiza imagen de morfología ligeramente triangular que mide aproximadamene 0,5 cm de diámetro mayor. Se corresponde con área de restricción de la difusión en secuencias con valor de B 1500. No presenta curva de cinética de captación alteradas. No se aprecia extensión al lóbulo contralateral, afectación de la uretra prostática, vesículas seminales o cuello vesical. Hallazgos en probable relación con lesión PI-RADS 5.
Vejiga de pared trabecular, con algún divertículo que sugiere vejiga de lucha. Por la morfología de la misma no se descarta completamente componente de vejiga neurogénica. A correlacionar con clínica, exploración física mediante técnicas complementarias si procede.
Recto sin alteraciones.
No se visualizan adenopatías locorregionales, en cadenas ilíacas o inguinales de tamaño o aspecto patológico.
No se aprecia líquido libre en pelvis.
Resto de estructura valorables mediante esta técnica, sin alteraciones significativas.

CONCLUSIÓN:
Lesión PI-RADS 5 entorno a la zona transicional posterior de la base de la glándula en el lóbulo prostático izquierdo, según las características descritas en el informe.
Vejiga de lucha. Por la morfología de la misma, no se descarta componente de gen neurogénica. A correlacionar con clínica, antecedentes y técnicas complementarias si procede.
Sin otros hallazgos significativos.

SAN <LOC> ,  <FECHA> <FECHA> <FECHA> <FECHA> <FECHA>

Fdo:  <NAME> <NAME>, <NAME> <NAME>
Médico Radiólogo. Colegiado Nº: <NUM>

",XNAT03_S02920,XNAT03_E05173
sub-007151,ses-007836,/mnt/ceib/datalake/FISABIO_datalake/prueba/p0052021_reborn/sub-007151/ses-007836/mim-mr/anat/sub-007151_ses-007836_acq-fse_run-6_bp-prostate_vp-ax_T2w.nii.gz,/mnt/ceib/datalake/FISABIO_datalake/prueba/p0052021_reborn/sub-007151/ses-007836/mim-mr/dwi/sub-007151_ses-007836_acq-bvalue_run-7_bp-prostate_vp-ax_dwi.nii.gz,/mnt/ceib/datalake/FISABIO_datalake/prueba/p0052021_reborn/sub-007151/ses-007836/mim-mr/dwi/sub-007151_ses-007836_acq-adc_run-701_bp-prostate_vp-ax_dwi.nii.gz,21.0,68.0,,,,5.19,27.955200000000005,,1.0,1943-07-28,2012-01-12,val,False,,val,ses-007836,sub-007151,p0052021,,https://ceib.cipf.es/xnat2/data/projects/p0052021/experiments/XNAT03_E05173?format=html,21,68,,,,5.190000000000000,27.9552,5,1,True,"
PACIENTE: <NAME> <NAME>, <NAME>
PRESCRIPCION:  Dr. <NAME> <NAME> <NAME>, 								FRANCISCO

<LOC> <LOC> , <FECHA> <FECHA> <FECHA> <FECHA> <FECHA>

RESONANCIA MAGNETICA DE PRÓSTATA:

JUICIO JUICIO
PSA Elevado, biopsia prostática con adenocarcinoma Glison 3+4.

TÉCNICA:
Se realizan cortes axiales, sagitales y coronales utilizando secuencias TSE-T1, TSE-T2 sin y con saturación de la grasa; incluyendo estudio de alta resolución. Se complementa el estudio con cortes dinámicos (axiales-SPIR) tras la administración de gadolinio intravenoso y tardíos T1 y T1-SPIR.

INFORME:
Glándula prostática ligeremente aumentada de tamaño, mide aproximadamente 4,2 x 3,2 x 4 cm (diámetros T x AP x CC). Es de intensidad de señal heterogénea con hipointensidad difusa de la zona periférica así como ligera entorno a la zona transicional, a correlacionar con antecedentes (quirúrgicos, prostatitis previa, etc.). Entorno a la zona transicional posterior del lóbulo prostático izquierdo, y en la base de la glándula se visualiza imagen de morfología ligeramente triangular que mide aproximadamene 0,5 cm de diámetro mayor. Se corresponde con área de restricción de la difusión en secuencias con valor de B 1500. No presenta curva de cinética de captación alteradas. No se aprecia extensión al lóbulo contralateral, afectación de la uretra prostática, vesículas seminales o cuello vesical. Hallazgos en probable relación con lesión PI-RADS 5.
Vejiga de pared trabecular, con algún divertículo que sugiere vejiga de lucha. Por la morfología de la misma no se descarta completamente componente de vejiga neurogénica. A correlacionar con clínica, exploración física mediante técnicas complementarias si procede.
Recto sin alteraciones.
No se visualizan adenopatías locorregionales, en cadenas ilíacas o inguinales de tamaño o aspecto patológico.
No se aprecia líquido libre en pelvis.
Resto de estructura valorables mediante esta técnica, sin alteraciones significativas.

CONCLUSIÓN:
Lesión PI-RADS 5 entorno a la zona transicional posterior de la base de la glándula en el lóbulo prostático izquierdo, según las características descritas en el informe.
Vejiga de lucha. Por la morfología de la misma, no se descarta componente de gen neurogénica. A correlacionar con clínica, antecedentes y técnicas complementarias si procede.
Sin otros hallazgos significativos.

SAN <LOC> ,  <FECHA> <FECHA> <FECHA> <FECHA> <FECHA>

Fdo:  <NAME> <NAME>, <NAME> <NAME>
Médico Radiólogo. Colegiado Nº: <NUM>

",XNAT03_S02920,XNAT03_E05173
sub-007172,ses-007858,/mnt/ceib/datalake/FISABIO_datalake/prueba/p0052021_reborn/sub-007172/ses-007858/mim-mr/anat/sub-007172_ses-007858_acq-fse_run-9_bp-prostate_vp-ax_T2w.nii.gz,/mnt/ceib/datalake/FISABIO_datalake/prueba/p0052021_reborn/sub-007172/ses-007858/mim-mr/dwi/sub-007172_ses-007858_acq-bvalue_run-8_bp-prostate_vp-ax_dwi.nii.gz,/mnt/ceib/datalake/FISABIO_datalake/prueba/p0052021_reborn/sub-007172/ses-007858/mim-mr/dwi/sub-007172_ses-007858_acq-adc_run-800_bp-prostate_vp-ax_dwi.nii.gz,21.0,63.0,,,,13.1,51.324000000000005,5.0,0.0,1949-01-24,2012-03-21,val,False,,val,ses-007858,sub-007172,p0052021,,https://ceib.cipf.es/xnat2/data/projects/p0052021/experiments/XNAT03_E05861?format=html,21,63,,,,13.10000000000000,51.32400000000001,"[5, 5, 4]",1,True,"
PACIENTE: <NAME>  <NAME>, <NAME>
PRESCRIPCION:  Dr. <NAME> <NAME>, <NAME> <NAME>
<LOC> <LOC> , <FECHA> <FECHA> <FECHA> <FECHA> <FECHA>

RESONANCIA MAGNETICA DE PRÓSTATA:

JUICIO JUICIO
Adenocarcinoma de próstata lóbulo derecho Gleason 3+3 lóbulo izquierdo Gleason  3+4.

TÉCNICA:
Se realizan cortes axiales, sagitales y coronales utilizando secuencias TSE-T1, TSE-T2 sin y con saturación de la grasa; incluyendo estudio de alta resolución. Se complementa el estudio con cortes dinámicos (axiales-SPIR) tras la administración de gadolinio intravenoso y tardíos T1 y T1-SPIR.

INFORME:
Glándula prostática aumentada de tamaño, mide aproximadamente 6 x 3,5 x 4,7 cm (diámetros T x AP x CC). Es de intensidad de señal heterogénea, con algunas áreas hiperintensas entorno a la zona transicional que sugieren adenomas en relación con hiperplasia benigna de próstata. En secuencias T1, tras administración de gadolíneo, se visualiza alguna hiperintensidad probablemente secundaria a sangrado post-biopsia. En torno a la glándula media, y la zona transicional anterior, posterior y periférica posterolateral, se visualiza imagen hipointensa de bordes mal definidos que mide aproximadamente 2 cm. de diámetro mayor. Se corresponde con áreas de restricción de la difusión con valor de 1500. No presenta signos de extensión extracapsular, invasión de uretra prostática, cuello vesical o vesícula seminales.
Se aprecia hipointensidad en morfología de cuña afectando a la zona periférica del lóbulo prostático derecho, en torno a la base y glándula media. No condiciona restricción de la difusión significativa y presenta realce tras administración de gadolíneo. No se aprecian signos de extensión extracapsular o invasión  estructural de sinas.
Hallazgos en relación con lesiones BI-RADS 5 en lóbulo prostático derecho y  4 en la zona periférica del lóbulo prostático izquierdo.
Trabeculación y engrosamiento difuso en la pared vesical, en probable relación vejiga de lucha.
Recto sin alteraciones.
No se visualizan adenopatías en cadenas ilíacas o inguinales de tamaño o aspecto patológico.
Sin otros hallazgos significativos.

CONCLUSIÓN:
Lesiones BI-RADS 5 y 4 en lóbulo prostático derecho e izquierdo respectivamente, según las características descritas en el informe. No presentan signos de extension extracapsular o invasión a estructruras de sinas.
Vejiga de lucha.
Incidentalmente se aprecia testículo izquierdo en el aspecto distal del canal inguinal. A correlacionar con exploración física, clínica.
Sin otros hallazgos significativos.
SAN BARTOLOME ,  4 de MAYO de 2017
Fdo:  <NAME> <NAME>, <NAME> <NAME>
Médico Radiólogo. Colegiado Nº: <NUM>


",XNAT03_S03491,XNAT03_E05861
sub-007172,ses-007858,/mnt/ceib/datalake/FISABIO_datalake/prueba/p0052021_reborn/sub-007172/ses-007858/mim-mr/anat/sub-007172_ses-007858_acq-fse_run-10_bp-prostate_vp-ax_T2w.nii.gz,/mnt/ceib/datalake/FISABIO_datalake/prueba/p0052021_reborn/sub-007172/ses-007858/mim-mr/dwi/sub-007172_ses-007858_acq-bvalue_run-8_bp-prostate_vp-ax_dwi.nii.gz,/mnt/ceib/datalake/FISABIO_datalake/prueba/p0052021_reborn/sub-007172/ses-007858/mim-mr/dwi/sub-007172_ses-007858_acq-adc_run-800_bp-prostate_vp-ax_dwi.nii.gz,21.0,63.0,,,,13.1,51.324000000000005,5.0,0.0,1949-01-24,2012-03-21,val,False,,val,ses-007858,sub-007172,p0052021,,https://ceib.cipf.es/xnat2/data/projects/p0052021/experiments/XNAT03_E05861?format=html,21,63,,,,13.10000000000000,51.32400000000001,"[5, 5, 4]",1,True,"
PACIENTE: <NAME>  <NAME>, <NAME>
PRESCRIPCION:  Dr. <NAME> <NAME>, <NAME> <NAME>
<LOC> <LOC> , <FECHA> <FECHA> <FECHA> <FECHA> <FECHA>

RESONANCIA MAGNETICA DE PRÓSTATA:

JUICIO JUICIO
Adenocarcinoma de próstata lóbulo derecho Gleason 3+3 lóbulo izquierdo Gleason  3+4.

TÉCNICA:
Se realizan cortes axiales, sagitales y coronales utilizando secuencias TSE-T1, TSE-T2 sin y con saturación de la grasa; incluyendo estudio de alta resolución. Se complementa el estudio con cortes dinámicos (axiales-SPIR) tras la administración de gadolinio intravenoso y tardíos T1 y T1-SPIR.

INFORME:
Glándula prostática aumentada de tamaño, mide aproximadamente 6 x 3,5 x 4,7 cm (diámetros T x AP x CC). Es de intensidad de señal heterogénea, con algunas áreas hiperintensas entorno a la zona transicional que sugieren adenomas en relación con hiperplasia benigna de próstata. En secuencias T1, tras administración de gadolíneo, se visualiza alguna hiperintensidad probablemente secundaria a sangrado post-biopsia. En torno a la glándula media, y la zona transicional anterior, posterior y periférica posterolateral, se visualiza imagen hipointensa de bordes mal definidos que mide aproximadamente 2 cm. de diámetro mayor. Se corresponde con áreas de restricción de la difusión con valor de 1500. No presenta signos de extensión extracapsular, invasión de uretra prostática, cuello vesical o vesícula seminales.
Se aprecia hipointensidad en morfología de cuña afectando a la zona periférica del lóbulo prostático derecho, en torno a la base y glándula media. No condiciona restricción de la difusión significativa y presenta realce tras administración de gadolíneo. No se aprecian signos de extensión extracapsular o invasión  estructural de sinas.
Hallazgos en relación con lesiones BI-RADS 5 en lóbulo prostático derecho y  4 en la zona periférica del lóbulo prostático izquierdo.
Trabeculación y engrosamiento difuso en la pared vesical, en probable relación vejiga de lucha.
Recto sin alteraciones.
No se visualizan adenopatías en cadenas ilíacas o inguinales de tamaño o aspecto patológico.
Sin otros hallazgos significativos.

CONCLUSIÓN:
Lesiones BI-RADS 5 y 4 en lóbulo prostático derecho e izquierdo respectivamente, según las características descritas en el informe. No presentan signos de extension extracapsular o invasión a estructruras de sinas.
Vejiga de lucha.
Incidentalmente se aprecia testículo izquierdo en el aspecto distal del canal inguinal. A correlacionar con exploración física, clínica.
Sin otros hallazgos significativos.
SAN BARTOLOME ,  4 de MAYO de 2017
Fdo:  <NAME> <NAME>, <NAME> <NAME>
Médico Radiólogo. Colegiado Nº: <NUM>


",XNAT03_S03491,XNAT03_E05861
sub-007172,ses-007858,/mnt/ceib/datalake/FISABIO_datalake/prueba/p0052021_reborn/sub-007172/ses-007858/mim-mr/anat/sub-007172_ses-007858_acq-fse_run-7_bp-prostate_vp-ax_T2w.nii.gz,/mnt/ceib/datalake/FISABIO_datalake/prueba/p0052021_reborn/sub-007172/ses-007858/mim-mr/dwi/sub-007172_ses-007858_acq-bvalue_run-8_bp-prostate_vp-ax_dwi.nii.gz,/mnt/ceib/datalake/FISABIO_datalake/prueba/p0052021_reborn/sub-007172/ses-007858/mim-mr/dwi/sub-007172_ses-007858_acq-adc_run-800_bp-prostate_vp-ax_dwi.nii.gz,21.0,63.0,,,,13.1,51.324000000000005,5.0,0.0,1949-01-24,2012-03-21,val,False,,val,ses-007858,sub-007172,p0052021,,https://ceib.cipf.es/xnat2/data/projects/p0052021/experiments/XNAT03_E05861?format=html,21,63,,,,13.10000000000000,51.32400000000001,"[5, 5, 4]",1,True,"
PACIENTE: <NAME>  <NAME>, <NAME>
PRESCRIPCION:  Dr. <NAME> <NAME>, <NAME> <NAME>
<LOC> <LOC> , <FECHA> <FECHA> <FECHA> <FECHA> <FECHA>

RESONANCIA MAGNETICA DE PRÓSTATA:

JUICIO JUICIO
Adenocarcinoma de próstata lóbulo derecho Gleason 3+3 lóbulo izquierdo Gleason  3+4.

TÉCNICA:
Se realizan cortes axiales, sagitales y coronales utilizando secuencias TSE-T1, TSE-T2 sin y con saturación de la grasa; incluyendo estudio de alta resolución. Se complementa el estudio con cortes dinámicos (axiales-SPIR) tras la administración de gadolinio intravenoso y tardíos T1 y T1-SPIR.

INFORME:
Glándula prostática aumentada de tamaño, mide aproximadamente 6 x 3,5 x 4,7 cm (diámetros T x AP x CC). Es de intensidad de señal heterogénea, con algunas áreas hiperintensas entorno a la zona transicional que sugieren adenomas en relación con hiperplasia benigna de próstata. En secuencias T1, tras administración de gadolíneo, se visualiza alguna hiperintensidad probablemente secundaria a sangrado post-biopsia. En torno a la glándula media, y la zona transicional anterior, posterior y periférica posterolateral, se visualiza imagen hipointensa de bordes mal definidos que mide aproximadamente 2 cm. de diámetro mayor. Se corresponde con áreas de restricción de la difusión con valor de 1500. No presenta signos de extensión extracapsular, invasión de uretra prostática, cuello vesical o vesícula seminales.
Se aprecia hipointensidad en morfología de cuña afectando a la zona periférica del lóbulo prostático derecho, en torno a la base y glándula media. No condiciona restricción de la difusión significativa y presenta realce tras administración de gadolíneo. No se aprecian signos de extensión extracapsular o invasión  estructural de sinas.
Hallazgos en relación con lesiones BI-RADS 5 en lóbulo prostático derecho y  4 en la zona periférica del lóbulo prostático izquierdo.
Trabeculación y engrosamiento difuso en la pared vesical, en probable relación vejiga de lucha.
Recto sin alteraciones.
No se visualizan adenopatías en cadenas ilíacas o inguinales de tamaño o aspecto patológico.
Sin otros hallazgos significativos.

CONCLUSIÓN:
Lesiones BI-RADS 5 y 4 en lóbulo prostático derecho e izquierdo respectivamente, según las características descritas en el informe. No presentan signos de extension extracapsular o invasión a estructruras de sinas.
Vejiga de lucha.
Incidentalmente se aprecia testículo izquierdo en el aspecto distal del canal inguinal. A correlacionar con exploración física, clínica.
Sin otros hallazgos significativos.
SAN BARTOLOME ,  4 de MAYO de 2017
Fdo:  <NAME> <NAME>, <NAME> <NAME>
Médico Radiólogo. Colegiado Nº: <NUM>


",XNAT03_S03491,XNAT03_E05861
sub-007819,ses-008649,/mnt/ceib/datalake/FISABIO_datalake/prueba/p0052021_reborn/sub-007819/ses-008649/mim-mr/anat/sub-007819_ses-008649_acq-fse_run-8_bp-prostate_vp-ax_T2w.nii.gz,/mnt/ceib/datalake/FISABIO_datalake/prueba/p0052021_reborn/sub-007819/ses-008649/mim-mr/dwi/sub-007819_ses-008649_acq-bvalue_run-7_bp-prostate_vp-ax_dwi.nii.gz,/mnt/ceib/datalake/FISABIO_datalake/prueba/p0052021_reborn/sub-007819/ses-008649/mim-mr/dwi/sub-007819_ses-008649_acq-adc_run-700_bp-prostate_vp-ax_dwi.nii.gz,21.0,69.0,,,,5.06,2.756,,1.0,1945-01-18,2014-12-18,val,False,,val,ses-008649,sub-007819,p0052021,,https://ceib.cipf.es/xnat2/data/projects/p0052021/experiments/XNAT03_E06476?format=html,21,69,,,,5.060000000000000,2.756,,1,True,"





PACIENTE: <NAME> <NAME>, <NAME>
PRESCRIPCION:  Dr.  <NAME> <NAME>

<LOC> <LOC> , <FECHA> <FECHA> <FECHA> <FECHA> <FECHA>



RESONANCIA MAGNETICA DE PROSTATA  :

JUICIO JUICIO
Valoración en paciente con adenocarcinoma prostático.

TECNICA:
Se realizan secuencias T2/TSE/sagital, T1/TSE/axial, T2/TSE/axial, T2/TSE/coronal, T2/TSE/axial, T1/TSE/axial, DWI/axial, axial dinámico con gadolinio, tardío TSE/axial con gadolinio.

INFORME:
Próstata correctamente definida de aproximadamente 53 mm de diámetro mayor transverso. El parénquima pancreático muestra una intensidad de señal uniformemente hipointensa en T1 y principalmente hipointensa en T2. En el lóbulo izquierdo, se pone de manifiesto una alteración focal de señal de aspecto ovalado, de 18 mm que aparece hipointensa en T2 y está reflejada en la difusión. Esta anomalía muestra una pérdida de señal en el mapa ADC y capta contraste sobre todo en la fase arterial. El resto de la glándula muestra un comportamiento inespecífico que hay que valorar con el resto de las exploraciones.
La cápsula prostática está íntegra.
Morfología normal de vesículas seminales.
Intensidad de señal normal de la grasa pélvica.
No se ponen de manifiesto adenomegalias pélvicas.

CONCLUSIÓN:
Alteración estructural focal de 18 mm en el lóbulo prostático derecho que puede relacionarse con la neoplasia diagnosticada. En principio, se trataría de un estadío T2 N0 por resonancia.



SAN <LOC> ,  <FECHA> <FECHA> <FECHA> <FECHA> <FECHA>

Fdo:  <NAME> <NAME>, <NAME>
Médico Radiólogo. Colegiado Nº: <NUM>

",XNAT03_S03990,XNAT03_E06476
sub-007819,ses-008649,/mnt/ceib/datalake/FISABIO_datalake/prueba/p0052021_reborn/sub-007819/ses-008649/mim-mr/anat/sub-007819_ses-008649_acq-fse_run-6_bp-prostate_vp-ax_T2w.nii.gz,/mnt/ceib/datalake/FISABIO_datalake/prueba/p0052021_reborn/sub-007819/ses-008649/mim-mr/dwi/sub-007819_ses-008649_acq-bvalue_run-7_bp-prostate_vp-ax_dwi.nii.gz,/mnt/ceib/datalake/FISABIO_datalake/prueba/p0052021_reborn/sub-007819/ses-008649/mim-mr/dwi/sub-007819_ses-008649_acq-adc_run-700_bp-prostate_vp-ax_dwi.nii.gz,21.0,69.0,,,,5.06,2.756,,1.0,1945-01-18,2014-12-18,val,False,,val,ses-008649,sub-007819,p0052021,,https://ceib.cipf.es/xnat2/data/projects/p0052021/experiments/XNAT03_E06476?format=html,21,69,,,,5.060000000000000,2.756,,1,True,"





PACIENTE: <NAME> <NAME>, <NAME>
PRESCRIPCION:  Dr.  <NAME> <NAME>

<LOC> <LOC> , <FECHA> <FECHA> <FECHA> <FECHA> <FECHA>



RESONANCIA MAGNETICA DE PROSTATA  :

JUICIO JUICIO
Valoración en paciente con adenocarcinoma prostático.

TECNICA:
Se realizan secuencias T2/TSE/sagital, T1/TSE/axial, T2/TSE/axial, T2/TSE/coronal, T2/TSE/axial, T1/TSE/axial, DWI/axial, axial dinámico con gadolinio, tardío TSE/axial con gadolinio.

INFORME:
Próstata correctamente definida de aproximadamente 53 mm de diámetro mayor transverso. El parénquima pancreático muestra una intensidad de señal uniformemente hipointensa en T1 y principalmente hipointensa en T2. En el lóbulo izquierdo, se pone de manifiesto una alteración focal de señal de aspecto ovalado, de 18 mm que aparece hipointensa en T2 y está reflejada en la difusión. Esta anomalía muestra una pérdida de señal en el mapa ADC y capta contraste sobre todo en la fase arterial. El resto de la glándula muestra un comportamiento inespecífico que hay que valorar con el resto de las exploraciones.
La cápsula prostática está íntegra.
Morfología normal de vesículas seminales.
Intensidad de señal normal de la grasa pélvica.
No se ponen de manifiesto adenomegalias pélvicas.

CONCLUSIÓN:
Alteración estructural focal de 18 mm en el lóbulo prostático derecho que puede relacionarse con la neoplasia diagnosticada. En principio, se trataría de un estadío T2 N0 por resonancia.



SAN <LOC> ,  <FECHA> <FECHA> <FECHA> <FECHA> <FECHA>

Fdo:  <NAME> <NAME>, <NAME>
Médico Radiólogo. Colegiado Nº: <NUM>

",XNAT03_S03990,XNAT03_E06476
sub-007587,ses-008365,/mnt/ceib/datalake/FISABIO_datalake/prueba/p0052021_reborn/sub-007587/ses-008365/mim-mr/anat/sub-007587_ses-008365_acq-fse_run-8_bp-prostate_vp-ax_T2w.nii.gz,/mnt/ceib/datalake/FISABIO_datalake/prueba/p0052021_reborn/sub-007587/ses-008365/mim-mr/dwi/sub-007587_ses-008365_acq-bvalue_run-6_bp-prostate_vp-ax_dwi.nii.gz,/mnt/ceib/datalake/FISABIO_datalake/prueba/p0052021_reborn/sub-007587/ses-008365/mim-mr/dwi/sub-007587_ses-008365_acq-adc_run-600_bp-prostate_vp-ax_dwi.nii.gz,21.0,83.0,,,,3.8,,5.0,1.0,1930-09-18,2014-06-26,val,False,,val,ses-008365,sub-007587,p0052021,,https://ceib.cipf.es/xnat2/data/projects/p0052021/experiments/XNAT03_E05547?format=html,21,83,,,,3.800000000000000,,[5],1,True,"Información clinica: Paciente con cancer de prostata en tratamiento hormal. Aumento de PSA.

Técnica: Se realiza RM  de próstata con secuencias sagitales, axiales y coronales T1, T2, T2 FATSAT, difusión y estudio dinámico tras la administración de gadolinio i.v.

Hallazgos:
Próstata discretamtente aumentada de volumen de 28 x 45 x 39 mm (26 cc).
Se identirica una lesión hipointensa en T2 en zona periférirca y central que se exiente afectando a la base, media y ápex del lóbulo prostático izquierdo, presenta marcada restricción de la difusión y  captación tras la administración de contraste,  mide aproximadamente 21 x 19 mm de diámetros axiales, compatible con lesión PRIADS 5.
Asocia prostusión capsular posterior izquierda, rectifiación del ángulo rectoprostático y asimetría en paquete vasculo-nervioso izquierdo compatible con signos de extensión extracasular.
Se observa una alteración de la señal a nivel de la base de la vesícula seminal izquierda por lo que no se puede descartar infiltración de la misma, presenta también una alteración de la señal del líquido (hiperintenso en T1 e hipointenso T2) compatible con restos hemáticos.

Incidentalmente, se observa pequeño quiste en músculo obturador inerno izquierdo que no presenta captación significativa de contraste ni restringe en seucencias de difusión.

CONCLUSIÓN:
Lesión en lóbulo prostático izquierdo de afecta a la zona periferica y central de la base, medio y apéx del LPI (PIRADS 5) con signos de extensión extracapsular. Alteración de la señal de la base de la glándula prostática izquierda por  por lo que no se puede descartar infiltración de la misma.
",XNAT03_S03238,XNAT03_E05547
sub-007587,ses-008365,/mnt/ceib/datalake/FISABIO_datalake/prueba/p0052021_reborn/sub-007587/ses-008365/mim-mr/anat/sub-007587_ses-008365_acq-fse_run-7_bp-prostate_vp-ax_T2w.nii.gz,/mnt/ceib/datalake/FISABIO_datalake/prueba/p0052021_reborn/sub-007587/ses-008365/mim-mr/dwi/sub-007587_ses-008365_acq-bvalue_run-6_bp-prostate_vp-ax_dwi.nii.gz,/mnt/ceib/datalake/FISABIO_datalake/prueba/p0052021_reborn/sub-007587/ses-008365/mim-mr/dwi/sub-007587_ses-008365_acq-adc_run-600_bp-prostate_vp-ax_dwi.nii.gz,21.0,83.0,,,,3.8,,5.0,1.0,1930-09-18,2014-06-26,val,False,,val,ses-008365,sub-007587,p0052021,,https://ceib.cipf.es/xnat2/data/projects/p0052021/experiments/XNAT03_E05547?format=html,21,83,,,,3.800000000000000,,[5],1,True,"Información clinica: Paciente con cancer de prostata en tratamiento hormal. Aumento de PSA.

Técnica: Se realiza RM  de próstata con secuencias sagitales, axiales y coronales T1, T2, T2 FATSAT, difusión y estudio dinámico tras la administración de gadolinio i.v.

Hallazgos:
Próstata discretamtente aumentada de volumen de 28 x 45 x 39 mm (26 cc).
Se identirica una lesión hipointensa en T2 en zona periférirca y central que se exiente afectando a la base, media y ápex del lóbulo prostático izquierdo, presenta marcada restricción de la difusión y  captación tras la administración de contraste,  mide aproximadamente 21 x 19 mm de diámetros axiales, compatible con lesión PRIADS 5.
Asocia prostusión capsular posterior izquierda, rectifiación del ángulo rectoprostático y asimetría en paquete vasculo-nervioso izquierdo compatible con signos de extensión extracasular.
Se observa una alteración de la señal a nivel de la base de la vesícula seminal izquierda por lo que no se puede descartar infiltración de la misma, presenta también una alteración de la señal del líquido (hiperintenso en T1 e hipointenso T2) compatible con restos hemáticos.

Incidentalmente, se observa pequeño quiste en músculo obturador inerno izquierdo que no presenta captación significativa de contraste ni restringe en seucencias de difusión.

CONCLUSIÓN:
Lesión en lóbulo prostático izquierdo de afecta a la zona periferica y central de la base, medio y apéx del LPI (PIRADS 5) con signos de extensión extracapsular. Alteración de la señal de la base de la glándula prostática izquierda por  por lo que no se puede descartar infiltración de la misma.
",XNAT03_S03238,XNAT03_E05547
sub-006672,ses-007274,/mnt/ceib/datalake/FISABIO_datalake/prueba/p0052021_reborn/sub-006672/ses-007274/mim-mr/anat/sub-006672_ses-007274_acq-fse_run-6_bp-prostate_vp-ax_T2w.nii.gz,/mnt/ceib/datalake/FISABIO_datalake/prueba/p0052021_reborn/sub-006672/ses-007274/mim-mr/dwi/sub-006672_ses-007274_acq-bvalue_run-8_bp-prostate_vp-ax_dwi.nii.gz,/mnt/ceib/datalake/FISABIO_datalake/prueba/p0052021_reborn/sub-006672/ses-007274/mim-mr/dwi/sub-006672_ses-007274_acq-adc_run-801_bp-prostate_vp-ax_dwi.nii.gz,21.0,80.0,,,,,,,1.0,1925-08-03,2006-07-27,val,False,,val,ses-007274,sub-006672,p0052021,,https://ceib.cipf.es/xnat2/data/projects/p0052021/experiments/XNAT03_E05055?format=html,21,80,,,,,,4,1,True,"



PACIENTE: <NAME> <NAME>, <NAME>
PRESCRIPCION:  Dr.

<LOC> <LOC> , <FECHA> <FECHA> <FECHA> <FECHA> <FECHA>




RESONANCIA MAGNETICA DE PRÓSTATA:

JUICIO JUICIO
Adenocarcinoma de próstata. Valorar organoconfinamiento.

TÉCNICA:
Se realizan cortes axiales, sagitales y coronales utilizando secuencias TSE-T1, TSE-T2 sin y con saturación de la grasa; incluyendo estudio de alta resolución. Se complementa el estudio con cortes dinámicos (axiales-SPIR) tras la administración de gadolinio intravenoso y tardíos T1 y T1-SPIR.

INFORME:
Próstata heterogénea principalmente en su zona transicional, con hipointensidad en T2 en las vertientes posteriores de ambos lóbulos periféricos inmediatamente por debajo de la unión de las vesículas seminales principalmente evidente en la izquierda donde muestra un realce precoz tras la administración de contraste, mostrando en la unión posterior de ambos lóbulos un par de imágenes quísticas que protruyen posteriormente, siendo dificil valorar en este punto si la lesión puede exceder la cápsula prostática. En cualquier caso no parece que lo haga de manera evidente por lo que cabe considerarla como un estacío T2 si bien existe una pequeña adenopatía redondeada sospechosa adyacente a la vertiente izquierda de la próstata existiendo otro ganglio indeterminado en cadena ilíaca común izquierda.
Cambios degenerativos en L5-S1 mostrando un pequeño foco posiblemente escleroso en la vertiente derecha del sacro de escasamente 5 mm muy bien delimitado y que probablemente corresponda a un pequeño islote óseo.

CONCLUSIÓN:
Próstata heterogénea con alteración de señal fundamentalmente  en el lóbulo periférico izquierdo inmediatamente por debajo de la unión de las vesículas seminales sin que pueda demostrarse afectación extracapsular con lo que posiblemente corresponda a un estadío T2 aunque con una pequeña adenopatía sospechosa adyacente a la vertiente izquierda de la próstata.


",XNAT03_S02821,XNAT03_E05055
sub-006672,ses-007274,/mnt/ceib/datalake/FISABIO_datalake/prueba/p0052021_reborn/sub-006672/ses-007274/mim-mr/anat/sub-006672_ses-007274_acq-fse_run-7_bp-prostate_vp-ax_T2w.nii.gz,/mnt/ceib/datalake/FISABIO_datalake/prueba/p0052021_reborn/sub-006672/ses-007274/mim-mr/dwi/sub-006672_ses-007274_acq-bvalue_run-8_bp-prostate_vp-ax_dwi.nii.gz,/mnt/ceib/datalake/FISABIO_datalake/prueba/p0052021_reborn/sub-006672/ses-007274/mim-mr/dwi/sub-006672_ses-007274_acq-adc_run-801_bp-prostate_vp-ax_dwi.nii.gz,21.0,80.0,,,,,,,1.0,1925-08-03,2006-07-27,val,False,,val,ses-007274,sub-006672,p0052021,,https://ceib.cipf.es/xnat2/data/projects/p0052021/experiments/XNAT03_E05055?format=html,21,80,,,,,,4,1,True,"



PACIENTE: <NAME> <NAME>, <NAME>
PRESCRIPCION:  Dr.

<LOC> <LOC> , <FECHA> <FECHA> <FECHA> <FECHA> <FECHA>




RESONANCIA MAGNETICA DE PRÓSTATA:

JUICIO JUICIO
Adenocarcinoma de próstata. Valorar organoconfinamiento.

TÉCNICA:
Se realizan cortes axiales, sagitales y coronales utilizando secuencias TSE-T1, TSE-T2 sin y con saturación de la grasa; incluyendo estudio de alta resolución. Se complementa el estudio con cortes dinámicos (axiales-SPIR) tras la administración de gadolinio intravenoso y tardíos T1 y T1-SPIR.

INFORME:
Próstata heterogénea principalmente en su zona transicional, con hipointensidad en T2 en las vertientes posteriores de ambos lóbulos periféricos inmediatamente por debajo de la unión de las vesículas seminales principalmente evidente en la izquierda donde muestra un realce precoz tras la administración de contraste, mostrando en la unión posterior de ambos lóbulos un par de imágenes quísticas que protruyen posteriormente, siendo dificil valorar en este punto si la lesión puede exceder la cápsula prostática. En cualquier caso no parece que lo haga de manera evidente por lo que cabe considerarla como un estacío T2 si bien existe una pequeña adenopatía redondeada sospechosa adyacente a la vertiente izquierda de la próstata existiendo otro ganglio indeterminado en cadena ilíaca común izquierda.
Cambios degenerativos en L5-S1 mostrando un pequeño foco posiblemente escleroso en la vertiente derecha del sacro de escasamente 5 mm muy bien delimitado y que probablemente corresponda a un pequeño islote óseo.

CONCLUSIÓN:
Próstata heterogénea con alteración de señal fundamentalmente  en el lóbulo periférico izquierdo inmediatamente por debajo de la unión de las vesículas seminales sin que pueda demostrarse afectación extracapsular con lo que posiblemente corresponda a un estadío T2 aunque con una pequeña adenopatía sospechosa adyacente a la vertiente izquierda de la próstata.


",XNAT03_S02821,XNAT03_E05055
sub-007475,ses-008235,/mnt/ceib/datalake/FISABIO_datalake/prueba/p0052021_reborn/sub-007475/ses-008235/mim-mr/anat/sub-007475_ses-008235_acq-fse_run-6_bp-prostate_vp-ax_T2w.nii.gz,/mnt/ceib/datalake/FISABIO_datalake/prueba/p0052021_reborn/sub-007475/ses-008235/mim-mr/dwi/sub-007475_ses-008235_acq-bvalue_run-7_bp-prostate_vp-ax_dwi.nii.gz,/mnt/ceib/datalake/FISABIO_datalake/prueba/p0052021_reborn/sub-007475/ses-008235/mim-mr/dwi/sub-007475_ses-008235_acq-adc_run-701_bp-prostate_vp-ax_dwi.nii.gz,21.0,73.0,,,,7.0,27.9864,,1.0,1939-09-30,2013-07-29,val,False,,val,ses-008235,sub-007475,p0052021,,https://ceib.cipf.es/xnat2/data/projects/p0052021/experiments/XNAT03_E05270?format=html,21,73,,,,7.000000000000000,27.9864,,1,True,"
PACIENTE: <NAME> <NAME>, <NAME>
PRESCRIPCION:  Dr.  <NAME>
<LOC> <LOC> , 5 de DICIEMBRE de 2016


RESONANCIA MAGNETICA DE PRÓSTATA:

JUICIO JUICIO
Adenocarcinoma Gleason 4 + 3 en lóbulo derecho de la próstata.

TÉCNICA:
Se realizan cortes axiales, sagitales y coronales utilizando secuencias TSE-T1, TSE-T2 sin y con saturación de la grasa; incluyendo estudio de alta resolución. Se complementa el estudio con cortes dinámicos (axiales-SPIR) tras la administración de gadolinio intravenoso y tardíos T1 y T1-SPIR.

INFORME:
Estudio de valor diagnóstico limitado ya que por fallo técnico no se puede realizar secuencias de difusión con valor de B alto (B 1500).
Glándula prostática ligeramente aumentada de tamaño, mide 4.6 x 3 x 3.9 cm (diámetros T x AP x CC). Es de intensidad de señal heterogénea, de predominio hiperintenso, en probable relación con adenoma e hiperplasia benigna de próstata.
En la zona periférica póstero-medial del lóbulo prostático izquierdo, a nivel de la media glándula y apex se visualiza lesión hipointensa de bodes mal definidos que mide aproximadamente 2 x 1.1 x 2 cm (diámetros T x AP x CC). La lesión parece extenderse mínimamente a la zona transicional posterior del lóbulo ipsilateral, así como a la zona periférica póstero-medial del lóbulo contralateral. Tras estudio con gadolinio presenta curva de cinética de captación sospechosa. Parece extenderse hasta la vesícula seminal ipsilateral.
No se observan signos de extensión extracapsular, infiltración de la uretra o vesícula seminal izquierda. Por fallos técnicos no se realizan secuencias de difusión con B alto.
Hallazgos en probable relación con neoplasia prostática.
No se observan adenopatías locorregionales, en cadenas iliacas o inguinales de tamaño o aspecto patológico.
Vejiga y recto sin alteraciones.
Discreta cantidad de líquido en torno a la inserción proximal de los isquio-tibiales, a valorar tendinopatía.
No se aprecian otras alteraciones de interés en el resto de partes blandas y óseas valorables mediante esta técnica.

CONCLUSIÓN:
Lesión en la zona periférica póstero-medial del lóbulo prostático derecho, según las características descritas en el informe, sugerente de neoplasia prostática.
Sin otros hallazgos significativos.


SAN <LOC> ,  <FECHA> <FECHA> <FECHA> <FECHA> <FECHA>

Fdo:  <NAME> <NAME>, <NAME> <NAME>
Médico Radiólogo. Colegiado Nº: <NUM>

 
PACIENTE: <NAME> <NAME>, <NAME>
PRESCRIPCION:  Dr.  <NAME>
<LOC> <LOC> , 5 de DICIEMBRE de 2016


RESONANCIA MAGNETICA RESONANCIA PRÃ_x0093_STATA:

JUICIO JUICIO
Adenocarcinoma Gleason 4 + 3 en lÃ³bulo derecho de la prÃ³stata.

TÃ_x0089_CNICA:
Se realizan cortes axiales, sagitales y coronales utilizando secuencias TSE-T1, TSE-T2 sin y con saturaciÃ³n de la grasa; incluyendo estudio de alta resoluciÃ³n. Se complementa el estudio con cortes dinÃ¡micos (axiales-SPIR) tras la administraciÃ³n de gadolinio intravenoso y tardÃ­os T1 y T1-SPIR.

INFORME:
Estudio de valor diagnÃ³stico limitado ya que por fallo tÃ©cnico no se puede realizar secuencias de difusiÃ³n con valor de B alto (B 1500).
GlÃ¡ndula prostÃ¡tica ligeramente aumentada de tamaÃ±o, mide 4.6 x 3 x 3.9 cm (diÃ¡metros T x AP x CC). Es de intensidad de seÃ±al heterogÃ©nea, de predominio hiperintenso, en probable relaciÃ³n con adenoma e hiperplasia benigna de prÃ³stata.
En la zona perifÃ©rica pÃ³stero-medial del lÃ³bulo prostÃ¡tico izquierdo, a nivel de la media glÃ¡ndula y apex se visualiza lesiÃ³n hipointensa de bodes mal definidos que mide aproximadamente 2 x 1.1 x 2 cm (diÃ¡metros T x AP x CC). La lesiÃ³n parece extenderse mÃ­nimamente a la zona transicional posterior del lÃ³bulo ipsilateral, asÃ­ como a la zona perifÃ©rica pÃ³stero-medial del lÃ³bulo contralateral. Tras estudio con gadolinio presenta curva de cinÃ©tica de captaciÃ³n sospechosa. Parece extenderse hasta la vesÃ­cula seminal ipsilateral.
No se observan signos de extensiÃ³n extracapsular, infiltraciÃ³n de la uretra o vesÃ­cula seminal izquierda. Por fallos tÃ©cnicos no se realizan secuencias de difusiÃ³n con B alto.
Hallazgos en probable relaciÃ³n con neoplasia prostÃ¡tica.
No se observan adenopatÃ­as locorregionales, en cadenas iliacas o inguinales de tamaÃ±o o aspecto patolÃ³gico.
Vejiga y recto sin alteraciones.
Discreta cantidad de lÃ­quido en torno a la inserciÃ³n proximal de los isquio-tibiales, a valorar tendinopatÃ­a.
No se aprecian otras alteraciones de interÃ©s en el resto de partes blandas y Ã³seas valorables mediante esta tÃ©cnica.

CONCLUSIÃ_x0093_N:
LesiÃ³n en la zona perifÃ©rica pÃ³stero-medial del lÃ³bulo prostÃ¡tico derecho, segÃºn las caracterÃ­sticas descritas en el informe, sugerente de neoplasia prostÃ¡tica.
Sin otros hallazgos significativos.


SAN <LOC> ,  <FECHA> <FECHA> <FECHA> <FECHA> <FECHA>

Fdo:  <NAME> <NAME>, <NAME> <NAME>
MÃ©dico RadiÃ³logo. Colegiado NÂº: <NUM>

",XNAT03_S02998,XNAT03_E05270
sub-007475,ses-008235,/mnt/ceib/datalake/FISABIO_datalake/prueba/p0052021_reborn/sub-007475/ses-008235/mim-mr/anat/sub-007475_ses-008235_acq-fse_run-8_bp-prostate_vp-ax_T2w.nii.gz,/mnt/ceib/datalake/FISABIO_datalake/prueba/p0052021_reborn/sub-007475/ses-008235/mim-mr/dwi/sub-007475_ses-008235_acq-bvalue_run-7_bp-prostate_vp-ax_dwi.nii.gz,/mnt/ceib/datalake/FISABIO_datalake/prueba/p0052021_reborn/sub-007475/ses-008235/mim-mr/dwi/sub-007475_ses-008235_acq-adc_run-701_bp-prostate_vp-ax_dwi.nii.gz,21.0,73.0,,,,7.0,27.9864,,1.0,1939-09-30,2013-07-29,val,False,,val,ses-008235,sub-007475,p0052021,,https://ceib.cipf.es/xnat2/data/projects/p0052021/experiments/XNAT03_E05270?format=html,21,73,,,,7.000000000000000,27.9864,,1,True,"
PACIENTE: <NAME> <NAME>, <NAME>
PRESCRIPCION:  Dr.  <NAME>
<LOC> <LOC> , 5 de DICIEMBRE de 2016


RESONANCIA MAGNETICA DE PRÓSTATA:

JUICIO JUICIO
Adenocarcinoma Gleason 4 + 3 en lóbulo derecho de la próstata.

TÉCNICA:
Se realizan cortes axiales, sagitales y coronales utilizando secuencias TSE-T1, TSE-T2 sin y con saturación de la grasa; incluyendo estudio de alta resolución. Se complementa el estudio con cortes dinámicos (axiales-SPIR) tras la administración de gadolinio intravenoso y tardíos T1 y T1-SPIR.

INFORME:
Estudio de valor diagnóstico limitado ya que por fallo técnico no se puede realizar secuencias de difusión con valor de B alto (B 1500).
Glándula prostática ligeramente aumentada de tamaño, mide 4.6 x 3 x 3.9 cm (diámetros T x AP x CC). Es de intensidad de señal heterogénea, de predominio hiperintenso, en probable relación con adenoma e hiperplasia benigna de próstata.
En la zona periférica póstero-medial del lóbulo prostático izquierdo, a nivel de la media glándula y apex se visualiza lesión hipointensa de bodes mal definidos que mide aproximadamente 2 x 1.1 x 2 cm (diámetros T x AP x CC). La lesión parece extenderse mínimamente a la zona transicional posterior del lóbulo ipsilateral, así como a la zona periférica póstero-medial del lóbulo contralateral. Tras estudio con gadolinio presenta curva de cinética de captación sospechosa. Parece extenderse hasta la vesícula seminal ipsilateral.
No se observan signos de extensión extracapsular, infiltración de la uretra o vesícula seminal izquierda. Por fallos técnicos no se realizan secuencias de difusión con B alto.
Hallazgos en probable relación con neoplasia prostática.
No se observan adenopatías locorregionales, en cadenas iliacas o inguinales de tamaño o aspecto patológico.
Vejiga y recto sin alteraciones.
Discreta cantidad de líquido en torno a la inserción proximal de los isquio-tibiales, a valorar tendinopatía.
No se aprecian otras alteraciones de interés en el resto de partes blandas y óseas valorables mediante esta técnica.

CONCLUSIÓN:
Lesión en la zona periférica póstero-medial del lóbulo prostático derecho, según las características descritas en el informe, sugerente de neoplasia prostática.
Sin otros hallazgos significativos.


SAN <LOC> ,  <FECHA> <FECHA> <FECHA> <FECHA> <FECHA>

Fdo:  <NAME> <NAME>, <NAME> <NAME>
Médico Radiólogo. Colegiado Nº: <NUM>

 
PACIENTE: <NAME> <NAME>, <NAME>
PRESCRIPCION:  Dr.  <NAME>
<LOC> <LOC> , 5 de DICIEMBRE de 2016


RESONANCIA MAGNETICA RESONANCIA PRÃ_x0093_STATA:

JUICIO JUICIO
Adenocarcinoma Gleason 4 + 3 en lÃ³bulo derecho de la prÃ³stata.

TÃ_x0089_CNICA:
Se realizan cortes axiales, sagitales y coronales utilizando secuencias TSE-T1, TSE-T2 sin y con saturaciÃ³n de la grasa; incluyendo estudio de alta resoluciÃ³n. Se complementa el estudio con cortes dinÃ¡micos (axiales-SPIR) tras la administraciÃ³n de gadolinio intravenoso y tardÃ­os T1 y T1-SPIR.

INFORME:
Estudio de valor diagnÃ³stico limitado ya que por fallo tÃ©cnico no se puede realizar secuencias de difusiÃ³n con valor de B alto (B 1500).
GlÃ¡ndula prostÃ¡tica ligeramente aumentada de tamaÃ±o, mide 4.6 x 3 x 3.9 cm (diÃ¡metros T x AP x CC). Es de intensidad de seÃ±al heterogÃ©nea, de predominio hiperintenso, en probable relaciÃ³n con adenoma e hiperplasia benigna de prÃ³stata.
En la zona perifÃ©rica pÃ³stero-medial del lÃ³bulo prostÃ¡tico izquierdo, a nivel de la media glÃ¡ndula y apex se visualiza lesiÃ³n hipointensa de bodes mal definidos que mide aproximadamente 2 x 1.1 x 2 cm (diÃ¡metros T x AP x CC). La lesiÃ³n parece extenderse mÃ­nimamente a la zona transicional posterior del lÃ³bulo ipsilateral, asÃ­ como a la zona perifÃ©rica pÃ³stero-medial del lÃ³bulo contralateral. Tras estudio con gadolinio presenta curva de cinÃ©tica de captaciÃ³n sospechosa. Parece extenderse hasta la vesÃ­cula seminal ipsilateral.
No se observan signos de extensiÃ³n extracapsular, infiltraciÃ³n de la uretra o vesÃ­cula seminal izquierda. Por fallos tÃ©cnicos no se realizan secuencias de difusiÃ³n con B alto.
Hallazgos en probable relaciÃ³n con neoplasia prostÃ¡tica.
No se observan adenopatÃ­as locorregionales, en cadenas iliacas o inguinales de tamaÃ±o o aspecto patolÃ³gico.
Vejiga y recto sin alteraciones.
Discreta cantidad de lÃ­quido en torno a la inserciÃ³n proximal de los isquio-tibiales, a valorar tendinopatÃ­a.
No se aprecian otras alteraciones de interÃ©s en el resto de partes blandas y Ã³seas valorables mediante esta tÃ©cnica.

CONCLUSIÃ_x0093_N:
LesiÃ³n en la zona perifÃ©rica pÃ³stero-medial del lÃ³bulo prostÃ¡tico derecho, segÃºn las caracterÃ­sticas descritas en el informe, sugerente de neoplasia prostÃ¡tica.
Sin otros hallazgos significativos.


SAN <LOC> ,  <FECHA> <FECHA> <FECHA> <FECHA> <FECHA>

Fdo:  <NAME> <NAME>, <NAME> <NAME>
MÃ©dico RadiÃ³logo. Colegiado NÂº: <NUM>

",XNAT03_S02998,XNAT03_E05270
sub-007482,ses-008243,/mnt/ceib/datalake/FISABIO_datalake/prueba/p0052021_reborn/sub-007482/ses-008243/mim-mr/anat/sub-007482_ses-008243_acq-fse_run-8_bp-prostate_vp-ax_T2w.nii.gz,/mnt/ceib/datalake/FISABIO_datalake/prueba/p0052021_reborn/sub-007482/ses-008243/mim-mr/dwi/sub-007482_ses-008243_acq-bvalue_run-6_bp-prostate_vp-ax_dwi.nii.gz,/mnt/ceib/datalake/FISABIO_datalake/prueba/p0052021_reborn/sub-007482/ses-008243/mim-mr/dwi/sub-007482_ses-008243_acq-adc_run-601_bp-prostate_vp-ax_dwi.nii.gz,21.0,65.0,,,,6.0,44.252,,1.0,1947-08-31,2012-10-06,val,False,,val,ses-008243,sub-007482,p0052021,,https://ceib.cipf.es/xnat2/data/projects/p0052021/experiments/XNAT03_E05422?format=html,21,65,,,,6.000000000000000,44.252,,1,True,"PACIENTE: <NAME> <NAME>, <NAME>
PRESCRIPCION:  Dr.  <NAME>
<NAME> <LOC> , <FECHA> <FECHA> <FECHA> <FECHA> <FECHA>


RESONANCIA MAGNETICA DE PRÓSTATA:

JUICIO JUICIO
ADC de próstata Gleason 3 + 4 en lóbulo izquierdo. Estadiaje.

TÉCNICA:
Se realizan cortes axiales, sagitales y coronales utilizando secuencias TSE-T1, TSE-T2 sin y con saturación de la grasa; incluyendo estudio de alta resolución. Se complementa el estudio con cortes dinámicos (axiales-SPIR) tras la administración de gadolinio intravenoso y tardíos T1 y T1-SPIR.

INFORME:
Próstata de aproximadamente 5 cm (T) x 4.6 cm (CC) x 3.7 cm (AP), con intensidad de señal hiperintensa en T2 conservada en la porción periférica del lóbulo prostático derecho.
Se aprecia una imagen pseudonodular de 1 cm de diámetro mayor en el ápex de la porción periférica del lóbulo izquierdo, hipointensa en T2, sin clara restricción en difusión, que podría estar en relación con afectación neoplásica previamente biopsiada.
No se objetivan imágenes que sugieran extensión neoplásica transcapsular, con lo cual los hallazgos sugieren afectación neoplásica en el lóbulo izquierdo, que se clasificaría por RM como estadio T2A N0 Mx.
Pequeñas imágenes ganglionares en la cadera obturadora bilateral iliaca externa, menores de 1 cm en eje corto, inespecíficas.
Vejiga urinaria sin alteraciones.
Espóndilo-discopatía degenerativa L4-L5 y L5-S1 con cambios Modic en este último nivel.
CONCLUSIÓN:
Afectación neoplásica en la porción periférica del ápex prostático izquierdo, que se 	clasificaría por RM como probable estadio T2A N0 Mx.





SAN <LOC> ,  <FECHA> <FECHA> <FECHA> <FECHA> <FECHA>

Fdo:  <NAME> , <NAME> <NAME>
Médico Radiólogo. Colegiado Nº: <NUM>


 PACIENTE: <NAME> <NAME>, <NAME>
PRESCRIPCION:  Dr.  <NAME>
<NAME> <LOC> , <FECHA> <FECHA> <FECHA> <FECHA> <FECHA>


RESONANCIA MAGNETICA RESONANCIA PRÃ_x0093_STATA:

JUICIO JUICIO
ADC de prÃ³stata Gleason 3 + 4 en lÃ³bulo izquierdo. Estadiaje.

TÃ_x0089_CNICA:
Se realizan cortes axiales, sagitales y coronales utilizando secuencias TSE-T1, TSE-T2 sin y con saturaciÃ³n de la grasa; incluyendo estudio de alta resoluciÃ³n. Se complementa el estudio con cortes dinÃ¡micos (axiales-SPIR) tras la administraciÃ³n de gadolinio intravenoso y tardÃ­os T1 y T1-SPIR.

INFORME:
PrÃ³stata de aproximadamente 5 cm (T) x 4.6 cm (CC) x 3.7 cm (AP), con intensidad de seÃ±al hiperintensa en T2 conservada en la porciÃ³n perifÃ©rica del lÃ³bulo prostÃ¡tico derecho.
Se aprecia una imagen pseudonodular de 1 cm de diÃ¡metro mayor en el Ã¡pex de la porciÃ³n perifÃ©rica del lÃ³bulo izquierdo, hipointensa en T2, sin clara restricciÃ³n en difusiÃ³n, que podrÃ­a estar en relaciÃ³n con afectaciÃ³n neoplÃ¡sica previamente biopsiada.
No se objetivan imÃ¡genes que sugieran extensiÃ³n neoplÃ¡sica transcapsular, con lo cual los hallazgos sugieren afectaciÃ³n neoplÃ¡sica en el lÃ³bulo izquierdo, que se clasificarÃ­a por RM como estadio T2A N0 Mx.
PequeÃ±as imÃ¡genes ganglionares en la cadera obturadora bilateral iliaca externa, menores de 1 cm en eje corto, inespecÃ­ficas.
Vejiga urinaria sin alteraciones.
EspÃ³ndilo-discopatÃ­a degenerativa L4-L5 y L5-S1 con cambios Modic en este Ãºltimo nivel.
CONCLUSIÃ_x0093_N:
AfectaciÃ³n neoplÃ¡sica en la porciÃ³n perifÃ©rica del Ã¡pex prostÃ¡tico izquierdo, que se 	clasificarÃ­a por RM como probable estadio T2A N0 Mx.





SAN <LOC> ,  <FECHA> <FECHA> <FECHA> <FECHA> <FECHA>

Fdo:  <NAME> , <NAME> <NAME>
MÃ©dico RadiÃ³logo. Colegiado NÂº: <NUM>


",XNAT03_S03130,XNAT03_E05422
sub-007482,ses-008243,/mnt/ceib/datalake/FISABIO_datalake/prueba/p0052021_reborn/sub-007482/ses-008243/mim-mr/anat/sub-007482_ses-008243_acq-fse_run-7_bp-prostate_vp-ax_T2w.nii.gz,/mnt/ceib/datalake/FISABIO_datalake/prueba/p0052021_reborn/sub-007482/ses-008243/mim-mr/dwi/sub-007482_ses-008243_acq-bvalue_run-6_bp-prostate_vp-ax_dwi.nii.gz,/mnt/ceib/datalake/FISABIO_datalake/prueba/p0052021_reborn/sub-007482/ses-008243/mim-mr/dwi/sub-007482_ses-008243_acq-adc_run-601_bp-prostate_vp-ax_dwi.nii.gz,21.0,65.0,,,,6.0,44.252,,1.0,1947-08-31,2012-10-06,val,False,,val,ses-008243,sub-007482,p0052021,,https://ceib.cipf.es/xnat2/data/projects/p0052021/experiments/XNAT03_E05422?format=html,21,65,,,,6.000000000000000,44.252,,1,True,"PACIENTE: <NAME> <NAME>, <NAME>
PRESCRIPCION:  Dr.  <NAME>
<NAME> <LOC> , <FECHA> <FECHA> <FECHA> <FECHA> <FECHA>


RESONANCIA MAGNETICA DE PRÓSTATA:

JUICIO JUICIO
ADC de próstata Gleason 3 + 4 en lóbulo izquierdo. Estadiaje.

TÉCNICA:
Se realizan cortes axiales, sagitales y coronales utilizando secuencias TSE-T1, TSE-T2 sin y con saturación de la grasa; incluyendo estudio de alta resolución. Se complementa el estudio con cortes dinámicos (axiales-SPIR) tras la administración de gadolinio intravenoso y tardíos T1 y T1-SPIR.

INFORME:
Próstata de aproximadamente 5 cm (T) x 4.6 cm (CC) x 3.7 cm (AP), con intensidad de señal hiperintensa en T2 conservada en la porción periférica del lóbulo prostático derecho.
Se aprecia una imagen pseudonodular de 1 cm de diámetro mayor en el ápex de la porción periférica del lóbulo izquierdo, hipointensa en T2, sin clara restricción en difusión, que podría estar en relación con afectación neoplásica previamente biopsiada.
No se objetivan imágenes que sugieran extensión neoplásica transcapsular, con lo cual los hallazgos sugieren afectación neoplásica en el lóbulo izquierdo, que se clasificaría por RM como estadio T2A N0 Mx.
Pequeñas imágenes ganglionares en la cadera obturadora bilateral iliaca externa, menores de 1 cm en eje corto, inespecíficas.
Vejiga urinaria sin alteraciones.
Espóndilo-discopatía degenerativa L4-L5 y L5-S1 con cambios Modic en este último nivel.
CONCLUSIÓN:
Afectación neoplásica en la porción periférica del ápex prostático izquierdo, que se 	clasificaría por RM como probable estadio T2A N0 Mx.





SAN <LOC> ,  <FECHA> <FECHA> <FECHA> <FECHA> <FECHA>

Fdo:  <NAME> , <NAME> <NAME>
Médico Radiólogo. Colegiado Nº: <NUM>


 PACIENTE: <NAME> <NAME>, <NAME>
PRESCRIPCION:  Dr.  <NAME>
<NAME> <LOC> , <FECHA> <FECHA> <FECHA> <FECHA> <FECHA>


RESONANCIA MAGNETICA RESONANCIA PRÃ_x0093_STATA:

JUICIO JUICIO
ADC de prÃ³stata Gleason 3 + 4 en lÃ³bulo izquierdo. Estadiaje.

TÃ_x0089_CNICA:
Se realizan cortes axiales, sagitales y coronales utilizando secuencias TSE-T1, TSE-T2 sin y con saturaciÃ³n de la grasa; incluyendo estudio de alta resoluciÃ³n. Se complementa el estudio con cortes dinÃ¡micos (axiales-SPIR) tras la administraciÃ³n de gadolinio intravenoso y tardÃ­os T1 y T1-SPIR.

INFORME:
PrÃ³stata de aproximadamente 5 cm (T) x 4.6 cm (CC) x 3.7 cm (AP), con intensidad de seÃ±al hiperintensa en T2 conservada en la porciÃ³n perifÃ©rica del lÃ³bulo prostÃ¡tico derecho.
Se aprecia una imagen pseudonodular de 1 cm de diÃ¡metro mayor en el Ã¡pex de la porciÃ³n perifÃ©rica del lÃ³bulo izquierdo, hipointensa en T2, sin clara restricciÃ³n en difusiÃ³n, que podrÃ­a estar en relaciÃ³n con afectaciÃ³n neoplÃ¡sica previamente biopsiada.
No se objetivan imÃ¡genes que sugieran extensiÃ³n neoplÃ¡sica transcapsular, con lo cual los hallazgos sugieren afectaciÃ³n neoplÃ¡sica en el lÃ³bulo izquierdo, que se clasificarÃ­a por RM como estadio T2A N0 Mx.
PequeÃ±as imÃ¡genes ganglionares en la cadera obturadora bilateral iliaca externa, menores de 1 cm en eje corto, inespecÃ­ficas.
Vejiga urinaria sin alteraciones.
EspÃ³ndilo-discopatÃ­a degenerativa L4-L5 y L5-S1 con cambios Modic en este Ãºltimo nivel.
CONCLUSIÃ_x0093_N:
AfectaciÃ³n neoplÃ¡sica en la porciÃ³n perifÃ©rica del Ã¡pex prostÃ¡tico izquierdo, que se 	clasificarÃ­a por RM como probable estadio T2A N0 Mx.





SAN <LOC> ,  <FECHA> <FECHA> <FECHA> <FECHA> <FECHA>

Fdo:  <NAME> , <NAME> <NAME>
MÃ©dico RadiÃ³logo. Colegiado NÂº: <NUM>


",XNAT03_S03130,XNAT03_E05422
sub-007178,ses-007864,/mnt/ceib/datalake/FISABIO_datalake/prueba/p0052021_reborn/sub-007178/ses-007864/mim-mr/anat/sub-007178_ses-007864_acq-fse_run-6_bp-prostate_vp-ax_T2w.nii.gz,/mnt/ceib/datalake/FISABIO_datalake/prueba/p0052021_reborn/sub-007178/ses-007864/mim-mr/dwi/sub-007178_ses-007864_acq-bvalue_run-8_bp-prostate_vp-ax_dwi.nii.gz,/mnt/ceib/datalake/FISABIO_datalake/prueba/p0052021_reborn/sub-007178/ses-007864/mim-mr/dwi/sub-007178_ses-007864_acq-adc_run-801_bp-prostate_vp-ax_dwi.nii.gz,21.0,74.0,,,,25.0,32.76,,1.0,1941-10-16,2016-01-28,val,False,,val,ses-007864,sub-007178,p0052021,,https://ceib.cipf.es/xnat2/data/projects/p0052021/experiments/XNAT03_E05805?format=html,21,74,,,,25.00000000000000,32.76,,1,True,"
PACIENTE: <NAME> <NAME>, <NAME>
PRESCRIPCION:  Dr. <NAME> <NAME>, 									<NAME>

<LOC> <LOC> , 7 de ABRIL de 2017

RESONANCIA MAGNETICA DE PRÓSTATA:

JUICIO JUICIO
ADC de próstata bilateral. Estadiaje.

TÉCNICA:
Se realizan cortes axiales, sagitales y coronales utilizando secuencias TSE-T1, TSE-T2 sin y con saturación de la grasa; incluyendo estudio de alta resolución. Se complementa el estudio con cortes dinámicos (axiales-SPIR) tras la administración de gadolinio intravenoso y tardíos T1 y T1-SPIR.

INFORME:
Glándula prostática de aproximadamente 3,5 cm ( AP ) x 4 cm ( CC ) x 4,5 cm ( T ).
Se aprecia un nódulo hipointenso en T2 de unos 16 mm en el tercio medio de la porción periférica del lóbulo prostático derecho y una extensa área de hiposeñal en T2 afectando a gran parte del tercio medio y parcialmente a la base de la porción perférica del lóbulo izquierdo, con captación homogénea post-contraste y tenue restricción en difusión, en relación con afectación neoplásica bilateral, previamente biopsiada.
No parecen existir imáganes que sugieran extensión neoplásica transcapsular, ni borramiento del ángulo recto-prostático o alteración de señal de las bandeletas neuro-vasculares o vesículas seminales.
Tampoco se objetivan adenopatías de tamaño significativo en la cadena iliaca bilateral, obturadora ni pélvicas.
Los hallazgos sugieren afectación neoplásica en la porción periférica bialteral, de predominio izquierdo, que se clasificaría por RM como estadio T2 c N0 Mx.
Moderada cantidad de liquído libre probablemente de aspecto residual en el hemiabdomen inferior con extensión pélvica.

CONCLUSIÓN:
Afectación neoplásica prostática bilateral que se clasificaría por RM como estadio T2 c N0 Mx.



SAN <LOC> ,  <FECHA> <FECHA> <FECHA> <FECHA> <FECHA>

Fdo:  <NAME> , <NAME> <NAME>
Médico Radiólogo. Colegiado Nº: <NUM>


",XNAT03_S03445,XNAT03_E05805
sub-007178,ses-007864,/mnt/ceib/datalake/FISABIO_datalake/prueba/p0052021_reborn/sub-007178/ses-007864/mim-mr/anat/sub-007178_ses-007864_acq-fse_run-7_bp-prostate_vp-ax_T2w.nii.gz,/mnt/ceib/datalake/FISABIO_datalake/prueba/p0052021_reborn/sub-007178/ses-007864/mim-mr/dwi/sub-007178_ses-007864_acq-bvalue_run-8_bp-prostate_vp-ax_dwi.nii.gz,/mnt/ceib/datalake/FISABIO_datalake/prueba/p0052021_reborn/sub-007178/ses-007864/mim-mr/dwi/sub-007178_ses-007864_acq-adc_run-801_bp-prostate_vp-ax_dwi.nii.gz,21.0,74.0,,,,25.0,32.76,,1.0,1941-10-16,2016-01-28,val,False,,val,ses-007864,sub-007178,p0052021,,https://ceib.cipf.es/xnat2/data/projects/p0052021/experiments/XNAT03_E05805?format=html,21,74,,,,25.00000000000000,32.76,,1,True,"
PACIENTE: <NAME> <NAME>, <NAME>
PRESCRIPCION:  Dr. <NAME> <NAME>, 									<NAME>

<LOC> <LOC> , 7 de ABRIL de 2017

RESONANCIA MAGNETICA DE PRÓSTATA:

JUICIO JUICIO
ADC de próstata bilateral. Estadiaje.

TÉCNICA:
Se realizan cortes axiales, sagitales y coronales utilizando secuencias TSE-T1, TSE-T2 sin y con saturación de la grasa; incluyendo estudio de alta resolución. Se complementa el estudio con cortes dinámicos (axiales-SPIR) tras la administración de gadolinio intravenoso y tardíos T1 y T1-SPIR.

INFORME:
Glándula prostática de aproximadamente 3,5 cm ( AP ) x 4 cm ( CC ) x 4,5 cm ( T ).
Se aprecia un nódulo hipointenso en T2 de unos 16 mm en el tercio medio de la porción periférica del lóbulo prostático derecho y una extensa área de hiposeñal en T2 afectando a gran parte del tercio medio y parcialmente a la base de la porción perférica del lóbulo izquierdo, con captación homogénea post-contraste y tenue restricción en difusión, en relación con afectación neoplásica bilateral, previamente biopsiada.
No parecen existir imáganes que sugieran extensión neoplásica transcapsular, ni borramiento del ángulo recto-prostático o alteración de señal de las bandeletas neuro-vasculares o vesículas seminales.
Tampoco se objetivan adenopatías de tamaño significativo en la cadena iliaca bilateral, obturadora ni pélvicas.
Los hallazgos sugieren afectación neoplásica en la porción periférica bialteral, de predominio izquierdo, que se clasificaría por RM como estadio T2 c N0 Mx.
Moderada cantidad de liquído libre probablemente de aspecto residual en el hemiabdomen inferior con extensión pélvica.

CONCLUSIÓN:
Afectación neoplásica prostática bilateral que se clasificaría por RM como estadio T2 c N0 Mx.



SAN <LOC> ,  <FECHA> <FECHA> <FECHA> <FECHA> <FECHA>

Fdo:  <NAME> , <NAME> <NAME>
Médico Radiólogo. Colegiado Nº: <NUM>


",XNAT03_S03445,XNAT03_E05805
sub-007162,ses-007848,/mnt/ceib/datalake/FISABIO_datalake/prueba/p0052021_reborn/sub-007162/ses-007848/mim-mr/anat/sub-007162_ses-007848_acq-fse_run-6_bp-prostate_vp-ax_T2w.nii.gz,/mnt/ceib/datalake/FISABIO_datalake/prueba/p0052021_reborn/sub-007162/ses-007848/mim-mr/dwi/sub-007162_ses-007848_acq-bvalue_run-7_bp-prostate_vp-ax_dwi.nii.gz,/mnt/ceib/datalake/FISABIO_datalake/prueba/p0052021_reborn/sub-007162/ses-007848/mim-mr/dwi/sub-007162_ses-007848_acq-adc_run-701_bp-prostate_vp-ax_dwi.nii.gz,21.0,72.0,,,,10.2,9.1,,1.0,1941-12-04,2014-10-09,val,False,,val,ses-007848,sub-007162,p0052021,,https://ceib.cipf.es/xnat2/data/projects/p0052021/experiments/XNAT03_E05187?format=html,21,72,,,,10.20000000000000,9.1,,1,True,"PACIENTE: <NAME> <NAME>, <NAME>
PRESCRIPCION:  Dr.  <NAME> <NAME> <NAME>, 								              <NAME>

<LOC> <LOC> , <FECHA> <FECHA> <FECHA> <FECHA> <FECHA>


RESONANCIA MAGNETICA DE PRÓSTATA:

JUICIO JUICIO
Adenocarcinoma 3 + 3 en lóbulo izquierdo. Estadiaje.

TÉCNICA:
Se realizan cortes axiales, sagitales y coronales utilizando secuencias TSE-T1, TSE-T2 sin y con saturación de la grasa; incluyendo estudio de alta resolución. Se complementa el estudio con cortes dinámicos (axiales-SPIR) tras la administración de gadolinio intravenoso y tardíos T1 y T1-SPIR.

INFORME:
Glándula prostática de 3,5 cm. (AP) x 5 cm. (T) x 3,8 cm. (CC) con probables nódulos adenomatoides en la zona transicional.
Parece existir una pequeña área milimétrica de hiposeñal en T2, sin clara restricción en difusión, que muestra captación homogénea post-contraste en la fase dinámica en el tercio medio de la porción periférica del lóbulo izquierdo y que podría estar en relación con lesión neoplásica previamente biopsiada.
No se identifican claras áreas sospechosas hipointensas en T2 en la porción periférica del lóbulo derecho, ni tampoco alteraciones de señal de las vesículas seminales o borramiento del ángulo recto-prostático, que sugieran extensión neoplásica transcapsular. Los hallazgos corresponden a estadio T2 A N0 Nx.
Discopatía degenerativa L5-S1 con portrusión póstero-medial de base ancha.
Edema intraóseo afectando a la vertiente sacra de ambas articulaciones sacro-ilíacas, sugestivo de sacro-ileítis aguda.
Diverticulosis colónica no complicada.

CONCLUSIÓN:
Posible afectación neoplásica en el tercio medio de la porción periférica del lóbulo prostático izquierdo, que se clasificaría por RM como estadio T2 A N0 Nx.
Sacro-ileítis aguda bilateral afectando a la vertiente sacra.

SAN <LOC> ,  <FECHA> <FECHA> <FECHA> <FECHA> <FECHA>

Fdo:  <NAME> , <NAME> <NAME>
Médico Radiólogo. Colegiado Nº: <NUM>


",XNAT03_S02929,XNAT03_E05187
sub-007162,ses-007848,/mnt/ceib/datalake/FISABIO_datalake/prueba/p0052021_reborn/sub-007162/ses-007848/mim-mr/anat/sub-007162_ses-007848_acq-fse_run-8_bp-prostate_vp-ax_T2w.nii.gz,/mnt/ceib/datalake/FISABIO_datalake/prueba/p0052021_reborn/sub-007162/ses-007848/mim-mr/dwi/sub-007162_ses-007848_acq-bvalue_run-7_bp-prostate_vp-ax_dwi.nii.gz,/mnt/ceib/datalake/FISABIO_datalake/prueba/p0052021_reborn/sub-007162/ses-007848/mim-mr/dwi/sub-007162_ses-007848_acq-adc_run-701_bp-prostate_vp-ax_dwi.nii.gz,21.0,72.0,,,,10.2,9.1,,1.0,1941-12-04,2014-10-09,val,False,,val,ses-007848,sub-007162,p0052021,,https://ceib.cipf.es/xnat2/data/projects/p0052021/experiments/XNAT03_E05187?format=html,21,72,,,,10.20000000000000,9.1,,1,True,"PACIENTE: <NAME> <NAME>, <NAME>
PRESCRIPCION:  Dr.  <NAME> <NAME> <NAME>, 								              <NAME>

<LOC> <LOC> , <FECHA> <FECHA> <FECHA> <FECHA> <FECHA>


RESONANCIA MAGNETICA DE PRÓSTATA:

JUICIO JUICIO
Adenocarcinoma 3 + 3 en lóbulo izquierdo. Estadiaje.

TÉCNICA:
Se realizan cortes axiales, sagitales y coronales utilizando secuencias TSE-T1, TSE-T2 sin y con saturación de la grasa; incluyendo estudio de alta resolución. Se complementa el estudio con cortes dinámicos (axiales-SPIR) tras la administración de gadolinio intravenoso y tardíos T1 y T1-SPIR.

INFORME:
Glándula prostática de 3,5 cm. (AP) x 5 cm. (T) x 3,8 cm. (CC) con probables nódulos adenomatoides en la zona transicional.
Parece existir una pequeña área milimétrica de hiposeñal en T2, sin clara restricción en difusión, que muestra captación homogénea post-contraste en la fase dinámica en el tercio medio de la porción periférica del lóbulo izquierdo y que podría estar en relación con lesión neoplásica previamente biopsiada.
No se identifican claras áreas sospechosas hipointensas en T2 en la porción periférica del lóbulo derecho, ni tampoco alteraciones de señal de las vesículas seminales o borramiento del ángulo recto-prostático, que sugieran extensión neoplásica transcapsular. Los hallazgos corresponden a estadio T2 A N0 Nx.
Discopatía degenerativa L5-S1 con portrusión póstero-medial de base ancha.
Edema intraóseo afectando a la vertiente sacra de ambas articulaciones sacro-ilíacas, sugestivo de sacro-ileítis aguda.
Diverticulosis colónica no complicada.

CONCLUSIÓN:
Posible afectación neoplásica en el tercio medio de la porción periférica del lóbulo prostático izquierdo, que se clasificaría por RM como estadio T2 A N0 Nx.
Sacro-ileítis aguda bilateral afectando a la vertiente sacra.

SAN <LOC> ,  <FECHA> <FECHA> <FECHA> <FECHA> <FECHA>

Fdo:  <NAME> , <NAME> <NAME>
Médico Radiólogo. Colegiado Nº: <NUM>


",XNAT03_S02929,XNAT03_E05187
sub-000291,ses-000294,/mnt/ceib/datalake/FISABIO_datalake/prueba/p0052021_reborn/sub-000291/ses-000294/mim-mr/anat/sub-000291_ses-000294_acq-fse_run-9_bp-prostate_vp-ax_T2w.nii.gz,/mnt/ceib/datalake/FISABIO_datalake/prueba/p0052021_reborn/sub-000291/ses-000294/mim-mr/dwi/sub-000291_ses-000294_acq-bvalue_run-8_bp-prostate_vp-ax_dwi.nii.gz,/mnt/ceib/datalake/FISABIO_datalake/prueba/p0052021_reborn/sub-000291/ses-000294/mim-mr/dwi/sub-000291_ses-000294_acq-adc_run-801_bp-prostate_vp-ax_dwi.nii.gz,21.0,65.0,,,,,,,0.0,1938-07-06,2004-01-06,val,False,,val,ses-000294,sub-000291,p0052021,,https://ceib.cipf.es/xnat2/data/projects/p0052021/experiments/XNAT3_E92074?format=html,21,65,,,,,,,1,True,"
PACIENTE: <NAME> <NAME>, <NAME>
PRESCRIPCION:  Dr.

<NAME> <LOC> , <FECHA> <FECHA> <FECHA> <FECHA> <FECHA>




RESONANCIA MAGNETICA DE PRÓSTATA:

JUICIO JUICIO
Adenocarcinoma de próstata. Valorar organiconfinamiento.

TÉCNICA:
Se realizan cortes axiales, sagitales y coronales utilizando secuencias TSE-T1, TSE-T2 sin y con saturación de la grasa; incluyendo estudio de alta resolución. Se complementa el estudio con cortes dinámicos (axiales-SPIR) tras la administración de gadolinio intravenoso y tardíos T1 y T1-SPIR.

INFORME:
Se aprecia una disminución de la intensidad de señal de ambos lóbulos periféricos, más acusada a nivel posterolateral izquierdo donde se visualiza incluso un abombamiento de la cápsula, con una aparente perdida de definición de la misma y realce tras la administración de contraste, no identificando alteraciones significativas en vésicula seminales, vejiga y el resto de órganos pélvicos visualizados.
Tampoco se identifican adenopatias evidentes en los distintos territorios ganglionares incluidos en el estudio.

CONCLUSIÓN:
Afextación de ambos lóbulos periféricos prostáticos, con abombamiento posterolateral izquierdo de la cápsula con posible afectación  de la grasa periprostática, por lo que probablemente corresponda a un estadio T3, sin adenopatias ni metástasis óseas evidentes en el presente estudio.


",XNAT3_S37029,XNAT3_E92074
sub-000291,ses-000294,/mnt/ceib/datalake/FISABIO_datalake/prueba/p0052021_reborn/sub-000291/ses-000294/mim-mr/anat/sub-000291_ses-000294_acq-fse_run-12_bp-prostate_vp-ax_T2w.nii.gz,/mnt/ceib/datalake/FISABIO_datalake/prueba/p0052021_reborn/sub-000291/ses-000294/mim-mr/dwi/sub-000291_ses-000294_acq-bvalue_run-8_bp-prostate_vp-ax_dwi.nii.gz,/mnt/ceib/datalake/FISABIO_datalake/prueba/p0052021_reborn/sub-000291/ses-000294/mim-mr/dwi/sub-000291_ses-000294_acq-adc_run-801_bp-prostate_vp-ax_dwi.nii.gz,21.0,65.0,,,,,,,0.0,1938-07-06,2004-01-06,val,False,,val,ses-000294,sub-000291,p0052021,,https://ceib.cipf.es/xnat2/data/projects/p0052021/experiments/XNAT3_E92074?format=html,21,65,,,,,,,1,True,"
PACIENTE: <NAME> <NAME>, <NAME>
PRESCRIPCION:  Dr.

<NAME> <LOC> , <FECHA> <FECHA> <FECHA> <FECHA> <FECHA>




RESONANCIA MAGNETICA DE PRÓSTATA:

JUICIO JUICIO
Adenocarcinoma de próstata. Valorar organiconfinamiento.

TÉCNICA:
Se realizan cortes axiales, sagitales y coronales utilizando secuencias TSE-T1, TSE-T2 sin y con saturación de la grasa; incluyendo estudio de alta resolución. Se complementa el estudio con cortes dinámicos (axiales-SPIR) tras la administración de gadolinio intravenoso y tardíos T1 y T1-SPIR.

INFORME:
Se aprecia una disminución de la intensidad de señal de ambos lóbulos periféricos, más acusada a nivel posterolateral izquierdo donde se visualiza incluso un abombamiento de la cápsula, con una aparente perdida de definición de la misma y realce tras la administración de contraste, no identificando alteraciones significativas en vésicula seminales, vejiga y el resto de órganos pélvicos visualizados.
Tampoco se identifican adenopatias evidentes en los distintos territorios ganglionares incluidos en el estudio.

CONCLUSIÓN:
Afextación de ambos lóbulos periféricos prostáticos, con abombamiento posterolateral izquierdo de la cápsula con posible afectación  de la grasa periprostática, por lo que probablemente corresponda a un estadio T3, sin adenopatias ni metástasis óseas evidentes en el presente estudio.


",XNAT3_S37029,XNAT3_E92074
sub-000291,ses-000294,/mnt/ceib/datalake/FISABIO_datalake/prueba/p0052021_reborn/sub-000291/ses-000294/mim-mr/anat/sub-000291_ses-000294_acq-fse_run-7_bp-prostate_vp-ax_T2w.nii.gz,/mnt/ceib/datalake/FISABIO_datalake/prueba/p0052021_reborn/sub-000291/ses-000294/mim-mr/dwi/sub-000291_ses-000294_acq-bvalue_run-8_bp-prostate_vp-ax_dwi.nii.gz,/mnt/ceib/datalake/FISABIO_datalake/prueba/p0052021_reborn/sub-000291/ses-000294/mim-mr/dwi/sub-000291_ses-000294_acq-adc_run-801_bp-prostate_vp-ax_dwi.nii.gz,21.0,65.0,,,,,,,0.0,1938-07-06,2004-01-06,val,False,,val,ses-000294,sub-000291,p0052021,,https://ceib.cipf.es/xnat2/data/projects/p0052021/experiments/XNAT3_E92074?format=html,21,65,,,,,,,1,True,"
PACIENTE: <NAME> <NAME>, <NAME>
PRESCRIPCION:  Dr.

<NAME> <LOC> , <FECHA> <FECHA> <FECHA> <FECHA> <FECHA>




RESONANCIA MAGNETICA DE PRÓSTATA:

JUICIO JUICIO
Adenocarcinoma de próstata. Valorar organiconfinamiento.

TÉCNICA:
Se realizan cortes axiales, sagitales y coronales utilizando secuencias TSE-T1, TSE-T2 sin y con saturación de la grasa; incluyendo estudio de alta resolución. Se complementa el estudio con cortes dinámicos (axiales-SPIR) tras la administración de gadolinio intravenoso y tardíos T1 y T1-SPIR.

INFORME:
Se aprecia una disminución de la intensidad de señal de ambos lóbulos periféricos, más acusada a nivel posterolateral izquierdo donde se visualiza incluso un abombamiento de la cápsula, con una aparente perdida de definición de la misma y realce tras la administración de contraste, no identificando alteraciones significativas en vésicula seminales, vejiga y el resto de órganos pélvicos visualizados.
Tampoco se identifican adenopatias evidentes en los distintos territorios ganglionares incluidos en el estudio.

CONCLUSIÓN:
Afextación de ambos lóbulos periféricos prostáticos, con abombamiento posterolateral izquierdo de la cápsula con posible afectación  de la grasa periprostática, por lo que probablemente corresponda a un estadio T3, sin adenopatias ni metástasis óseas evidentes en el presente estudio.


",XNAT3_S37029,XNAT3_E92074
sub-006586,ses-007176,/mnt/ceib/datalake/FISABIO_datalake/prueba/p0052021_reborn/sub-006586/ses-007176/mim-mr/anat/sub-006586_ses-007176_acq-fse_run-7_bp-prostate_vp-ax_T2w.nii.gz,/mnt/ceib/datalake/FISABIO_datalake/prueba/p0052021_reborn/sub-006586/ses-007176/mim-mr/dwi/sub-006586_ses-007176_acq-bvalue_run-4_bp-prostate_vp-ax_dwi.nii.gz,/mnt/ceib/datalake/FISABIO_datalake/prueba/p0052021_reborn/sub-006586/ses-007176/mim-mr/dwi/sub-006586_ses-007176_acq-adc_run-401_bp-prostate_vp-ax_dwi.nii.gz,21.0,67.0,,,,10.9,,,1.0,1941-09-21,2009-06-23,val,False,,val,ses-007176,sub-006586,p0052021,,https://ceib.cipf.es/xnat2/data/projects/p0052021/experiments/XNAT03_E04968?format=html,21,67,,,,10.90000000000000,,5,1,True,"
PACIENTE: <NAME> <NAME>, <NAME>
PRESCRIPCION:  Dr.  <NAME>

<LOC> <LOC> , <FECHA> <FECHA> <FECHA> <FECHA> <FECHA>

RESONANCIA MAGNETICA RESONANCIA PRÃ_x0093_STATA:

JUICIO JUICIO
ADC de prÃ³stata 3 + 4 en el lÃ³bulo izquierdo.

TÃ_x0089_CNICA:
Se realizan cortes axiales, sagitales y coronales utilizando secuencias TSE-T1, TSE-T2 sin y con saturaciÃ³n de la grasa; incluyendo estudio de alta resoluciÃ³n. Se complementa el estudio con cortes dinÃ¡micos (axiales-SPIR) tras la administraciÃ³n de gadolinio intravenoso y tardÃ­os T1 y T1-SPIR.

INFORME:
PequeÃ±os restos hemÃ¡ticos post-biopsia en el tercio medio de ambos lÃ³bulos prostÃ¡ticos, de predominio izquierdo.
Se aprecia una imagen nodular ovalada y bien delimitada, que mide 1.3 cm (T) x 1.6cm (CC) x 1.3 cm (AP) realizada en la porciÃ³n perifÃ©rica de la base-tercio medio del lÃ³bulo prostÃ¡tico izquierdo, muy hipointensa en T2, con captaciÃ³n tÃ©nue de predominio perifÃ©rico tras la administraciÃ³n del contraste intravenoso, asociando restricciÃ³n en difusiÃ³n, compatible con afectaciÃ³n neoplÃ¡sica, ya biopsiada. La lesiÃ³n afecta a menos de la mitad del lÃ³bulo prostÃ¡tico izquierdo, abombando a la cÃ¡psula prostÃ¡tica y adelgazÃ¡ndola, aparentemente sin atravesarla.
No se objetivan adenopatÃ­as de tamaÃ±o significativo en la cadena iliaca bilateral ni pÃ©lvicas.
LÃ³bulo prostÃ¡tico derecho con hiperseÃ±al conservada en la secuencia T2.
Ambas vesÃ­culas seminales y bandeletas neuro-vasculares sin aparentes alteraciones valorables.
Los hallazgos son compatibles por RM con afectaciÃ³n neoplÃ¡sica del lÃ³bulo izquierdo, que se clasificarÃ­a como T2A N0.
Vejiga urinaria a media repleciÃ³n, sin alteraciones de la pared ni del contenido.
Signos de discopatÃ­a lumbar degenerativa con protrusiÃ³n pÃ³stero-medial de base ancha L5-S1 y desgarro puntiforme del anillo fibroso posterior.
Hernia inguinal bilateral con contenido graso, de mayor volumen en el lado derecho, no complicada.


CONCLUSIÃ_x0093_N:
AfectaciÃ³n neoplÃ¡sica del lÃ³bulo prostÃ¡tico izquierdo, que se clasificarÃ­a por RM como T2A N0.

",XNAT03_S02753,XNAT03_E04968
sub-006586,ses-007176,/mnt/ceib/datalake/FISABIO_datalake/prueba/p0052021_reborn/sub-006586/ses-007176/mim-mr/anat/sub-006586_ses-007176_acq-fse_run-8_bp-prostate_vp-ax_T2w.nii.gz,/mnt/ceib/datalake/FISABIO_datalake/prueba/p0052021_reborn/sub-006586/ses-007176/mim-mr/dwi/sub-006586_ses-007176_acq-bvalue_run-4_bp-prostate_vp-ax_dwi.nii.gz,/mnt/ceib/datalake/FISABIO_datalake/prueba/p0052021_reborn/sub-006586/ses-007176/mim-mr/dwi/sub-006586_ses-007176_acq-adc_run-401_bp-prostate_vp-ax_dwi.nii.gz,21.0,67.0,,,,10.9,,,1.0,1941-09-21,2009-06-23,val,False,,val,ses-007176,sub-006586,p0052021,,https://ceib.cipf.es/xnat2/data/projects/p0052021/experiments/XNAT03_E04968?format=html,21,67,,,,10.90000000000000,,5,1,True,"
PACIENTE: <NAME> <NAME>, <NAME>
PRESCRIPCION:  Dr.  <NAME>

<LOC> <LOC> , <FECHA> <FECHA> <FECHA> <FECHA> <FECHA>

RESONANCIA MAGNETICA RESONANCIA PRÃ_x0093_STATA:

JUICIO JUICIO
ADC de prÃ³stata 3 + 4 en el lÃ³bulo izquierdo.

TÃ_x0089_CNICA:
Se realizan cortes axiales, sagitales y coronales utilizando secuencias TSE-T1, TSE-T2 sin y con saturaciÃ³n de la grasa; incluyendo estudio de alta resoluciÃ³n. Se complementa el estudio con cortes dinÃ¡micos (axiales-SPIR) tras la administraciÃ³n de gadolinio intravenoso y tardÃ­os T1 y T1-SPIR.

INFORME:
PequeÃ±os restos hemÃ¡ticos post-biopsia en el tercio medio de ambos lÃ³bulos prostÃ¡ticos, de predominio izquierdo.
Se aprecia una imagen nodular ovalada y bien delimitada, que mide 1.3 cm (T) x 1.6cm (CC) x 1.3 cm (AP) realizada en la porciÃ³n perifÃ©rica de la base-tercio medio del lÃ³bulo prostÃ¡tico izquierdo, muy hipointensa en T2, con captaciÃ³n tÃ©nue de predominio perifÃ©rico tras la administraciÃ³n del contraste intravenoso, asociando restricciÃ³n en difusiÃ³n, compatible con afectaciÃ³n neoplÃ¡sica, ya biopsiada. La lesiÃ³n afecta a menos de la mitad del lÃ³bulo prostÃ¡tico izquierdo, abombando a la cÃ¡psula prostÃ¡tica y adelgazÃ¡ndola, aparentemente sin atravesarla.
No se objetivan adenopatÃ­as de tamaÃ±o significativo en la cadena iliaca bilateral ni pÃ©lvicas.
LÃ³bulo prostÃ¡tico derecho con hiperseÃ±al conservada en la secuencia T2.
Ambas vesÃ­culas seminales y bandeletas neuro-vasculares sin aparentes alteraciones valorables.
Los hallazgos son compatibles por RM con afectaciÃ³n neoplÃ¡sica del lÃ³bulo izquierdo, que se clasificarÃ­a como T2A N0.
Vejiga urinaria a media repleciÃ³n, sin alteraciones de la pared ni del contenido.
Signos de discopatÃ­a lumbar degenerativa con protrusiÃ³n pÃ³stero-medial de base ancha L5-S1 y desgarro puntiforme del anillo fibroso posterior.
Hernia inguinal bilateral con contenido graso, de mayor volumen en el lado derecho, no complicada.


CONCLUSIÃ_x0093_N:
AfectaciÃ³n neoplÃ¡sica del lÃ³bulo prostÃ¡tico izquierdo, que se clasificarÃ­a por RM como T2A N0.

",XNAT03_S02753,XNAT03_E04968
sub-000409,ses-000425,/mnt/ceib/datalake/FISABIO_datalake/prueba/p0052021_reborn/sub-000409/ses-000425/mim-mr/anat/sub-000409_ses-000425_acq-fse_run-6_bp-prostate_vp-ax_T2w.nii.gz,/mnt/ceib/datalake/FISABIO_datalake/prueba/p0052021_reborn/sub-000409/ses-000425/mim-mr/dwi/sub-000409_ses-000425_acq-bvalue_run-8_bp-prostate_vp-ax_dwi.nii.gz,/mnt/ceib/datalake/FISABIO_datalake/prueba/p0052021_reborn/sub-000409/ses-000425/mim-mr/dwi/sub-000409_ses-000425_acq-adc_run-801_bp-prostate_vp-ax_dwi.nii.gz,21.0,71.0,,,,,,,1.0,1942-10-07,2013-11-16,val,False,,val,ses-000425,sub-000409,p0052021,,https://ceib.cipf.es/xnat2/data/projects/p0052021/experiments/XNAT3_E92204?format=html,21,71,,,,,,,1,True,"

PACIENTE: <NAME> , <NAME> <NAME>
PRESCRIPCION:  Dr.

<LOC> <LOC> , 3 de FEBRERO de 2014

RESONANCIA MAGNETICA DE PRÓSTATA:

JUICIO JUICIO
Adenocarcinoma de próstata en lóbulo izquierdo.

TÉCNICA:
Se realizan cortes axiales, sagitales y coronales utilizando secuencias TSE-T1, TSE-T2 sin y con saturación de la grasa; incluyendo estudio de alta resolución. Se complementa el estudio con cortes dinámicos (axiales-SPIR) tras la administración de gadolinio intravenoso y tardíos T1 y T1-SPIR.

INFORME:
Como hallazgo incidental se visualizan cambios degenerativos en ambas caderas, principalmente en la derecha y divertículos en sigma, no mostrando en cualquier caso lesiones óseas sugestivas de metástasis en las estructuras incluidas en el estudio.
Tampoco se objetivan adenopatías significativas, aunque existen algunos pequeños ganglios redondeados hipointensos en la grasa circundante a la vertiente ántero-lateral de la cúpula vesical, principalmente la derecha, destacando también un engrosamiento asimétrico extenso de la pared en la vejiga más acusado en la vertiente póstero-lateral izquierda de ésta, que podría estar relacionado al menos parcialmente con la significativa hipertrofia prostática fundamentalmente a expensas de su porción central heterogénea, destacando un realce mayor y más precoz en la vertiente izquierda de dicha porción central y también una discreta alteración de la intensidad de señal de forma difusa en el lóbulo periférico izquierdo, que también parece mostrar una sutil captación mayor que el derecho tras la administración de contraste intravenoso, mostrando en éste como en la secuencia T2 una pequeña imagen a nivel de las bandeletas neurovasculares una posible infiltración más allá de la cápsula prostática, por lo que estariamos ante un estadio probable T3 o con menor probabilidad T2.

CONCLUSIÓN:
Posible afectación del lóbulo periférico izquierdo por adenocarcinoma de próstata, no pudiendo excluir la afectación de la vertiente izquierda de la porción central, también heterogénea y con aumento de la captación de contraste, resultando un estadio probable T3 por mínima afectación de la grasa periprostática, aproximadamente a nivel de la bandeleta neurovascular izquierda.




 Numero  de  Estudio:  <NUM> 
Apellidos y nombre: PERRY , DAVID FRANK
Fecha  de  Nacimiento:  <FECHA> 
SIP:  <NUM>

===========    Informe  del  Estudio =========== 

RM PELVIS VESICOPROSTATICA    



					PACIENTE: <NAME> , DAVID FRANK
					PRESCRIPCION:  Dr.  
					
				<NAME> <NAME> , 3 de FEBRERO de 2014

	RESONANCIA MAGNETICA DE PRÓSTATA:

	<NAME> CLÍNICO:
	Adenocarcinoma de próstata en lóbulo izquierdo.

	TÉCNICA:
	Se realizan cortes axiales, sagitales y coronales utilizando secuencias TSE-T1, TSE-T2 sin y con saturación de la grasa; incluyendo estudio de alta resolución. Se complementa el estudio con cortes dinámicos (axiales-SPIR) tras la administración de gadolinio intravenoso y tardíos T1 y T1-SPIR.

	INFORME:
	Como hallazgo incidental se visualizan cambios degenerativos en ambas caderas, principalmente en la derecha y divertículos en sigma, no mostrando en cualquier caso lesiones óseas sugestivas de metástasis en las estructuras incluidas en el estudio.
	Tampoco se objetivan adenopatías significativas, aunque existen algunos pequeños ganglios redondeados hipointensos en la grasa circundante a la vertiente ántero-lateral de la cúpula vesical, principalmente la derecha, destacando también un engrosamiento asimétrico extenso de la pared en la vejiga más acusado en la vertiente póstero-lateral izquierda de ésta, que podría estar relacionado al menos parcialmente con la significativa hipertrofia prostática fundamentalmente a expensas de su porción central heterogénea, destacando un realce mayor y más precoz en la vertiente izquierda de dicha porción central y también una discreta alteración de la intensidad de señal de forma difusa en el lóbulo periférico izquierdo, que también parece mostrar una sutil captación mayor que el derecho tras la administración de contraste intravenoso, mostrando en éste como en la secuencia T2 una pequeña imagen a nivel de las bandeletas neurovasculares una posible infiltración más allá de la cápsula prostática, por lo que estariamos ante un estadio probable T3 o con menor probabilidad T2.

	CONCLUSIÓN:
	Posible afectación del lóbulo periférico izquierdo por adenocarcinoma de próstata, no pudiendo excluir la afectación de la vertiente izquierda de la porción central, también heterogénea y con aumento de la captación de contraste, resultando un estadio probable T3 por mínima afectación de la grasa periprostática, aproximadamente a nivel de la bandeleta neurovascular izquierda.





============================================= 

Información: 
            Fecha  del  Informe:  <DIR><DIR>-<FECHA>
			Autor: <NAME> <NAME>, <NAME> <NAME>
",XNAT3_S37147,XNAT3_E92204
sub-000409,ses-000425,/mnt/ceib/datalake/FISABIO_datalake/prueba/p0052021_reborn/sub-000409/ses-000425/mim-mr/anat/sub-000409_ses-000425_acq-fse_run-7_bp-prostate_vp-ax_T2w.nii.gz,/mnt/ceib/datalake/FISABIO_datalake/prueba/p0052021_reborn/sub-000409/ses-000425/mim-mr/dwi/sub-000409_ses-000425_acq-bvalue_run-8_bp-prostate_vp-ax_dwi.nii.gz,/mnt/ceib/datalake/FISABIO_datalake/prueba/p0052021_reborn/sub-000409/ses-000425/mim-mr/dwi/sub-000409_ses-000425_acq-adc_run-801_bp-prostate_vp-ax_dwi.nii.gz,21.0,71.0,,,,,,,1.0,1942-10-07,2013-11-16,val,False,,val,ses-000425,sub-000409,p0052021,,https://ceib.cipf.es/xnat2/data/projects/p0052021/experiments/XNAT3_E92204?format=html,21,71,,,,,,,1,True,"

PACIENTE: <NAME> , <NAME> <NAME>
PRESCRIPCION:  Dr.

<LOC> <LOC> , 3 de FEBRERO de 2014

RESONANCIA MAGNETICA DE PRÓSTATA:

JUICIO JUICIO
Adenocarcinoma de próstata en lóbulo izquierdo.

TÉCNICA:
Se realizan cortes axiales, sagitales y coronales utilizando secuencias TSE-T1, TSE-T2 sin y con saturación de la grasa; incluyendo estudio de alta resolución. Se complementa el estudio con cortes dinámicos (axiales-SPIR) tras la administración de gadolinio intravenoso y tardíos T1 y T1-SPIR.

INFORME:
Como hallazgo incidental se visualizan cambios degenerativos en ambas caderas, principalmente en la derecha y divertículos en sigma, no mostrando en cualquier caso lesiones óseas sugestivas de metástasis en las estructuras incluidas en el estudio.
Tampoco se objetivan adenopatías significativas, aunque existen algunos pequeños ganglios redondeados hipointensos en la grasa circundante a la vertiente ántero-lateral de la cúpula vesical, principalmente la derecha, destacando también un engrosamiento asimétrico extenso de la pared en la vejiga más acusado en la vertiente póstero-lateral izquierda de ésta, que podría estar relacionado al menos parcialmente con la significativa hipertrofia prostática fundamentalmente a expensas de su porción central heterogénea, destacando un realce mayor y más precoz en la vertiente izquierda de dicha porción central y también una discreta alteración de la intensidad de señal de forma difusa en el lóbulo periférico izquierdo, que también parece mostrar una sutil captación mayor que el derecho tras la administración de contraste intravenoso, mostrando en éste como en la secuencia T2 una pequeña imagen a nivel de las bandeletas neurovasculares una posible infiltración más allá de la cápsula prostática, por lo que estariamos ante un estadio probable T3 o con menor probabilidad T2.

CONCLUSIÓN:
Posible afectación del lóbulo periférico izquierdo por adenocarcinoma de próstata, no pudiendo excluir la afectación de la vertiente izquierda de la porción central, también heterogénea y con aumento de la captación de contraste, resultando un estadio probable T3 por mínima afectación de la grasa periprostática, aproximadamente a nivel de la bandeleta neurovascular izquierda.




 Numero  de  Estudio:  <NUM> 
Apellidos y nombre: PERRY , DAVID FRANK
Fecha  de  Nacimiento:  <FECHA> 
SIP:  <NUM>

===========    Informe  del  Estudio =========== 

RM PELVIS VESICOPROSTATICA    



					PACIENTE: <NAME> , DAVID FRANK
					PRESCRIPCION:  Dr.  
					
				<NAME> <NAME> , 3 de FEBRERO de 2014

	RESONANCIA MAGNETICA DE PRÓSTATA:

	<NAME> CLÍNICO:
	Adenocarcinoma de próstata en lóbulo izquierdo.

	TÉCNICA:
	Se realizan cortes axiales, sagitales y coronales utilizando secuencias TSE-T1, TSE-T2 sin y con saturación de la grasa; incluyendo estudio de alta resolución. Se complementa el estudio con cortes dinámicos (axiales-SPIR) tras la administración de gadolinio intravenoso y tardíos T1 y T1-SPIR.

	INFORME:
	Como hallazgo incidental se visualizan cambios degenerativos en ambas caderas, principalmente en la derecha y divertículos en sigma, no mostrando en cualquier caso lesiones óseas sugestivas de metástasis en las estructuras incluidas en el estudio.
	Tampoco se objetivan adenopatías significativas, aunque existen algunos pequeños ganglios redondeados hipointensos en la grasa circundante a la vertiente ántero-lateral de la cúpula vesical, principalmente la derecha, destacando también un engrosamiento asimétrico extenso de la pared en la vejiga más acusado en la vertiente póstero-lateral izquierda de ésta, que podría estar relacionado al menos parcialmente con la significativa hipertrofia prostática fundamentalmente a expensas de su porción central heterogénea, destacando un realce mayor y más precoz en la vertiente izquierda de dicha porción central y también una discreta alteración de la intensidad de señal de forma difusa en el lóbulo periférico izquierdo, que también parece mostrar una sutil captación mayor que el derecho tras la administración de contraste intravenoso, mostrando en éste como en la secuencia T2 una pequeña imagen a nivel de las bandeletas neurovasculares una posible infiltración más allá de la cápsula prostática, por lo que estariamos ante un estadio probable T3 o con menor probabilidad T2.

	CONCLUSIÓN:
	Posible afectación del lóbulo periférico izquierdo por adenocarcinoma de próstata, no pudiendo excluir la afectación de la vertiente izquierda de la porción central, también heterogénea y con aumento de la captación de contraste, resultando un estadio probable T3 por mínima afectación de la grasa periprostática, aproximadamente a nivel de la bandeleta neurovascular izquierda.





============================================= 

Información: 
            Fecha  del  Informe:  <DIR><DIR>-<FECHA>
			Autor: <NAME> <NAME>, <NAME> <NAME>
",XNAT3_S37147,XNAT3_E92204
sub-007828,ses-008664,/mnt/ceib/datalake/FISABIO_datalake/prueba/p0052021_reborn/sub-007828/ses-008664/mim-mr/anat/sub-007828_ses-008664_acq-propeller_run-1000_bp-prostate_vp-ax_T2w.nii.gz,/mnt/ceib/datalake/FISABIO_datalake/prueba/p0052021_reborn/sub-007828/ses-008664/mim-mr/dwi/sub-007828_ses-008664_acq-bvalue_run-7_bp-prostate_vp-ax_dwi.nii.gz,/mnt/ceib/datalake/FISABIO_datalake/prueba/p0052021_reborn/sub-007828/ses-008664/mim-mr/dwi/sub-007828_ses-008664_acq-adc_run-1100_bp-prostate_vp-ax_dwi.nii.gz,17.0,73.0,,,,,35.88,,1.0,1945-02-20,2018-07-25,val,False,,val,ses-008664,sub-007828,p0052021,,https://ceib.cipf.es/xnat2/data/projects/p0052021/experiments/XNAT03_E05996?format=html,17,73,,,,,35.88,,1,True,"MOTIVO MOTIVO MOTIVO elevación del PSA.

EXPLORACIÓN REALIZADA: RM DE PRÓSTATA MULTIPARAMÉTRICA, SIN ESPECTRO: Se realizan cortes axiales coronales y sagitales, empleando secuencias TSE potenciadas en TSE T2, T2 FS, secuencia de difusión y mapa ADC, TSE T1 previo y tras la administración de gadolinio endovenoso, con estudio de perfusión mediante LAVA GENiq, (Dotarem), se analizan curvas de captación. Se administra 1 amp. de buscapina IV previo al estudio (con el fin de disminuir artefactos por movimientos peristálticos intestinales).


INFORME

Próstata de 5 x 4,6 x 3 cms de diámetros CC x T x AP.
La zona transicional se muestra heterogénea en relación con cambios quísticos- adenomatosos.
La zona periférica: presenta una lesión que infiltra todo el LI y la región paramedila posterior derecha del LD, en la zona media y basal, que se muestra hipointensa en T2, muestra restricción en la secuencia de difusión (mapa ADC bajo) y captación de contraste, sospechosa de malignidad. La lesión contacta ampliamente con la cápsula, y se extiende hacia región basal de ambas vesículas seminales.
Las bandeletas neurovasculares se muestran conservadas.
En la lines de reflexión peritoneal se observa un pequeño nódulo de 9 mm, hipointenso en T2, no muestra restricción en difusión ni captación de contraste, por lo uqe presenta características fibrosas, (no parece implante)
Fina lámina de líquido en la pelvis.
Pequeño ganglio en cadena iliaca externa izquierda de 5 mm (hipointenso en T2), inespecífico. No se observan ganglios de aspecto patológico en cadenas iliacas.
Vejiga de pared trabeculada, sin otros hallazgos reseñables.
Segmento distal de ambos uréteres de calibre normal.


IMPRESIÓN IMPRESIÓN
Hallazgos altamente sugestivo de neoplasia de prostata que infiltra todo el LI y se extiende a base de ambas vesículas seminales (T3b, N0)
",XNAT03_S03599,XNAT03_E05996
sub-007828,ses-008664,/mnt/ceib/datalake/FISABIO_datalake/prueba/p0052021_reborn/sub-007828/ses-008664/mim-mr/anat/sub-007828_ses-008664_acq-propeller_run-10_bp-prostate_vp-ax_T2w.nii.gz,/mnt/ceib/datalake/FISABIO_datalake/prueba/p0052021_reborn/sub-007828/ses-008664/mim-mr/dwi/sub-007828_ses-008664_acq-bvalue_run-7_bp-prostate_vp-ax_dwi.nii.gz,/mnt/ceib/datalake/FISABIO_datalake/prueba/p0052021_reborn/sub-007828/ses-008664/mim-mr/dwi/sub-007828_ses-008664_acq-adc_run-1100_bp-prostate_vp-ax_dwi.nii.gz,17.0,73.0,,,,,35.88,,1.0,1945-02-20,2018-07-25,val,False,,val,ses-008664,sub-007828,p0052021,,https://ceib.cipf.es/xnat2/data/projects/p0052021/experiments/XNAT03_E05996?format=html,17,73,,,,,35.88,,1,True,"MOTIVO MOTIVO MOTIVO elevación del PSA.

EXPLORACIÓN REALIZADA: RM DE PRÓSTATA MULTIPARAMÉTRICA, SIN ESPECTRO: Se realizan cortes axiales coronales y sagitales, empleando secuencias TSE potenciadas en TSE T2, T2 FS, secuencia de difusión y mapa ADC, TSE T1 previo y tras la administración de gadolinio endovenoso, con estudio de perfusión mediante LAVA GENiq, (Dotarem), se analizan curvas de captación. Se administra 1 amp. de buscapina IV previo al estudio (con el fin de disminuir artefactos por movimientos peristálticos intestinales).


INFORME

Próstata de 5 x 4,6 x 3 cms de diámetros CC x T x AP.
La zona transicional se muestra heterogénea en relación con cambios quísticos- adenomatosos.
La zona periférica: presenta una lesión que infiltra todo el LI y la región paramedila posterior derecha del LD, en la zona media y basal, que se muestra hipointensa en T2, muestra restricción en la secuencia de difusión (mapa ADC bajo) y captación de contraste, sospechosa de malignidad. La lesión contacta ampliamente con la cápsula, y se extiende hacia región basal de ambas vesículas seminales.
Las bandeletas neurovasculares se muestran conservadas.
En la lines de reflexión peritoneal se observa un pequeño nódulo de 9 mm, hipointenso en T2, no muestra restricción en difusión ni captación de contraste, por lo uqe presenta características fibrosas, (no parece implante)
Fina lámina de líquido en la pelvis.
Pequeño ganglio en cadena iliaca externa izquierda de 5 mm (hipointenso en T2), inespecífico. No se observan ganglios de aspecto patológico en cadenas iliacas.
Vejiga de pared trabeculada, sin otros hallazgos reseñables.
Segmento distal de ambos uréteres de calibre normal.


IMPRESIÓN IMPRESIÓN
Hallazgos altamente sugestivo de neoplasia de prostata que infiltra todo el LI y se extiende a base de ambas vesículas seminales (T3b, N0)
",XNAT03_S03599,XNAT03_E05996
sub-007828,ses-008664,/mnt/ceib/datalake/FISABIO_datalake/prueba/p0052021_reborn/sub-007828/ses-008664/mim-mr/anat/sub-007828_ses-008664_acq-propeller_run-5_bp-prostate_vp-ax_T2w.nii.gz,/mnt/ceib/datalake/FISABIO_datalake/prueba/p0052021_reborn/sub-007828/ses-008664/mim-mr/dwi/sub-007828_ses-008664_acq-bvalue_run-7_bp-prostate_vp-ax_dwi.nii.gz,/mnt/ceib/datalake/FISABIO_datalake/prueba/p0052021_reborn/sub-007828/ses-008664/mim-mr/dwi/sub-007828_ses-008664_acq-adc_run-1100_bp-prostate_vp-ax_dwi.nii.gz,17.0,73.0,,,,,35.88,,1.0,1945-02-20,2018-07-25,val,False,,val,ses-008664,sub-007828,p0052021,,https://ceib.cipf.es/xnat2/data/projects/p0052021/experiments/XNAT03_E05996?format=html,17,73,,,,,35.88,,1,True,"MOTIVO MOTIVO MOTIVO elevación del PSA.

EXPLORACIÓN REALIZADA: RM DE PRÓSTATA MULTIPARAMÉTRICA, SIN ESPECTRO: Se realizan cortes axiales coronales y sagitales, empleando secuencias TSE potenciadas en TSE T2, T2 FS, secuencia de difusión y mapa ADC, TSE T1 previo y tras la administración de gadolinio endovenoso, con estudio de perfusión mediante LAVA GENiq, (Dotarem), se analizan curvas de captación. Se administra 1 amp. de buscapina IV previo al estudio (con el fin de disminuir artefactos por movimientos peristálticos intestinales).


INFORME

Próstata de 5 x 4,6 x 3 cms de diámetros CC x T x AP.
La zona transicional se muestra heterogénea en relación con cambios quísticos- adenomatosos.
La zona periférica: presenta una lesión que infiltra todo el LI y la región paramedila posterior derecha del LD, en la zona media y basal, que se muestra hipointensa en T2, muestra restricción en la secuencia de difusión (mapa ADC bajo) y captación de contraste, sospechosa de malignidad. La lesión contacta ampliamente con la cápsula, y se extiende hacia región basal de ambas vesículas seminales.
Las bandeletas neurovasculares se muestran conservadas.
En la lines de reflexión peritoneal se observa un pequeño nódulo de 9 mm, hipointenso en T2, no muestra restricción en difusión ni captación de contraste, por lo uqe presenta características fibrosas, (no parece implante)
Fina lámina de líquido en la pelvis.
Pequeño ganglio en cadena iliaca externa izquierda de 5 mm (hipointenso en T2), inespecífico. No se observan ganglios de aspecto patológico en cadenas iliacas.
Vejiga de pared trabeculada, sin otros hallazgos reseñables.
Segmento distal de ambos uréteres de calibre normal.


IMPRESIÓN IMPRESIÓN
Hallazgos altamente sugestivo de neoplasia de prostata que infiltra todo el LI y se extiende a base de ambas vesículas seminales (T3b, N0)
",XNAT03_S03599,XNAT03_E05996
sub-007768,ses-008589,/mnt/ceib/datalake/FISABIO_datalake/prueba/p0052021_reborn/sub-007768/ses-008589/mim-mr/anat/sub-007768_ses-008589_acq-propeller_run-4_bp-prostate_vp-ax_T2w.nii.gz,/mnt/ceib/datalake/FISABIO_datalake/prueba/p0052021_reborn/sub-007768/ses-008589/mim-mr/dwi/sub-007768_ses-008589_acq-bvalue_run-5_bp-prostate_vp-ax_dwi.nii.gz,/mnt/ceib/datalake/FISABIO_datalake/prueba/p0052021_reborn/sub-007768/ses-008589/mim-mr/dwi/sub-007768_ses-008589_acq-adc_run-801_bp-prostate_vp-ax_dwi.nii.gz,17.0,70.0,,2.0,,7.06,40.513200000000005,5.0,1.0,1940-08-15,2010-06-27,val,False,,val,ses-008589,sub-007768,p0052021,,https://ceib.cipf.es/xnat2/data/projects/p0052021/experiments/XNAT03_E06460?format=html,17,69,,1.0,,7.060000000000000,40.5132,"[3, 3, 2, 4, 4, 5, 5]",1,True,"INFORMACIÓN INFORMACIÓN Adenocarcinoma de próstata Gleason 6.

EXPLORACIÓN REALIZADA: RM DE PRÓSTATA MULTIPARAMÉTRICA
Se realizan cortes axiales, coronales y sagitales, empleando secuencias TSE potenciadas en T2 y T2 FS, secuencia de difusión con su respectivo mapa de ADC y TSE T1 previo y tras la administración de gadolinio endovenoso, con estudio de perfusión mediante LAVA GENiq (Dotarem), analizando las curvas de captación. Se administra 1 amp. de buscapina IV previo al estudio (con el fin de disminuir artefactos secundarios por movimientos peristálticos intestinales).

INFORME:

Próstata de 4.2 x 5.3 x 3.5 cm (CCxTx AP). Volumen aproximado de 40.5 cc.
-La zona transicional se muestra aumentada de tamaño y heterogénea, en relación con cambios quísticos-adenomatosos.
1. En su vertiente anterior e izquierda (TZa), se aprecia nódulo redondeado, de mayor hipointensidad, mal definido, muestra marcada restricción en la secuencia de difusión, con un valor bajo en la cuantificación en el mapa  ADC. Mide aproximadamente 12,6 x 14,5 x 20 mm (APxTxCC), contacta con la cápsula, en algún punto la borra. Dichos hallazgos sugieren lesión Pirad 5.

- La zona periférica presenta un grosor conservado, discretamente hipointensa de forma difusa, (probablemente relacionado en parte con cambios inflamatorios crónicos),
1. Se identifica en la región posterior de ambos lóbulos un área de mayor hipointensidad con escasa restricción en la secuencia de difusión mal definidas, que podrían corresponder a lesiones Pirads 3.
2. Se aprecia una pequeña lesión de 5 mm redondeada apical parauretral derecha, muestra restricción en la secuencia de difusión, compatible con lesión Pirad 4.
Asimetría en cuanto a la captación de ambas bandeletas, siendo mayor en el lado derecho, de características inespecíficas, aunque probablemente relacionado con cambios inflamatorios, ya que persiste pequeños hematomas post biopsias en la zona periférica.
Las vesículas seminales presentan morfología e intensidad de señal conservada.
No se aprecian adenopatías que por su tamaño o morfología sean sospechosos.
Vejiga de pared trabeculada. Segmento distal de ambos uréteres de calibre normal.
No se observa líquido libre en la pelvis.

IMPRESIÓN IMPRESIÓN

Nódulo Pirads 5 en zona transición anterior del lóbulo izquierdo, con una probabilidad de 3/5 de afectación capsular.
Nódulo Pirads 4 de 5 mm apical periureteral derecha.
Lesiones Pirads 3, en zona periférica, posterior, media, de ambos lóbulos.
Estadio T2 / T3a.
 INFORME ORIGINAL: <NUM> FECHA: <FECHA> FIRMADO: <NUM> <NAME> <NAME>, <NAME>

INFORMACIÓN INFORMACIÓN Adenocarcinoma de próstata Gleason 6.

EXPLORACIÓN REALIZADA: RM DE PRÓSTATA MULTIPARAMÉTRICA
Se realizan cortes axiales, coronales y sagitales, empleando secuencias TSE potenciadas en T2 y T2 FS, secuencia de difusión con su respectivo mapa de ADC y TSE T1 previo y tras la administración de gadolinio endovenoso, con estudio de perfusión mediante LAVA GENiq (Dotarem), analizando las curvas de captación. Se administra 1 amp. de buscapina IV previo al estudio (con el fin de disminuir artefactos secundarios por movimientos peristálticos intestinales).

INFORME:

Próstata de 4.2 x 5.3 x 3.5 cm (CCxTx AP). Volumen aproximado de 40.5 cc.
-La zona transicional se muestra aumentada de tamaño y heterogénea, en relación con cambios quísticos-adenomatosos.
1. En su vertiente anterior e izquierda (TZa), se aprecia nódulo redondeado, de mayor hipointensidad, mal definido, muestra marcada restricción en la secuencia de difusión, con un valor bajo en la cuantificación en el mapa  ADC. Mide aproximadamente 12,6 x 14,5 x 20 mm (APxTxCC), contacta con la cápsula, en algún punto la borra. Dichos hallazgos sugieren lesión Pirad 5.

- La zona periférica presenta un grosor conservado, discretamente hipointensa de forma difusa, (probablemente relacionado en parte con cambios inflamatorios crónicos),
1. Se identifica en la región posterior de ambos lóbulos un área de mayor hipointensidad con escasa restricción en la secuencia de difusión mal definidas, que podrían corresponder a lesiones Pirads 3.
2. Se aprecia una pequeña lesión de 5 mm redondeada apical parauretral derecha, muestra restricción en la secuencia de difusión, compatible con lesión Pirad 4.
Asimetría en cuanto a la captación de ambas bandeletas, siendo mayor en el lado derecho, de características inespecíficas, aunque probablemente relacionado con cambios inflamatorios, ya que persiste pequeños hematomas post biopsias en la zona periférica.
Las vesículas seminales presentan morfología e intensidad de señal conservada.
No se aprecian adenopatías que por su tamaño o morfología sean sospechosos.
Vejiga de pared trabeculada. Segmento distal de ambos uréteres de calibre normal.
No se observa líquido libre en la pelvis.

IMPRESIÓN IMPRESIÓN

Nódulo Pirads 5 en zona transición anterior del lóbulo izquierdo, con una probabilidad de 3/5 de afectación capsular.
Nódulo Pirads 4 de 5 mm apical periureteral derecha.
Lesiones Pirads 3, en zona periférica, posterior, media, de ambos lóbulos.
Estadio T2 / T3a.

ANEXO: <NUM> FECHA: <FECHA> FIRMADO: <NUM> <NAME> <NAME>, <NAME>

INFORMACIÓN INFORMACIÓN Adenocarcinoma de próstata Gleason 6.

EXPLORACIÓN REALIZADA: RM DE PRÓSTATA MULTIPARAMÉTRICA
Se realizan cortes axiales, coronales y sagitales, empleando secuencias TSE potenciadas en T2 y T2 FS, secuencia de difusión con su respectivo mapa de ADC y TSE T1 previo y tras la administración de gadolinio endovenoso, con estudio de perfusión mediante LAVA GENiq (Dotarem), analizando las curvas de captación. Se administra 1 amp. de buscapina IV previo al estudio (con el fin de disminuir artefactos secundarios por movimientos peristálticos intestinales).

INFORME:

Próstata de 4.2 x 5.3 x 3.5 cm (CCxTx AP). Volumen aproximado de 40.5 cc.
-La zona transicional se muestra aumentada de tamaño y heterogénea, en relación con cambios quísticos-adenomatosos.
1. En su vertiente anterior e izquierda (TZa), se aprecia nódulo redondeado, de mayor hipointensidad, mal definido, muestra marcada restricción en la secuencia de difusión, con un valor bajo en la cuantificación en el mapa  ADC. Mide aproximadamente 12,6 x 14,5 x 20 mm (APxTxCC), contacta con la cápsula, en algún punto la borra. Dichos hallazgos sugieren lesión Pirad 5.

- La zona periférica presenta un grosor conservado, discretamente hipointensa de forma difusa, (probablemente relacionado en parte con cambios inflamatorios crónicos),
1. Se identifica en la región posterior de ambos lóbulos un área de mayor hipointensidad con escasa restricción en la secuencia de difusión mal definidas, que podrían corresponder a lesiones Pirads 3.
2. Se aprecia una pequeña lesión de 5 mm redondeada apical parauretral derecha, muestra restricción en la secuencia de difusión, compatible con lesión Pirad 4.
Asimetría en cuanto a la captación de ambas bandeletas, siendo mayor en el lado derecho, de características inespecíficas, aunque probablemente relacionado con cambios inflamatorios, ya que persiste pequeños hematomas post biopsias en la zona periférica.
Las vesículas seminales presentan morfología e intensidad de señal conservada.
No se aprecian adenopatías que por su tamaño o morfología sean sospechosos.
Vejiga de pared trabeculada. Segmento distal de ambos uréteres de calibre normal.
No se observa líquido libre en la pelvis.

IMPRESIÓN IMPRESIÓN

Nódulo Pirads 5 en zona transición anterior del lóbulo izquierdo, con afectación capsular.
Nódulo Pirads 4 de 5 mm apical parauretral derecha.
Lesiones Pirads 3, en zona periférica, posterior, media, de ambos lóbulos.
Estadio T3a.
",XNAT03_S03976,XNAT03_E06460
sub-007768,ses-008589,/mnt/ceib/datalake/FISABIO_datalake/prueba/p0052021_reborn/sub-007768/ses-008589/mim-mr/anat/sub-007768_ses-008589_acq-propeller_run-700_bp-prostate_vp-ax_T2w.nii.gz,/mnt/ceib/datalake/FISABIO_datalake/prueba/p0052021_reborn/sub-007768/ses-008589/mim-mr/dwi/sub-007768_ses-008589_acq-bvalue_run-5_bp-prostate_vp-ax_dwi.nii.gz,/mnt/ceib/datalake/FISABIO_datalake/prueba/p0052021_reborn/sub-007768/ses-008589/mim-mr/dwi/sub-007768_ses-008589_acq-adc_run-801_bp-prostate_vp-ax_dwi.nii.gz,17.0,70.0,,2.0,,7.06,40.513200000000005,5.0,1.0,1940-08-15,2010-06-27,val,False,,val,ses-008589,sub-007768,p0052021,,https://ceib.cipf.es/xnat2/data/projects/p0052021/experiments/XNAT03_E06460?format=html,17,69,,1.0,,7.060000000000000,40.5132,"[3, 3, 2, 4, 4, 5, 5]",1,True,"INFORMACIÓN INFORMACIÓN Adenocarcinoma de próstata Gleason 6.

EXPLORACIÓN REALIZADA: RM DE PRÓSTATA MULTIPARAMÉTRICA
Se realizan cortes axiales, coronales y sagitales, empleando secuencias TSE potenciadas en T2 y T2 FS, secuencia de difusión con su respectivo mapa de ADC y TSE T1 previo y tras la administración de gadolinio endovenoso, con estudio de perfusión mediante LAVA GENiq (Dotarem), analizando las curvas de captación. Se administra 1 amp. de buscapina IV previo al estudio (con el fin de disminuir artefactos secundarios por movimientos peristálticos intestinales).

INFORME:

Próstata de 4.2 x 5.3 x 3.5 cm (CCxTx AP). Volumen aproximado de 40.5 cc.
-La zona transicional se muestra aumentada de tamaño y heterogénea, en relación con cambios quísticos-adenomatosos.
1. En su vertiente anterior e izquierda (TZa), se aprecia nódulo redondeado, de mayor hipointensidad, mal definido, muestra marcada restricción en la secuencia de difusión, con un valor bajo en la cuantificación en el mapa  ADC. Mide aproximadamente 12,6 x 14,5 x 20 mm (APxTxCC), contacta con la cápsula, en algún punto la borra. Dichos hallazgos sugieren lesión Pirad 5.

- La zona periférica presenta un grosor conservado, discretamente hipointensa de forma difusa, (probablemente relacionado en parte con cambios inflamatorios crónicos),
1. Se identifica en la región posterior de ambos lóbulos un área de mayor hipointensidad con escasa restricción en la secuencia de difusión mal definidas, que podrían corresponder a lesiones Pirads 3.
2. Se aprecia una pequeña lesión de 5 mm redondeada apical parauretral derecha, muestra restricción en la secuencia de difusión, compatible con lesión Pirad 4.
Asimetría en cuanto a la captación de ambas bandeletas, siendo mayor en el lado derecho, de características inespecíficas, aunque probablemente relacionado con cambios inflamatorios, ya que persiste pequeños hematomas post biopsias en la zona periférica.
Las vesículas seminales presentan morfología e intensidad de señal conservada.
No se aprecian adenopatías que por su tamaño o morfología sean sospechosos.
Vejiga de pared trabeculada. Segmento distal de ambos uréteres de calibre normal.
No se observa líquido libre en la pelvis.

IMPRESIÓN IMPRESIÓN

Nódulo Pirads 5 en zona transición anterior del lóbulo izquierdo, con una probabilidad de 3/5 de afectación capsular.
Nódulo Pirads 4 de 5 mm apical periureteral derecha.
Lesiones Pirads 3, en zona periférica, posterior, media, de ambos lóbulos.
Estadio T2 / T3a.
 INFORME ORIGINAL: <NUM> FECHA: <FECHA> FIRMADO: <NUM> <NAME> <NAME>, <NAME>

INFORMACIÓN INFORMACIÓN Adenocarcinoma de próstata Gleason 6.

EXPLORACIÓN REALIZADA: RM DE PRÓSTATA MULTIPARAMÉTRICA
Se realizan cortes axiales, coronales y sagitales, empleando secuencias TSE potenciadas en T2 y T2 FS, secuencia de difusión con su respectivo mapa de ADC y TSE T1 previo y tras la administración de gadolinio endovenoso, con estudio de perfusión mediante LAVA GENiq (Dotarem), analizando las curvas de captación. Se administra 1 amp. de buscapina IV previo al estudio (con el fin de disminuir artefactos secundarios por movimientos peristálticos intestinales).

INFORME:

Próstata de 4.2 x 5.3 x 3.5 cm (CCxTx AP). Volumen aproximado de 40.5 cc.
-La zona transicional se muestra aumentada de tamaño y heterogénea, en relación con cambios quísticos-adenomatosos.
1. En su vertiente anterior e izquierda (TZa), se aprecia nódulo redondeado, de mayor hipointensidad, mal definido, muestra marcada restricción en la secuencia de difusión, con un valor bajo en la cuantificación en el mapa  ADC. Mide aproximadamente 12,6 x 14,5 x 20 mm (APxTxCC), contacta con la cápsula, en algún punto la borra. Dichos hallazgos sugieren lesión Pirad 5.

- La zona periférica presenta un grosor conservado, discretamente hipointensa de forma difusa, (probablemente relacionado en parte con cambios inflamatorios crónicos),
1. Se identifica en la región posterior de ambos lóbulos un área de mayor hipointensidad con escasa restricción en la secuencia de difusión mal definidas, que podrían corresponder a lesiones Pirads 3.
2. Se aprecia una pequeña lesión de 5 mm redondeada apical parauretral derecha, muestra restricción en la secuencia de difusión, compatible con lesión Pirad 4.
Asimetría en cuanto a la captación de ambas bandeletas, siendo mayor en el lado derecho, de características inespecíficas, aunque probablemente relacionado con cambios inflamatorios, ya que persiste pequeños hematomas post biopsias en la zona periférica.
Las vesículas seminales presentan morfología e intensidad de señal conservada.
No se aprecian adenopatías que por su tamaño o morfología sean sospechosos.
Vejiga de pared trabeculada. Segmento distal de ambos uréteres de calibre normal.
No se observa líquido libre en la pelvis.

IMPRESIÓN IMPRESIÓN

Nódulo Pirads 5 en zona transición anterior del lóbulo izquierdo, con una probabilidad de 3/5 de afectación capsular.
Nódulo Pirads 4 de 5 mm apical periureteral derecha.
Lesiones Pirads 3, en zona periférica, posterior, media, de ambos lóbulos.
Estadio T2 / T3a.

ANEXO: <NUM> FECHA: <FECHA> FIRMADO: <NUM> <NAME> <NAME>, <NAME>

INFORMACIÓN INFORMACIÓN Adenocarcinoma de próstata Gleason 6.

EXPLORACIÓN REALIZADA: RM DE PRÓSTATA MULTIPARAMÉTRICA
Se realizan cortes axiales, coronales y sagitales, empleando secuencias TSE potenciadas en T2 y T2 FS, secuencia de difusión con su respectivo mapa de ADC y TSE T1 previo y tras la administración de gadolinio endovenoso, con estudio de perfusión mediante LAVA GENiq (Dotarem), analizando las curvas de captación. Se administra 1 amp. de buscapina IV previo al estudio (con el fin de disminuir artefactos secundarios por movimientos peristálticos intestinales).

INFORME:

Próstata de 4.2 x 5.3 x 3.5 cm (CCxTx AP). Volumen aproximado de 40.5 cc.
-La zona transicional se muestra aumentada de tamaño y heterogénea, en relación con cambios quísticos-adenomatosos.
1. En su vertiente anterior e izquierda (TZa), se aprecia nódulo redondeado, de mayor hipointensidad, mal definido, muestra marcada restricción en la secuencia de difusión, con un valor bajo en la cuantificación en el mapa  ADC. Mide aproximadamente 12,6 x 14,5 x 20 mm (APxTxCC), contacta con la cápsula, en algún punto la borra. Dichos hallazgos sugieren lesión Pirad 5.

- La zona periférica presenta un grosor conservado, discretamente hipointensa de forma difusa, (probablemente relacionado en parte con cambios inflamatorios crónicos),
1. Se identifica en la región posterior de ambos lóbulos un área de mayor hipointensidad con escasa restricción en la secuencia de difusión mal definidas, que podrían corresponder a lesiones Pirads 3.
2. Se aprecia una pequeña lesión de 5 mm redondeada apical parauretral derecha, muestra restricción en la secuencia de difusión, compatible con lesión Pirad 4.
Asimetría en cuanto a la captación de ambas bandeletas, siendo mayor en el lado derecho, de características inespecíficas, aunque probablemente relacionado con cambios inflamatorios, ya que persiste pequeños hematomas post biopsias en la zona periférica.
Las vesículas seminales presentan morfología e intensidad de señal conservada.
No se aprecian adenopatías que por su tamaño o morfología sean sospechosos.
Vejiga de pared trabeculada. Segmento distal de ambos uréteres de calibre normal.
No se observa líquido libre en la pelvis.

IMPRESIÓN IMPRESIÓN

Nódulo Pirads 5 en zona transición anterior del lóbulo izquierdo, con afectación capsular.
Nódulo Pirads 4 de 5 mm apical parauretral derecha.
Lesiones Pirads 3, en zona periférica, posterior, media, de ambos lóbulos.
Estadio T3a.
",XNAT03_S03976,XNAT03_E06460
sub-007768,ses-008589,/mnt/ceib/datalake/FISABIO_datalake/prueba/p0052021_reborn/sub-007768/ses-008589/mim-mr/anat/sub-007768_ses-008589_acq-propeller_run-7_bp-prostate_vp-ax_T2w.nii.gz,/mnt/ceib/datalake/FISABIO_datalake/prueba/p0052021_reborn/sub-007768/ses-008589/mim-mr/dwi/sub-007768_ses-008589_acq-bvalue_run-5_bp-prostate_vp-ax_dwi.nii.gz,/mnt/ceib/datalake/FISABIO_datalake/prueba/p0052021_reborn/sub-007768/ses-008589/mim-mr/dwi/sub-007768_ses-008589_acq-adc_run-801_bp-prostate_vp-ax_dwi.nii.gz,17.0,70.0,,2.0,,7.06,40.513200000000005,5.0,1.0,1940-08-15,2010-06-27,val,False,,val,ses-008589,sub-007768,p0052021,,https://ceib.cipf.es/xnat2/data/projects/p0052021/experiments/XNAT03_E06460?format=html,17,69,,1.0,,7.060000000000000,40.5132,"[3, 3, 2, 4, 4, 5, 5]",1,True,"INFORMACIÓN INFORMACIÓN Adenocarcinoma de próstata Gleason 6.

EXPLORACIÓN REALIZADA: RM DE PRÓSTATA MULTIPARAMÉTRICA
Se realizan cortes axiales, coronales y sagitales, empleando secuencias TSE potenciadas en T2 y T2 FS, secuencia de difusión con su respectivo mapa de ADC y TSE T1 previo y tras la administración de gadolinio endovenoso, con estudio de perfusión mediante LAVA GENiq (Dotarem), analizando las curvas de captación. Se administra 1 amp. de buscapina IV previo al estudio (con el fin de disminuir artefactos secundarios por movimientos peristálticos intestinales).

INFORME:

Próstata de 4.2 x 5.3 x 3.5 cm (CCxTx AP). Volumen aproximado de 40.5 cc.
-La zona transicional se muestra aumentada de tamaño y heterogénea, en relación con cambios quísticos-adenomatosos.
1. En su vertiente anterior e izquierda (TZa), se aprecia nódulo redondeado, de mayor hipointensidad, mal definido, muestra marcada restricción en la secuencia de difusión, con un valor bajo en la cuantificación en el mapa  ADC. Mide aproximadamente 12,6 x 14,5 x 20 mm (APxTxCC), contacta con la cápsula, en algún punto la borra. Dichos hallazgos sugieren lesión Pirad 5.

- La zona periférica presenta un grosor conservado, discretamente hipointensa de forma difusa, (probablemente relacionado en parte con cambios inflamatorios crónicos),
1. Se identifica en la región posterior de ambos lóbulos un área de mayor hipointensidad con escasa restricción en la secuencia de difusión mal definidas, que podrían corresponder a lesiones Pirads 3.
2. Se aprecia una pequeña lesión de 5 mm redondeada apical parauretral derecha, muestra restricción en la secuencia de difusión, compatible con lesión Pirad 4.
Asimetría en cuanto a la captación de ambas bandeletas, siendo mayor en el lado derecho, de características inespecíficas, aunque probablemente relacionado con cambios inflamatorios, ya que persiste pequeños hematomas post biopsias en la zona periférica.
Las vesículas seminales presentan morfología e intensidad de señal conservada.
No se aprecian adenopatías que por su tamaño o morfología sean sospechosos.
Vejiga de pared trabeculada. Segmento distal de ambos uréteres de calibre normal.
No se observa líquido libre en la pelvis.

IMPRESIÓN IMPRESIÓN

Nódulo Pirads 5 en zona transición anterior del lóbulo izquierdo, con una probabilidad de 3/5 de afectación capsular.
Nódulo Pirads 4 de 5 mm apical periureteral derecha.
Lesiones Pirads 3, en zona periférica, posterior, media, de ambos lóbulos.
Estadio T2 / T3a.
 INFORME ORIGINAL: <NUM> FECHA: <FECHA> FIRMADO: <NUM> <NAME> <NAME>, <NAME>

INFORMACIÓN INFORMACIÓN Adenocarcinoma de próstata Gleason 6.

EXPLORACIÓN REALIZADA: RM DE PRÓSTATA MULTIPARAMÉTRICA
Se realizan cortes axiales, coronales y sagitales, empleando secuencias TSE potenciadas en T2 y T2 FS, secuencia de difusión con su respectivo mapa de ADC y TSE T1 previo y tras la administración de gadolinio endovenoso, con estudio de perfusión mediante LAVA GENiq (Dotarem), analizando las curvas de captación. Se administra 1 amp. de buscapina IV previo al estudio (con el fin de disminuir artefactos secundarios por movimientos peristálticos intestinales).

INFORME:

Próstata de 4.2 x 5.3 x 3.5 cm (CCxTx AP). Volumen aproximado de 40.5 cc.
-La zona transicional se muestra aumentada de tamaño y heterogénea, en relación con cambios quísticos-adenomatosos.
1. En su vertiente anterior e izquierda (TZa), se aprecia nódulo redondeado, de mayor hipointensidad, mal definido, muestra marcada restricción en la secuencia de difusión, con un valor bajo en la cuantificación en el mapa  ADC. Mide aproximadamente 12,6 x 14,5 x 20 mm (APxTxCC), contacta con la cápsula, en algún punto la borra. Dichos hallazgos sugieren lesión Pirad 5.

- La zona periférica presenta un grosor conservado, discretamente hipointensa de forma difusa, (probablemente relacionado en parte con cambios inflamatorios crónicos),
1. Se identifica en la región posterior de ambos lóbulos un área de mayor hipointensidad con escasa restricción en la secuencia de difusión mal definidas, que podrían corresponder a lesiones Pirads 3.
2. Se aprecia una pequeña lesión de 5 mm redondeada apical parauretral derecha, muestra restricción en la secuencia de difusión, compatible con lesión Pirad 4.
Asimetría en cuanto a la captación de ambas bandeletas, siendo mayor en el lado derecho, de características inespecíficas, aunque probablemente relacionado con cambios inflamatorios, ya que persiste pequeños hematomas post biopsias en la zona periférica.
Las vesículas seminales presentan morfología e intensidad de señal conservada.
No se aprecian adenopatías que por su tamaño o morfología sean sospechosos.
Vejiga de pared trabeculada. Segmento distal de ambos uréteres de calibre normal.
No se observa líquido libre en la pelvis.

IMPRESIÓN IMPRESIÓN

Nódulo Pirads 5 en zona transición anterior del lóbulo izquierdo, con una probabilidad de 3/5 de afectación capsular.
Nódulo Pirads 4 de 5 mm apical periureteral derecha.
Lesiones Pirads 3, en zona periférica, posterior, media, de ambos lóbulos.
Estadio T2 / T3a.

ANEXO: <NUM> FECHA: <FECHA> FIRMADO: <NUM> <NAME> <NAME>, <NAME>

INFORMACIÓN INFORMACIÓN Adenocarcinoma de próstata Gleason 6.

EXPLORACIÓN REALIZADA: RM DE PRÓSTATA MULTIPARAMÉTRICA
Se realizan cortes axiales, coronales y sagitales, empleando secuencias TSE potenciadas en T2 y T2 FS, secuencia de difusión con su respectivo mapa de ADC y TSE T1 previo y tras la administración de gadolinio endovenoso, con estudio de perfusión mediante LAVA GENiq (Dotarem), analizando las curvas de captación. Se administra 1 amp. de buscapina IV previo al estudio (con el fin de disminuir artefactos secundarios por movimientos peristálticos intestinales).

INFORME:

Próstata de 4.2 x 5.3 x 3.5 cm (CCxTx AP). Volumen aproximado de 40.5 cc.
-La zona transicional se muestra aumentada de tamaño y heterogénea, en relación con cambios quísticos-adenomatosos.
1. En su vertiente anterior e izquierda (TZa), se aprecia nódulo redondeado, de mayor hipointensidad, mal definido, muestra marcada restricción en la secuencia de difusión, con un valor bajo en la cuantificación en el mapa  ADC. Mide aproximadamente 12,6 x 14,5 x 20 mm (APxTxCC), contacta con la cápsula, en algún punto la borra. Dichos hallazgos sugieren lesión Pirad 5.

- La zona periférica presenta un grosor conservado, discretamente hipointensa de forma difusa, (probablemente relacionado en parte con cambios inflamatorios crónicos),
1. Se identifica en la región posterior de ambos lóbulos un área de mayor hipointensidad con escasa restricción en la secuencia de difusión mal definidas, que podrían corresponder a lesiones Pirads 3.
2. Se aprecia una pequeña lesión de 5 mm redondeada apical parauretral derecha, muestra restricción en la secuencia de difusión, compatible con lesión Pirad 4.
Asimetría en cuanto a la captación de ambas bandeletas, siendo mayor en el lado derecho, de características inespecíficas, aunque probablemente relacionado con cambios inflamatorios, ya que persiste pequeños hematomas post biopsias en la zona periférica.
Las vesículas seminales presentan morfología e intensidad de señal conservada.
No se aprecian adenopatías que por su tamaño o morfología sean sospechosos.
Vejiga de pared trabeculada. Segmento distal de ambos uréteres de calibre normal.
No se observa líquido libre en la pelvis.

IMPRESIÓN IMPRESIÓN

Nódulo Pirads 5 en zona transición anterior del lóbulo izquierdo, con afectación capsular.
Nódulo Pirads 4 de 5 mm apical parauretral derecha.
Lesiones Pirads 3, en zona periférica, posterior, media, de ambos lóbulos.
Estadio T3a.
",XNAT03_S03976,XNAT03_E06460
sub-005981,ses-006490,/mnt/ceib/datalake/FISABIO_datalake/prueba/p0052021_reborn/sub-005981/ses-006490/mim-mr/anat/sub-005981_ses-006490_acq-fse_run-4_bp-prostate_vp-ax_T2w.nii.gz,/mnt/ceib/datalake/FISABIO_datalake/prueba/p0052021_reborn/sub-005981/ses-006490/mim-mr/dwi/sub-005981_ses-006490_acq-bvalue_run-300_bp-prostate_vp-ax_dwi.nii.gz,/mnt/ceib/datalake/FISABIO_datalake/prueba/p0052021_reborn/sub-005981/ses-006490/mim-mr/dwi/sub-005981_ses-006490_acq-adc_run-350_bp-prostate_vp-ax_dwi.nii.gz,5.0,66.0,,,,6.73,48.074000000000005,4.0,1.0,1952-07-29,2019-07-27,val,False,,val,ses-006490,sub-005981,p0052021,,https://ceib.cipf.es/xnat2/data/projects/p0052021/experiments/XNAT03_E00505?format=html,5,66,,,,6.730000000000000,48.07400000000001,"[3, 4]",1,True,"INDICACIÓN:
Elevación del PSA. Valoración para biopsia guiada..
TÉCNICA:
RM prostática con administración de CIV (Dotarem a dosis de 0'2 ml/Kg de peso del paciente). Estudio dinámico de perfusion durante 5 min. Secuencias de difusión con b: 0, 1000 y 1400, Obteniendo posteriormente valores de forma sintética.
HALLAZGOS:
La próstata presenta unos ejes máximos de 50 x 43 x 43 mm (transversal, anteroposterior, craneocaudal), y un volumen de 48cc.
No se aprecia impronta del LM en el suelo de la vejiga.
No se visualizan restos hemáticos.
Zona periférica:
Lesión de 12 mm de diámetro transversal máximo localizado en vertiente posterolateral de lóbulo prostático izquierdo, que muestra significativa restricción ala difusión y presenta comportamiento hipervascular, PI-RADS 4. Condiciona abombamiento del contorno en glandular, Con signos de infiltración de la cápsula y colapso parcial del ángulo rectoprostático, no objetivando claramente afectación de la bandeleta vasculonerviosa.
Zona transicional:
Aspecto heterogénea por hiperplasia benigna de próstata, visualizando múltiples pequeñas lesiones quísticas y zonas pseudonodulares de hipointensidad de señal. Estas lesiones, en el estudio de perfusión así como de difusión no sugieren la presencia de tejido tumoral viable. PIRADS 3
Vesículas seminales de morfología y señal normal, sin signos de infiltración.
No se observan adenopatías en los territorios ganglionares estudiados.
No existen alteraciones que indiquen la presencia de metástasis.
CONCLUSIÓN:
Lesión PI-RADS cuarto en zona periférica de lóbulo izquierdo con signos de afectación de la cápsula glandular.
",XNAT03_S00432,XNAT03_E00505
sub-005981,ses-006490,/mnt/ceib/datalake/FISABIO_datalake/prueba/p0052021_reborn/sub-005981/ses-006490/mim-mr/anat/sub-005981_ses-006490_acq-fse_run-6_bp-prostate_vp-ax_T2w.nii.gz,/mnt/ceib/datalake/FISABIO_datalake/prueba/p0052021_reborn/sub-005981/ses-006490/mim-mr/dwi/sub-005981_ses-006490_acq-bvalue_run-300_bp-prostate_vp-ax_dwi.nii.gz,/mnt/ceib/datalake/FISABIO_datalake/prueba/p0052021_reborn/sub-005981/ses-006490/mim-mr/dwi/sub-005981_ses-006490_acq-adc_run-350_bp-prostate_vp-ax_dwi.nii.gz,5.0,66.0,,,,6.73,48.074000000000005,4.0,1.0,1952-07-29,2019-07-27,val,False,,val,ses-006490,sub-005981,p0052021,,https://ceib.cipf.es/xnat2/data/projects/p0052021/experiments/XNAT03_E00505?format=html,5,66,,,,6.730000000000000,48.07400000000001,"[3, 4]",1,True,"INDICACIÓN:
Elevación del PSA. Valoración para biopsia guiada..
TÉCNICA:
RM prostática con administración de CIV (Dotarem a dosis de 0'2 ml/Kg de peso del paciente). Estudio dinámico de perfusion durante 5 min. Secuencias de difusión con b: 0, 1000 y 1400, Obteniendo posteriormente valores de forma sintética.
HALLAZGOS:
La próstata presenta unos ejes máximos de 50 x 43 x 43 mm (transversal, anteroposterior, craneocaudal), y un volumen de 48cc.
No se aprecia impronta del LM en el suelo de la vejiga.
No se visualizan restos hemáticos.
Zona periférica:
Lesión de 12 mm de diámetro transversal máximo localizado en vertiente posterolateral de lóbulo prostático izquierdo, que muestra significativa restricción ala difusión y presenta comportamiento hipervascular, PI-RADS 4. Condiciona abombamiento del contorno en glandular, Con signos de infiltración de la cápsula y colapso parcial del ángulo rectoprostático, no objetivando claramente afectación de la bandeleta vasculonerviosa.
Zona transicional:
Aspecto heterogénea por hiperplasia benigna de próstata, visualizando múltiples pequeñas lesiones quísticas y zonas pseudonodulares de hipointensidad de señal. Estas lesiones, en el estudio de perfusión así como de difusión no sugieren la presencia de tejido tumoral viable. PIRADS 3
Vesículas seminales de morfología y señal normal, sin signos de infiltración.
No se observan adenopatías en los territorios ganglionares estudiados.
No existen alteraciones que indiquen la presencia de metástasis.
CONCLUSIÓN:
Lesión PI-RADS cuarto en zona periférica de lóbulo izquierdo con signos de afectación de la cápsula glandular.
",XNAT03_S00432,XNAT03_E00505
sub-006110,ses-006636,/mnt/ceib/datalake/FISABIO_datalake/prueba/p0052021_reborn/sub-006110/ses-006636/mim-mr/anat/sub-006110_ses-006636_acq-propeller_run-800_bp-prostate_vp-ax_T2w.nii.gz,/mnt/ceib/datalake/FISABIO_datalake/prueba/p0052021_reborn/sub-006110/ses-006636/mim-mr/dwi/sub-006110_ses-006636_acq-bvalue_run-11_bp-prostate_vp-ax_dwi.nii.gz,/mnt/ceib/datalake/FISABIO_datalake/prueba/p0052021_reborn/sub-006110/ses-006636/mim-mr/dwi/sub-006110_ses-006636_acq-adc_run-901_bp-prostate_vp-ax_dwi.nii.gz,17.0,72.0,,1.0,1.0,4.05,45.882720000000006,5.0,1.0,1943-05-16,2016-02-25,val,False,,val,ses-006636,sub-006110,p0052021,,https://ceib.cipf.es/xnat2/data/projects/p0052021/experiments/XNAT03_E06691?format=html,17,72,,0.0,,4.050000000000000,45.88272000000001,[5],1,True,"MOTIVO MOTIVO MOTIVO 72 años, PSA 4,430, libre 10 %. TR: nódulo palpable en lóbulo derecho. RM de próstata previo a biopsia.

EXPLORACIÓN REALIZADA: RM DE PRÓSTATA BIPARAMÉTRICA, con pelvis: Se realizan cortes axiales coronales y sagitales, empleando secuencias TSE potenciadas en TSE T2, T2 FS, secuencia de difusión y mapa ADC, TSE T1. Se administra 1 amp. de buscapina IV previo al estudio (con el fin de disminuir artefactos por movimientos peristálticos intestinales).

INFORME
Próstata de 4,3 x 3,6 x 5,7 cm de ejes CC x AP X T      .
Estudio morfológico T2 y difusión:
-La zona transicional se muestra heterogénea en relación con cambios quísticos- adenomatosos.
-La zona periférica: se objetiva muy hiperintensa. Se visualiza a nivel del lóbulo derecho afectado a los segmento posteriores medio-basales un nódulo muy hipointenso en T2, que restringe en difusión (ADC de 5000) con un tamaño estimado de 18 x 14 x 16 mm de ejes CC x T X AP (que coincide con el tacto rectal), que rectrae la cápsula (sospecha de afectación capsular 3 sobre 5) y contacta sin infiltrar con la parte inferior de las vesículas seminales derechas

Las vesículas seminales presentan un nivel con contenido más iso en la parte declive en T2 y no muy hiper en T1, pero probablemente secundario a la presencia de contenido hemático
Numerosos gánglios en cadenas iliacas e inguinales, siendo el más prominente el localizado en cadena iliaca derecha de 6 mm

Vejiga sin alteraciones reseñables.
Segmento distal de ambos uréteres de calibre normal.
No se observa líquido libre en la pelvis.

IMPRESIÓN IMPRESIÓN
Nódulo sospechoso PIRADS 5  en segmento medio-basal posterior del lóbulo derecho PIRADS 5. El estadiaje propuesto por RM sería T2-T3, N0 (numerosos gánglios en cadenas iliacas e inguinales).
",XNAT03_S04168,XNAT03_E06691
sub-006110,ses-006636,/mnt/ceib/datalake/FISABIO_datalake/prueba/p0052021_reborn/sub-006110/ses-006636/mim-mr/anat/sub-006110_ses-006636_acq-propeller_run-10_bp-prostate_vp-ax_T2w.nii.gz,/mnt/ceib/datalake/FISABIO_datalake/prueba/p0052021_reborn/sub-006110/ses-006636/mim-mr/dwi/sub-006110_ses-006636_acq-bvalue_run-11_bp-prostate_vp-ax_dwi.nii.gz,/mnt/ceib/datalake/FISABIO_datalake/prueba/p0052021_reborn/sub-006110/ses-006636/mim-mr/dwi/sub-006110_ses-006636_acq-adc_run-901_bp-prostate_vp-ax_dwi.nii.gz,17.0,72.0,,1.0,1.0,4.05,45.882720000000006,5.0,1.0,1943-05-16,2016-02-25,val,False,,val,ses-006636,sub-006110,p0052021,,https://ceib.cipf.es/xnat2/data/projects/p0052021/experiments/XNAT03_E06691?format=html,17,72,,0.0,,4.050000000000000,45.88272000000001,[5],1,True,"MOTIVO MOTIVO MOTIVO 72 años, PSA 4,430, libre 10 %. TR: nódulo palpable en lóbulo derecho. RM de próstata previo a biopsia.

EXPLORACIÓN REALIZADA: RM DE PRÓSTATA BIPARAMÉTRICA, con pelvis: Se realizan cortes axiales coronales y sagitales, empleando secuencias TSE potenciadas en TSE T2, T2 FS, secuencia de difusión y mapa ADC, TSE T1. Se administra 1 amp. de buscapina IV previo al estudio (con el fin de disminuir artefactos por movimientos peristálticos intestinales).

INFORME
Próstata de 4,3 x 3,6 x 5,7 cm de ejes CC x AP X T      .
Estudio morfológico T2 y difusión:
-La zona transicional se muestra heterogénea en relación con cambios quísticos- adenomatosos.
-La zona periférica: se objetiva muy hiperintensa. Se visualiza a nivel del lóbulo derecho afectado a los segmento posteriores medio-basales un nódulo muy hipointenso en T2, que restringe en difusión (ADC de 5000) con un tamaño estimado de 18 x 14 x 16 mm de ejes CC x T X AP (que coincide con el tacto rectal), que rectrae la cápsula (sospecha de afectación capsular 3 sobre 5) y contacta sin infiltrar con la parte inferior de las vesículas seminales derechas

Las vesículas seminales presentan un nivel con contenido más iso en la parte declive en T2 y no muy hiper en T1, pero probablemente secundario a la presencia de contenido hemático
Numerosos gánglios en cadenas iliacas e inguinales, siendo el más prominente el localizado en cadena iliaca derecha de 6 mm

Vejiga sin alteraciones reseñables.
Segmento distal de ambos uréteres de calibre normal.
No se observa líquido libre en la pelvis.

IMPRESIÓN IMPRESIÓN
Nódulo sospechoso PIRADS 5  en segmento medio-basal posterior del lóbulo derecho PIRADS 5. El estadiaje propuesto por RM sería T2-T3, N0 (numerosos gánglios en cadenas iliacas e inguinales).
",XNAT03_S04168,XNAT03_E06691
sub-006110,ses-006636,/mnt/ceib/datalake/FISABIO_datalake/prueba/p0052021_reborn/sub-006110/ses-006636/mim-mr/anat/sub-006110_ses-006636_acq-propeller_run-8_bp-prostate_vp-ax_T2w.nii.gz,/mnt/ceib/datalake/FISABIO_datalake/prueba/p0052021_reborn/sub-006110/ses-006636/mim-mr/dwi/sub-006110_ses-006636_acq-bvalue_run-11_bp-prostate_vp-ax_dwi.nii.gz,/mnt/ceib/datalake/FISABIO_datalake/prueba/p0052021_reborn/sub-006110/ses-006636/mim-mr/dwi/sub-006110_ses-006636_acq-adc_run-901_bp-prostate_vp-ax_dwi.nii.gz,17.0,72.0,,1.0,1.0,4.05,45.882720000000006,5.0,1.0,1943-05-16,2016-02-25,val,False,,val,ses-006636,sub-006110,p0052021,,https://ceib.cipf.es/xnat2/data/projects/p0052021/experiments/XNAT03_E06691?format=html,17,72,,0.0,,4.050000000000000,45.88272000000001,[5],1,True,"MOTIVO MOTIVO MOTIVO 72 años, PSA 4,430, libre 10 %. TR: nódulo palpable en lóbulo derecho. RM de próstata previo a biopsia.

EXPLORACIÓN REALIZADA: RM DE PRÓSTATA BIPARAMÉTRICA, con pelvis: Se realizan cortes axiales coronales y sagitales, empleando secuencias TSE potenciadas en TSE T2, T2 FS, secuencia de difusión y mapa ADC, TSE T1. Se administra 1 amp. de buscapina IV previo al estudio (con el fin de disminuir artefactos por movimientos peristálticos intestinales).

INFORME
Próstata de 4,3 x 3,6 x 5,7 cm de ejes CC x AP X T      .
Estudio morfológico T2 y difusión:
-La zona transicional se muestra heterogénea en relación con cambios quísticos- adenomatosos.
-La zona periférica: se objetiva muy hiperintensa. Se visualiza a nivel del lóbulo derecho afectado a los segmento posteriores medio-basales un nódulo muy hipointenso en T2, que restringe en difusión (ADC de 5000) con un tamaño estimado de 18 x 14 x 16 mm de ejes CC x T X AP (que coincide con el tacto rectal), que rectrae la cápsula (sospecha de afectación capsular 3 sobre 5) y contacta sin infiltrar con la parte inferior de las vesículas seminales derechas

Las vesículas seminales presentan un nivel con contenido más iso en la parte declive en T2 y no muy hiper en T1, pero probablemente secundario a la presencia de contenido hemático
Numerosos gánglios en cadenas iliacas e inguinales, siendo el más prominente el localizado en cadena iliaca derecha de 6 mm

Vejiga sin alteraciones reseñables.
Segmento distal de ambos uréteres de calibre normal.
No se observa líquido libre en la pelvis.

IMPRESIÓN IMPRESIÓN
Nódulo sospechoso PIRADS 5  en segmento medio-basal posterior del lóbulo derecho PIRADS 5. El estadiaje propuesto por RM sería T2-T3, N0 (numerosos gánglios en cadenas iliacas e inguinales).
",XNAT03_S04168,XNAT03_E06691
sub-006110,ses-006636,/mnt/ceib/datalake/FISABIO_datalake/prueba/p0052021_reborn/sub-006110/ses-006636/mim-mr/anat/sub-006110_ses-006636_acq-fse_run-4_bp-prostate_vp-ax_T2w.nii.gz,/mnt/ceib/datalake/FISABIO_datalake/prueba/p0052021_reborn/sub-006110/ses-006636/mim-mr/dwi/sub-006110_ses-006636_acq-bvalue_run-11_bp-prostate_vp-ax_dwi.nii.gz,/mnt/ceib/datalake/FISABIO_datalake/prueba/p0052021_reborn/sub-006110/ses-006636/mim-mr/dwi/sub-006110_ses-006636_acq-adc_run-901_bp-prostate_vp-ax_dwi.nii.gz,17.0,72.0,,1.0,1.0,4.05,45.882720000000006,5.0,1.0,1943-05-16,2016-02-25,val,False,,val,ses-006636,sub-006110,p0052021,,https://ceib.cipf.es/xnat2/data/projects/p0052021/experiments/XNAT03_E06691?format=html,17,72,,0.0,,4.050000000000000,45.88272000000001,[5],1,True,"MOTIVO MOTIVO MOTIVO 72 años, PSA 4,430, libre 10 %. TR: nódulo palpable en lóbulo derecho. RM de próstata previo a biopsia.

EXPLORACIÓN REALIZADA: RM DE PRÓSTATA BIPARAMÉTRICA, con pelvis: Se realizan cortes axiales coronales y sagitales, empleando secuencias TSE potenciadas en TSE T2, T2 FS, secuencia de difusión y mapa ADC, TSE T1. Se administra 1 amp. de buscapina IV previo al estudio (con el fin de disminuir artefactos por movimientos peristálticos intestinales).

INFORME
Próstata de 4,3 x 3,6 x 5,7 cm de ejes CC x AP X T      .
Estudio morfológico T2 y difusión:
-La zona transicional se muestra heterogénea en relación con cambios quísticos- adenomatosos.
-La zona periférica: se objetiva muy hiperintensa. Se visualiza a nivel del lóbulo derecho afectado a los segmento posteriores medio-basales un nódulo muy hipointenso en T2, que restringe en difusión (ADC de 5000) con un tamaño estimado de 18 x 14 x 16 mm de ejes CC x T X AP (que coincide con el tacto rectal), que rectrae la cápsula (sospecha de afectación capsular 3 sobre 5) y contacta sin infiltrar con la parte inferior de las vesículas seminales derechas

Las vesículas seminales presentan un nivel con contenido más iso en la parte declive en T2 y no muy hiper en T1, pero probablemente secundario a la presencia de contenido hemático
Numerosos gánglios en cadenas iliacas e inguinales, siendo el más prominente el localizado en cadena iliaca derecha de 6 mm

Vejiga sin alteraciones reseñables.
Segmento distal de ambos uréteres de calibre normal.
No se observa líquido libre en la pelvis.

IMPRESIÓN IMPRESIÓN
Nódulo sospechoso PIRADS 5  en segmento medio-basal posterior del lóbulo derecho PIRADS 5. El estadiaje propuesto por RM sería T2-T3, N0 (numerosos gánglios en cadenas iliacas e inguinales).
",XNAT03_S04168,XNAT03_E06691
sub-007476,ses-008236,/mnt/ceib/datalake/FISABIO_datalake/prueba/p0052021_reborn/sub-007476/ses-008236/mim-mr/anat/sub-007476_ses-008236_acq-propeller_run-600_bp-prostate_vp-ax_T2w.nii.gz,/mnt/ceib/datalake/FISABIO_datalake/prueba/p0052021_reborn/sub-007476/ses-008236/mim-mr/dwi/sub-007476_ses-008236_acq-bvalue_run-7_bp-prostate_vp-ax_dwi.nii.gz,/mnt/ceib/datalake/FISABIO_datalake/prueba/p0052021_reborn/sub-007476/ses-008236/mim-mr/dwi/sub-007476_ses-008236_acq-adc_run-801_bp-prostate_vp-ax_dwi.nii.gz,17.0,75.0,,,,3.21,73.00800000000001,,1.0,1938-12-25,2014-05-27,val,False,,val,ses-008236,sub-007476,p0052021,,https://ceib.cipf.es/xnat2/data/projects/p0052021/experiments/XNAT03_E05351?format=html,17,75,,,,3.210000000000000,73.00800000000001,,1,True,"MOTIVO MOTIVO MOTIVO Neoplasia de prostata tratada con RT.

EXPLORACIÃ_x0093_N REALIZADA: RM DE PRÃ_x0093_STATA MULTIPARAMÃ_x0089_TRICA, SIN ESPECTRO: Se realizan cortes axiales coronales y sagitales, empleando secuencias TSE potenciadas en TSE T2, T2 FS, secuencia de difusiÃ³n y mapa ADC, TSE T1 previo y tras la administraciÃ³n de gadolinio endovenoso, con estudio de perfusiÃ³n mediante LAVA GENiq, (Dotarem), se analizan curvas de captaciÃ³n. Se administra 1 amp. de buscapina IV previo al estudio (con el fin de disminuir artefactos por movimientos peristÃ¡lticos intestinales).


INFORME

PrÃ³stata de  6 x 5,2 x 4,5 cms de diÃ¡metros CC x T x AP.
La porciÃ³n transicional se muestra heterogÃ©nea en relaciÃ³n con cambios adenomatosos .
La porciÃ³n perifÃ©rica: En el estudio morfolÃ³gico T2 se muestra marcadamente hipointensa en relaciÃ³n con cambios crÃ³nicos. Se identifican en el estudio de perfusiÃ³n: una captaciÃ³n en la regiÃ³n basal posterior del LI de aprox 10 x 5 x 12,5 mm (T x AP x CC) y otra en la regiÃ³n media posterior del LD de 12 x 5 x 14 mm (T x AP x CC), coinciden con dos zonas de restricciÃ³n en la secuencia de difusiÃ³n. Dichos hallazgos podrian corresponder a recidiva tumoral confinado a la prÃ³stata.
La cÃ¡psula y bandeletas neurovasculares.
Las vesÃ­culas seminales, poco replecionadas, no captan contraste.
No se observan ganglios de aspecto patolÃ³gico en cadenas iliacas.
Vejiga sin alteraciones reseÃ±ables. Segmento distal de ambos urÃ©teres de calibre normal.
No se observa lÃ­quido libre en la pelvis.

IMPRESIÃ_x0093_N IMPRESIÃ_x0093_N

Dichos hallazgos podrian ser compatibles con una recidiva tumoral confinado a la prÃ³stata.
",XNAT03_S03067,XNAT03_E05351
sub-007476,ses-008236,/mnt/ceib/datalake/FISABIO_datalake/prueba/p0052021_reborn/sub-007476/ses-008236/mim-mr/anat/sub-007476_ses-008236_acq-propeller_run-4_bp-prostate_vp-ax_T2w.nii.gz,/mnt/ceib/datalake/FISABIO_datalake/prueba/p0052021_reborn/sub-007476/ses-008236/mim-mr/dwi/sub-007476_ses-008236_acq-bvalue_run-7_bp-prostate_vp-ax_dwi.nii.gz,/mnt/ceib/datalake/FISABIO_datalake/prueba/p0052021_reborn/sub-007476/ses-008236/mim-mr/dwi/sub-007476_ses-008236_acq-adc_run-801_bp-prostate_vp-ax_dwi.nii.gz,17.0,75.0,,,,3.21,73.00800000000001,,1.0,1938-12-25,2014-05-27,val,False,,val,ses-008236,sub-007476,p0052021,,https://ceib.cipf.es/xnat2/data/projects/p0052021/experiments/XNAT03_E05351?format=html,17,75,,,,3.210000000000000,73.00800000000001,,1,True,"MOTIVO MOTIVO MOTIVO Neoplasia de prostata tratada con RT.

EXPLORACIÃ_x0093_N REALIZADA: RM DE PRÃ_x0093_STATA MULTIPARAMÃ_x0089_TRICA, SIN ESPECTRO: Se realizan cortes axiales coronales y sagitales, empleando secuencias TSE potenciadas en TSE T2, T2 FS, secuencia de difusiÃ³n y mapa ADC, TSE T1 previo y tras la administraciÃ³n de gadolinio endovenoso, con estudio de perfusiÃ³n mediante LAVA GENiq, (Dotarem), se analizan curvas de captaciÃ³n. Se administra 1 amp. de buscapina IV previo al estudio (con el fin de disminuir artefactos por movimientos peristÃ¡lticos intestinales).


INFORME

PrÃ³stata de  6 x 5,2 x 4,5 cms de diÃ¡metros CC x T x AP.
La porciÃ³n transicional se muestra heterogÃ©nea en relaciÃ³n con cambios adenomatosos .
La porciÃ³n perifÃ©rica: En el estudio morfolÃ³gico T2 se muestra marcadamente hipointensa en relaciÃ³n con cambios crÃ³nicos. Se identifican en el estudio de perfusiÃ³n: una captaciÃ³n en la regiÃ³n basal posterior del LI de aprox 10 x 5 x 12,5 mm (T x AP x CC) y otra en la regiÃ³n media posterior del LD de 12 x 5 x 14 mm (T x AP x CC), coinciden con dos zonas de restricciÃ³n en la secuencia de difusiÃ³n. Dichos hallazgos podrian corresponder a recidiva tumoral confinado a la prÃ³stata.
La cÃ¡psula y bandeletas neurovasculares.
Las vesÃ­culas seminales, poco replecionadas, no captan contraste.
No se observan ganglios de aspecto patolÃ³gico en cadenas iliacas.
Vejiga sin alteraciones reseÃ±ables. Segmento distal de ambos urÃ©teres de calibre normal.
No se observa lÃ­quido libre en la pelvis.

IMPRESIÃ_x0093_N IMPRESIÃ_x0093_N

Dichos hallazgos podrian ser compatibles con una recidiva tumoral confinado a la prÃ³stata.
",XNAT03_S03067,XNAT03_E05351
sub-007476,ses-008236,/mnt/ceib/datalake/FISABIO_datalake/prueba/p0052021_reborn/sub-007476/ses-008236/mim-mr/anat/sub-007476_ses-008236_acq-propeller_run-6_bp-prostate_vp-ax_T2w.nii.gz,/mnt/ceib/datalake/FISABIO_datalake/prueba/p0052021_reborn/sub-007476/ses-008236/mim-mr/dwi/sub-007476_ses-008236_acq-bvalue_run-7_bp-prostate_vp-ax_dwi.nii.gz,/mnt/ceib/datalake/FISABIO_datalake/prueba/p0052021_reborn/sub-007476/ses-008236/mim-mr/dwi/sub-007476_ses-008236_acq-adc_run-801_bp-prostate_vp-ax_dwi.nii.gz,17.0,75.0,,,,3.21,73.00800000000001,,1.0,1938-12-25,2014-05-27,val,False,,val,ses-008236,sub-007476,p0052021,,https://ceib.cipf.es/xnat2/data/projects/p0052021/experiments/XNAT03_E05351?format=html,17,75,,,,3.210000000000000,73.00800000000001,,1,True,"MOTIVO MOTIVO MOTIVO Neoplasia de prostata tratada con RT.

EXPLORACIÃ_x0093_N REALIZADA: RM DE PRÃ_x0093_STATA MULTIPARAMÃ_x0089_TRICA, SIN ESPECTRO: Se realizan cortes axiales coronales y sagitales, empleando secuencias TSE potenciadas en TSE T2, T2 FS, secuencia de difusiÃ³n y mapa ADC, TSE T1 previo y tras la administraciÃ³n de gadolinio endovenoso, con estudio de perfusiÃ³n mediante LAVA GENiq, (Dotarem), se analizan curvas de captaciÃ³n. Se administra 1 amp. de buscapina IV previo al estudio (con el fin de disminuir artefactos por movimientos peristÃ¡lticos intestinales).


INFORME

PrÃ³stata de  6 x 5,2 x 4,5 cms de diÃ¡metros CC x T x AP.
La porciÃ³n transicional se muestra heterogÃ©nea en relaciÃ³n con cambios adenomatosos .
La porciÃ³n perifÃ©rica: En el estudio morfolÃ³gico T2 se muestra marcadamente hipointensa en relaciÃ³n con cambios crÃ³nicos. Se identifican en el estudio de perfusiÃ³n: una captaciÃ³n en la regiÃ³n basal posterior del LI de aprox 10 x 5 x 12,5 mm (T x AP x CC) y otra en la regiÃ³n media posterior del LD de 12 x 5 x 14 mm (T x AP x CC), coinciden con dos zonas de restricciÃ³n en la secuencia de difusiÃ³n. Dichos hallazgos podrian corresponder a recidiva tumoral confinado a la prÃ³stata.
La cÃ¡psula y bandeletas neurovasculares.
Las vesÃ­culas seminales, poco replecionadas, no captan contraste.
No se observan ganglios de aspecto patolÃ³gico en cadenas iliacas.
Vejiga sin alteraciones reseÃ±ables. Segmento distal de ambos urÃ©teres de calibre normal.
No se observa lÃ­quido libre en la pelvis.

IMPRESIÃ_x0093_N IMPRESIÃ_x0093_N

Dichos hallazgos podrian ser compatibles con una recidiva tumoral confinado a la prÃ³stata.
",XNAT03_S03067,XNAT03_E05351
sub-005584,ses-006038,/mnt/ceib/datalake/FISABIO_datalake/prueba/p0052021_reborn/sub-005584/ses-006038/mim-mr/anat/sub-005584_ses-006038_acq-fse_run-10_bp-prostate_vp-ax_T2w.nii.gz,/mnt/ceib/datalake/FISABIO_datalake/prueba/p0052021_reborn/sub-005584/ses-006038/mim-mr/dwi/sub-005584_ses-006038_acq-bvalue_run-400_bp-prostate_vp-ax_dwi.nii.gz,/mnt/ceib/datalake/FISABIO_datalake/prueba/p0052021_reborn/sub-005584/ses-006038/mim-mr/dwi/sub-005584_ses-006038_acq-adc_run-950_bp-prostate_vp-ax_dwi.nii.gz,5.0,63.0,,,,8.96,27.0,4.0,1.0,1949-06-14,2012-09-20,val,False,,val,ses-006038,sub-005584,p0052021,,https://ceib.cipf.es/xnat2/data/projects/p0052021/experiments/XNAT03_E00180?format=html,5,63,,,,8.960000000000001,27.0,[4],1,True,"
INFORMACIÓN INFORMACIÓN
Paciente con cáncer de próstata Gleason 6 un solo cilindro en vigilancia activa. Solicito RM multiparamétrica para valorar áreas sugestivas de biopsia para fusión.

TÉCNICA: Se obtienen planos en proyección axial T1, axial, sagital y coronal T2, axial difusión. Secuencia dinámica perfusión axial 3DT1 con saturación grasa tras la administración de contraste (Dotarem, 22 mL), con evaluación multiparamétrica.

INFORME:

Próstata con unos diámetros de 3,8 x 3,3 x 4,2 cm (27 cm³).

Zona periférica:
No se evidencian alteraciones de difusión ni de perfusión significativas sugestivas de neoplasia clínicamente significativa, aunque existe una mala delimitación con alteración de señal en el ápex de la próstata, a valorar clínicamente.

Zona transicional:
Lesión focal mal delimitada, de unos 12 mm de diámetro localizada la zona transicional anterior izquierda del tercio medio correspondiente a PI-RADS 4.

Discreta alteración de señal del contenido de las vesículas seminales, puede estar en relación con contenido hemático.

No se evidencia crecimiento ganglionar locorregional significativo ni signos de afectación metastásica ósea en cintura pélvica.

Incidentalmente se evidencian cambios degenerativos en cadera izquierda con presencia de deformidad significativa en la transición entre la cabeza y el cuello femoral izquierdos, en probable relación con pinzamiento femoroacetabular tipo CAM izquierdo.

",XNAT03_S00153,XNAT03_E00180
sub-005584,ses-006038,/mnt/ceib/datalake/FISABIO_datalake/prueba/p0052021_reborn/sub-005584/ses-006038/mim-mr/anat/sub-005584_ses-006038_acq-fse_run-7_bp-prostate_vp-ax_T2w.nii.gz,/mnt/ceib/datalake/FISABIO_datalake/prueba/p0052021_reborn/sub-005584/ses-006038/mim-mr/dwi/sub-005584_ses-006038_acq-bvalue_run-400_bp-prostate_vp-ax_dwi.nii.gz,/mnt/ceib/datalake/FISABIO_datalake/prueba/p0052021_reborn/sub-005584/ses-006038/mim-mr/dwi/sub-005584_ses-006038_acq-adc_run-950_bp-prostate_vp-ax_dwi.nii.gz,5.0,63.0,,,,8.96,27.0,4.0,1.0,1949-06-14,2012-09-20,val,False,,val,ses-006038,sub-005584,p0052021,,https://ceib.cipf.es/xnat2/data/projects/p0052021/experiments/XNAT03_E00180?format=html,5,63,,,,8.960000000000001,27.0,[4],1,True,"
INFORMACIÓN INFORMACIÓN
Paciente con cáncer de próstata Gleason 6 un solo cilindro en vigilancia activa. Solicito RM multiparamétrica para valorar áreas sugestivas de biopsia para fusión.

TÉCNICA: Se obtienen planos en proyección axial T1, axial, sagital y coronal T2, axial difusión. Secuencia dinámica perfusión axial 3DT1 con saturación grasa tras la administración de contraste (Dotarem, 22 mL), con evaluación multiparamétrica.

INFORME:

Próstata con unos diámetros de 3,8 x 3,3 x 4,2 cm (27 cm³).

Zona periférica:
No se evidencian alteraciones de difusión ni de perfusión significativas sugestivas de neoplasia clínicamente significativa, aunque existe una mala delimitación con alteración de señal en el ápex de la próstata, a valorar clínicamente.

Zona transicional:
Lesión focal mal delimitada, de unos 12 mm de diámetro localizada la zona transicional anterior izquierda del tercio medio correspondiente a PI-RADS 4.

Discreta alteración de señal del contenido de las vesículas seminales, puede estar en relación con contenido hemático.

No se evidencia crecimiento ganglionar locorregional significativo ni signos de afectación metastásica ósea en cintura pélvica.

Incidentalmente se evidencian cambios degenerativos en cadera izquierda con presencia de deformidad significativa en la transición entre la cabeza y el cuello femoral izquierdos, en probable relación con pinzamiento femoroacetabular tipo CAM izquierdo.

",XNAT03_S00153,XNAT03_E00180
sub-005584,ses-006038,/mnt/ceib/datalake/FISABIO_datalake/prueba/p0052021_reborn/sub-005584/ses-006038/mim-mr/anat/sub-005584_ses-006038_acq-fse_run-5_bp-prostate_vp-ax_T2w.nii.gz,/mnt/ceib/datalake/FISABIO_datalake/prueba/p0052021_reborn/sub-005584/ses-006038/mim-mr/dwi/sub-005584_ses-006038_acq-bvalue_run-400_bp-prostate_vp-ax_dwi.nii.gz,/mnt/ceib/datalake/FISABIO_datalake/prueba/p0052021_reborn/sub-005584/ses-006038/mim-mr/dwi/sub-005584_ses-006038_acq-adc_run-950_bp-prostate_vp-ax_dwi.nii.gz,5.0,63.0,,,,8.96,27.0,4.0,1.0,1949-06-14,2012-09-20,val,False,,val,ses-006038,sub-005584,p0052021,,https://ceib.cipf.es/xnat2/data/projects/p0052021/experiments/XNAT03_E00180?format=html,5,63,,,,8.960000000000001,27.0,[4],1,True,"
INFORMACIÓN INFORMACIÓN
Paciente con cáncer de próstata Gleason 6 un solo cilindro en vigilancia activa. Solicito RM multiparamétrica para valorar áreas sugestivas de biopsia para fusión.

TÉCNICA: Se obtienen planos en proyección axial T1, axial, sagital y coronal T2, axial difusión. Secuencia dinámica perfusión axial 3DT1 con saturación grasa tras la administración de contraste (Dotarem, 22 mL), con evaluación multiparamétrica.

INFORME:

Próstata con unos diámetros de 3,8 x 3,3 x 4,2 cm (27 cm³).

Zona periférica:
No se evidencian alteraciones de difusión ni de perfusión significativas sugestivas de neoplasia clínicamente significativa, aunque existe una mala delimitación con alteración de señal en el ápex de la próstata, a valorar clínicamente.

Zona transicional:
Lesión focal mal delimitada, de unos 12 mm de diámetro localizada la zona transicional anterior izquierda del tercio medio correspondiente a PI-RADS 4.

Discreta alteración de señal del contenido de las vesículas seminales, puede estar en relación con contenido hemático.

No se evidencia crecimiento ganglionar locorregional significativo ni signos de afectación metastásica ósea en cintura pélvica.

Incidentalmente se evidencian cambios degenerativos en cadera izquierda con presencia de deformidad significativa en la transición entre la cabeza y el cuello femoral izquierdos, en probable relación con pinzamiento femoroacetabular tipo CAM izquierdo.

",XNAT03_S00153,XNAT03_E00180
sub-005690,ses-006160,/mnt/ceib/datalake/FISABIO_datalake/prueba/p0052021_reborn/sub-005690/ses-006160/mim-mr/anat/sub-005690_ses-006160_acq-fse_run-8_bp-prostate_vp-ax_T2w.nii.gz,/mnt/ceib/datalake/FISABIO_datalake/prueba/p0052021_reborn/sub-005690/ses-006160/mim-mr/dwi/sub-005690_ses-006160_acq-bvalue_run-10_bp-prostate_vp-ax_dwi.nii.gz,/mnt/ceib/datalake/FISABIO_datalake/prueba/p0052021_reborn/derivatives/creating_adc/sub-005690/ses-006160/mim-mr/dwi/sub-005690_ses-006160_acq-bvalue_run-10_bp-prostate_vp-ax_mod-dwi_desc-calcADC_ADC.nii.gz,7.0,73.0,,2.0,,6.37,25.3344,4.0,1.0,1938-02-19,2011-03-26,val,True,,val,ses-006160,sub-005690,p0052021,,https://ceib.cipf.es/xnat2/data/projects/p0052021/experiments/XNAT03_E00358?format=html,7,73,,1.0,,6.370000000000000,25.3344,[4],1,True,"JUICIO JUICIO Ca de próstata Gleason 3+4

TÉCNICA: RM prostática con administración de CIV. Estudio dinámico de perfusión durante 5 min. Secuencias de difusión con b: 0, 1000, <NUM> y 2000.

HALLAZGOS:

Calidad de imagen:  Satisfactorio

MORFOLOGÍA:
Próstata pequeña
Tamaño: 40 x 29 x 42 mm (T, AP y CC)
Volumen: <FECHA> cc

<NAME> cT:
Zona periférica: foco de baja señal en las imágenes potenciadas en T2 que presenta claros signos de restricción en DWI y realce precoz tras la administración de contraste, de 12 mm de diámetro en próstata medio apical derecha con encuadrable en la categoría PI-RADS 4.

Glándula central: normal sin focos de sospechosos de CCS

Extensión extracapsular: NO

Afectación del paquete vasculonervioso periprostático: NO

Afectación de vesícula seminales: NO

Cuello de la vejiga: Normal
Esfínter distal: Normal

<NAME> cN:
Ganglios linfáticos: no se observan adenopatías locorregionales

Hueso: sin lesiones agresivas


CONCLUSIÓN: PI-RADS 4 D-M/A-pzpl

",XNAT03_S00313,XNAT03_E00358
sub-005996,ses-006505,/mnt/ceib/datalake/FISABIO_datalake/prueba/p0052021_reborn/sub-005996/ses-006505/mim-mr/anat/sub-005996_ses-006505_acq-fse_run-8_bp-prostate_vp-ax_T2w.nii.gz,/mnt/ceib/datalake/FISABIO_datalake/prueba/p0052021_reborn/sub-005996/ses-006505/mim-mr/dwi/sub-005996_ses-006505_acq-bvalue_run-10_bp-prostate_vp-ax_dwi.nii.gz,/mnt/ceib/datalake/FISABIO_datalake/prueba/p0052021_reborn/derivatives/creating_adc/sub-005996/ses-006505/mim-mr/dwi/sub-005996_ses-006505_acq-bvalue_run-10_bp-prostate_vp-ax_mod-dwi_desc-calcADC_ADC.nii.gz,7.0,86.0,,1.0,,12.2,39.0,4.0,1.0,1924-09-18,2010-07-03,val,True,,val,ses-006505,sub-005996,p0052021,,https://ceib.cipf.es/xnat2/data/projects/p0052021/experiments/XNAT03_E00664?format=html,7,85,,0.0,,12.20000000000000,39.0,[4],1,True,"JUICIO JUICIO Ca de próstata,. Estudio de extensión

TÉCNICA: RM prostática con administración de CIV. Estudio dinámico de perfusión durante 5 min. Secuencias de difusión con b: 0, 1000, <NUM> y 2000.

HALLAZGOS:

Calidad de imagen:  (Satisfactorio / Subóptimo / degradado por movimiento / etc].

MORFOLOGÍA:
Próstata (homogénea/heterogénea/hipertrofia)
Tamaño: 46 x 37 x 44 mm (T, AP y CC)
Volumen: 39 cc

<NAME> cT:
Zona periférica: focos de hiposeñal que corresponden con focos de restricción en difusión y realce tras la administración de contraste encuadrables en la categoría PI-RADS 4 , de craneal a caudal:

-6 mm en próstata media derecha
-9 mm en próstata media derecha
-11 mm en próstata media izquierda
Ver imágenes fusión


Glándula central: sin evidencia de focos sospechosos de CCS

Extensión extracapsular: NO

Afectación del paquete vasculonervioso periprostático: NO

Afectación de vesícula seminales: NO

Cuello de la vejiga: Normal
Esfínter distal: Normal

<NAME> cN:
Ganglios linfáticos:sin evidencia de adenopatías locorregionales

Hueso: sin lesiones agresivas


CONCLUSIÓN: PI-RADS 4 M-D-Pzpl (2). PI-RADS 4 M-I Pzpl

",XNAT03_S00577,XNAT03_E00664
sub-005575,ses-006029,/mnt/ceib/datalake/FISABIO_datalake/prueba/p0052021_reborn/sub-005575/ses-006029/mim-mr/anat/sub-005575_ses-006029_acq-fse_run-8_bp-prostate_vp-ax_T2w.nii.gz,/mnt/ceib/datalake/FISABIO_datalake/prueba/p0052021_reborn/sub-005575/ses-006029/mim-mr/dwi/sub-005575_ses-006029_acq-bvalue_run-10_bp-prostate_vp-ax_dwi.nii.gz,/mnt/ceib/datalake/FISABIO_datalake/prueba/p0052021_reborn/derivatives/creating_adc/sub-005575/ses-006029/mim-mr/dwi/sub-005575_ses-006029_acq-bvalue_run-10_bp-prostate_vp-ax_mod-dwi_desc-calcADC_ADC.nii.gz,7.0,69.0,,1.0,,14.7,,5.0,0.0,1941-01-20,2010-02-26,val,True,,val,ses-006029,sub-005575,p0052021,,https://ceib.cipf.es/xnat2/data/projects/p0052021/experiments/XNAT03_E00266?format=html,7,69,,0.0,,14.70000000000000,,"[4, 5]",1,True,"JUICIO JUICIO carcinoma de próstata de alto riesgo con sospecha de localmente avanzado

TÉCNICA: RM prostática con administración de CIV. Estudio dinámico de perfusión durante 5 min. Secuencias de difusión con b: 0, 1000, <NUM> y 2000.

HALLAZGOS:

Calidad de imagen: Satisfactorio

MORFOLOGÍA:
Próstata de mediano tamaño
Tamaño: 49 x 36 x 44 mm (T, AP y CC)
Volumen: 40 cc

<NAME> cT:
Zona periférica: PI-RADS 5 que afecta la próstata izquierda en su conjunto con extensión a la ZT con marcada restricción en la difusión con ADC de 0,6 en la porción apical del tumor.
PI-RADS 4 en próstata media derecha

Glándula central: lóbulo izquierdo infiltrado por tumor

Extensión extracapsular: SI

Afectación del paquete vasculonervioso periprostático: SI

Afectación de vesícula seminales: NO. Retracción de la VSI por fibrosis en vecindad de la anastomosis T-T rectal

Cuello de la vejiga: Normal
Esfínter distal: Normal

<NAME> cN:
Ganglios linfáticos: adenopatías inguinal izquierda tumoral de 1 cm. Adenopatía probablemente tumoral de 1 cm en cadena iliaca externa derecha.
Tumoración ganglionar de 48x32 mm en territorio de la AMI a la que infiltra, descrita en TC, a valorar origen prostático o rectal dada la coexistencia de neoplasia rectal intervenida, visualizando en el momento actual engrosamiento nodular de 15 mm en la pared lateral izquierdo del recto a la altura de la anastomosis, a descartar recidiva local y ganglionar

Hueso: metástasis en hueso iliaco bilateral y rama púbica izquierda


CONCLUSIÓN:
PI-RADS 5 ZP izquierda con extensión extracapsular y neurovascular. PI-RADS 4 D-M-pzpm. Diseminación ganglionar y ósea
Valorar anastomosis rectal por posible recidiva local.

",XNAT03_S00227,XNAT03_E00266
sub-005657,ses-006121,/mnt/ceib/datalake/FISABIO_datalake/prueba/p0052021_reborn/sub-005657/ses-006121/mim-mr/anat/sub-005657_ses-006121_acq-fse_run-9_bp-prostate_vp-ax_T2w.nii.gz,/mnt/ceib/datalake/FISABIO_datalake/prueba/p0052021_reborn/sub-005657/ses-006121/mim-mr/dwi/sub-005657_ses-006121_acq-bvalue_run-11_bp-prostate_vp-ax_dwi.nii.gz,/mnt/ceib/datalake/FISABIO_datalake/prueba/p0052021_reborn/derivatives/creating_adc/sub-005657/ses-006121/mim-mr/dwi/sub-005657_ses-006121_acq-bvalue_run-11_bp-prostate_vp-ax_mod-dwi_desc-calcADC_ADC.nii.gz,7.0,62.0,,2.0,,7.71,68.0,3.0,1.0,1948-07-16,2010-07-27,val,True,,val,ses-006121,sub-005657,p0052021,,https://ceib.cipf.es/xnat2/data/projects/p0052021/experiments/XNAT03_E00470?format=html,7,62,,1.0,,7.710000000000000,68.0,[3],1,True,"JUICIO JUICIO Diagnosticada de cáncer de próstata de muy bajo riesgo. Estudio previo a vigilancia activa.

TÉCNICA: RM prostática con administración de CIV. Estudio dinámico de perfusión durante 5 min. Secuencias de difusión con b: 0, 1000, <NUM> y 2000.

HALLAZGOS:

Calidad de imagen:  Satisfactorio

MORFOLOGÍA:
Próstata moderadamente hipertrófica
Tamaño: 57 x 42 x 55 mm (T, AP y CC)
Volumen: 68 cc

<NAME> cT:
Zona periférica: ligera pérdida de volumen de la ZP apical izquierda con retracción capsular, donde se observa foco de moderada hiperseñal en DWi y moderada hiposeñal en ADC, que no realza precozmente tras la administración de contraste, por tanto, encuadrable en la categoría PI-RADS 3 (incierta probabilidad de CCS). Morfológicamente parece área de prostatitis.

Glándula central: <NAME> sin focos sospechosos de CCS

Extensión extracapsular: NO

Afectación del paquete vasculonervioso periprostático: NO

Afectación de vesícula seminales: NO

Cuello de la vejiga: Normal
Esfínter distal: Normal

<NAME> cN:
Ganglios linfáticos: sin evidencia de adenopatías locorregionales

Hueso: sin lesiones agresivas


CONCLUSIÓN: PI-RADS 3 I-A-Pzpm

",XNAT03_S00400,XNAT03_E00470
sub-005690,ses-006160,/mnt/ceib/datalake/FISABIO_datalake/prueba/p0052021_reborn/sub-005690/ses-006160/mim-mr/anat/sub-005690_ses-006160_acq-fse_run-8_bp-prostate_vp-ax_T2w.nii.gz,/mnt/ceib/datalake/FISABIO_datalake/prueba/p0052021_reborn/sub-005690/ses-006160/mim-mr/dwi/sub-005690_ses-006160_acq-bvalue_run-11_bp-prostate_vp-ax_dwi.nii.gz,/mnt/ceib/datalake/FISABIO_datalake/prueba/p0052021_reborn/derivatives/creating_adc/sub-005690/ses-006160/mim-mr/dwi/sub-005690_ses-006160_acq-bvalue_run-11_bp-prostate_vp-ax_mod-dwi_desc-calcADC_ADC.nii.gz,7.0,73.0,,2.0,,6.37,25.3344,4.0,1.0,1938-02-19,2011-03-26,val,True,,val,ses-006160,sub-005690,p0052021,,https://ceib.cipf.es/xnat2/data/projects/p0052021/experiments/XNAT03_E00358?format=html,7,73,,1.0,,6.370000000000000,25.3344,[4],1,True,"JUICIO JUICIO Ca de próstata Gleason 3+4

TÉCNICA: RM prostática con administración de CIV. Estudio dinámico de perfusión durante 5 min. Secuencias de difusión con b: 0, 1000, <NUM> y 2000.

HALLAZGOS:

Calidad de imagen:  Satisfactorio

MORFOLOGÍA:
Próstata pequeña
Tamaño: 40 x 29 x 42 mm (T, AP y CC)
Volumen: <FECHA> cc

<NAME> cT:
Zona periférica: foco de baja señal en las imágenes potenciadas en T2 que presenta claros signos de restricción en DWI y realce precoz tras la administración de contraste, de 12 mm de diámetro en próstata medio apical derecha con encuadrable en la categoría PI-RADS 4.

Glándula central: normal sin focos de sospechosos de CCS

Extensión extracapsular: NO

Afectación del paquete vasculonervioso periprostático: NO

Afectación de vesícula seminales: NO

Cuello de la vejiga: Normal
Esfínter distal: Normal

<NAME> cN:
Ganglios linfáticos: no se observan adenopatías locorregionales

Hueso: sin lesiones agresivas


CONCLUSIÓN: PI-RADS 4 D-M/A-pzpl

",XNAT03_S00313,XNAT03_E00358
sub-005996,ses-006505,/mnt/ceib/datalake/FISABIO_datalake/prueba/p0052021_reborn/sub-005996/ses-006505/mim-mr/anat/sub-005996_ses-006505_acq-fse_run-8_bp-prostate_vp-ax_T2w.nii.gz,/mnt/ceib/datalake/FISABIO_datalake/prueba/p0052021_reborn/sub-005996/ses-006505/mim-mr/dwi/sub-005996_ses-006505_acq-bvalue_run-11_bp-prostate_vp-ax_dwi.nii.gz,/mnt/ceib/datalake/FISABIO_datalake/prueba/p0052021_reborn/derivatives/creating_adc/sub-005996/ses-006505/mim-mr/dwi/sub-005996_ses-006505_acq-bvalue_run-11_bp-prostate_vp-ax_mod-dwi_desc-calcADC_ADC.nii.gz,7.0,86.0,,1.0,,12.2,39.0,4.0,1.0,1924-09-18,2010-07-03,val,True,,val,ses-006505,sub-005996,p0052021,,https://ceib.cipf.es/xnat2/data/projects/p0052021/experiments/XNAT03_E00664?format=html,7,85,,0.0,,12.20000000000000,39.0,[4],1,True,"JUICIO JUICIO Ca de próstata,. Estudio de extensión

TÉCNICA: RM prostática con administración de CIV. Estudio dinámico de perfusión durante 5 min. Secuencias de difusión con b: 0, 1000, <NUM> y 2000.

HALLAZGOS:

Calidad de imagen:  (Satisfactorio / Subóptimo / degradado por movimiento / etc].

MORFOLOGÍA:
Próstata (homogénea/heterogénea/hipertrofia)
Tamaño: 46 x 37 x 44 mm (T, AP y CC)
Volumen: 39 cc

<NAME> cT:
Zona periférica: focos de hiposeñal que corresponden con focos de restricción en difusión y realce tras la administración de contraste encuadrables en la categoría PI-RADS 4 , de craneal a caudal:

-6 mm en próstata media derecha
-9 mm en próstata media derecha
-11 mm en próstata media izquierda
Ver imágenes fusión


Glándula central: sin evidencia de focos sospechosos de CCS

Extensión extracapsular: NO

Afectación del paquete vasculonervioso periprostático: NO

Afectación de vesícula seminales: NO

Cuello de la vejiga: Normal
Esfínter distal: Normal

<NAME> cN:
Ganglios linfáticos:sin evidencia de adenopatías locorregionales

Hueso: sin lesiones agresivas


CONCLUSIÓN: PI-RADS 4 M-D-Pzpl (2). PI-RADS 4 M-I Pzpl

",XNAT03_S00577,XNAT03_E00664
sub-005575,ses-006029,/mnt/ceib/datalake/FISABIO_datalake/prueba/p0052021_reborn/sub-005575/ses-006029/mim-mr/anat/sub-005575_ses-006029_acq-fse_run-8_bp-prostate_vp-ax_T2w.nii.gz,/mnt/ceib/datalake/FISABIO_datalake/prueba/p0052021_reborn/sub-005575/ses-006029/mim-mr/dwi/sub-005575_ses-006029_acq-bvalue_run-11_bp-prostate_vp-ax_dwi.nii.gz,/mnt/ceib/datalake/FISABIO_datalake/prueba/p0052021_reborn/derivatives/creating_adc/sub-005575/ses-006029/mim-mr/dwi/sub-005575_ses-006029_acq-bvalue_run-11_bp-prostate_vp-ax_mod-dwi_desc-calcADC_ADC.nii.gz,7.0,69.0,,1.0,,14.7,,5.0,0.0,1941-01-20,2010-02-26,val,True,,val,ses-006029,sub-005575,p0052021,,https://ceib.cipf.es/xnat2/data/projects/p0052021/experiments/XNAT03_E00266?format=html,7,69,,0.0,,14.70000000000000,,"[4, 5]",1,True,"JUICIO JUICIO carcinoma de próstata de alto riesgo con sospecha de localmente avanzado

TÉCNICA: RM prostática con administración de CIV. Estudio dinámico de perfusión durante 5 min. Secuencias de difusión con b: 0, 1000, <NUM> y 2000.

HALLAZGOS:

Calidad de imagen: Satisfactorio

MORFOLOGÍA:
Próstata de mediano tamaño
Tamaño: 49 x 36 x 44 mm (T, AP y CC)
Volumen: 40 cc

<NAME> cT:
Zona periférica: PI-RADS 5 que afecta la próstata izquierda en su conjunto con extensión a la ZT con marcada restricción en la difusión con ADC de 0,6 en la porción apical del tumor.
PI-RADS 4 en próstata media derecha

Glándula central: lóbulo izquierdo infiltrado por tumor

Extensión extracapsular: SI

Afectación del paquete vasculonervioso periprostático: SI

Afectación de vesícula seminales: NO. Retracción de la VSI por fibrosis en vecindad de la anastomosis T-T rectal

Cuello de la vejiga: Normal
Esfínter distal: Normal

<NAME> cN:
Ganglios linfáticos: adenopatías inguinal izquierda tumoral de 1 cm. Adenopatía probablemente tumoral de 1 cm en cadena iliaca externa derecha.
Tumoración ganglionar de 48x32 mm en territorio de la AMI a la que infiltra, descrita en TC, a valorar origen prostático o rectal dada la coexistencia de neoplasia rectal intervenida, visualizando en el momento actual engrosamiento nodular de 15 mm en la pared lateral izquierdo del recto a la altura de la anastomosis, a descartar recidiva local y ganglionar

Hueso: metástasis en hueso iliaco bilateral y rama púbica izquierda


CONCLUSIÓN:
PI-RADS 5 ZP izquierda con extensión extracapsular y neurovascular. PI-RADS 4 D-M-pzpm. Diseminación ganglionar y ósea
Valorar anastomosis rectal por posible recidiva local.

",XNAT03_S00227,XNAT03_E00266
sub-005657,ses-006121,/mnt/ceib/datalake/FISABIO_datalake/prueba/p0052021_reborn/sub-005657/ses-006121/mim-mr/anat/sub-005657_ses-006121_acq-fse_run-9_bp-prostate_vp-ax_T2w.nii.gz,/mnt/ceib/datalake/FISABIO_datalake/prueba/p0052021_reborn/sub-005657/ses-006121/mim-mr/dwi/sub-005657_ses-006121_acq-bvalue_run-12_bp-prostate_vp-ax_dwi.nii.gz,/mnt/ceib/datalake/FISABIO_datalake/prueba/p0052021_reborn/derivatives/creating_adc/sub-005657/ses-006121/mim-mr/dwi/sub-005657_ses-006121_acq-bvalue_run-12_bp-prostate_vp-ax_mod-dwi_desc-calcADC_ADC.nii.gz,7.0,62.0,,2.0,,7.71,68.0,3.0,1.0,1948-07-16,2010-07-27,val,True,,val,ses-006121,sub-005657,p0052021,,https://ceib.cipf.es/xnat2/data/projects/p0052021/experiments/XNAT03_E00470?format=html,7,62,,1.0,,7.710000000000000,68.0,[3],1,True,"JUICIO JUICIO Diagnosticada de cáncer de próstata de muy bajo riesgo. Estudio previo a vigilancia activa.

TÉCNICA: RM prostática con administración de CIV. Estudio dinámico de perfusión durante 5 min. Secuencias de difusión con b: 0, 1000, <NUM> y 2000.

HALLAZGOS:

Calidad de imagen:  Satisfactorio

MORFOLOGÍA:
Próstata moderadamente hipertrófica
Tamaño: 57 x 42 x 55 mm (T, AP y CC)
Volumen: 68 cc

<NAME> cT:
Zona periférica: ligera pérdida de volumen de la ZP apical izquierda con retracción capsular, donde se observa foco de moderada hiperseñal en DWi y moderada hiposeñal en ADC, que no realza precozmente tras la administración de contraste, por tanto, encuadrable en la categoría PI-RADS 3 (incierta probabilidad de CCS). Morfológicamente parece área de prostatitis.

Glándula central: <NAME> sin focos sospechosos de CCS

Extensión extracapsular: NO

Afectación del paquete vasculonervioso periprostático: NO

Afectación de vesícula seminales: NO

Cuello de la vejiga: Normal
Esfínter distal: Normal

<NAME> cN:
Ganglios linfáticos: sin evidencia de adenopatías locorregionales

Hueso: sin lesiones agresivas


CONCLUSIÓN: PI-RADS 3 I-A-Pzpm

",XNAT03_S00400,XNAT03_E00470
sub-006544,ses-007127,/mnt/ceib/datalake/FISABIO_datalake/prueba/p0052021_reborn/sub-006544/ses-007127/mim-mr/anat/sub-006544_ses-007127_acq-propeller_run-600_bp-prostate_vp-ax_T2w.nii.gz,/mnt/ceib/datalake/FISABIO_datalake/prueba/p0052021_reborn/sub-006544/ses-007127/mim-mr/dwi/sub-006544_ses-007127_acq-bvalue_run-7_bp-prostate_vp-ax_dwi.nii.gz,/mnt/ceib/datalake/FISABIO_datalake/prueba/p0052021_reborn/derivatives/creating_adc/sub-006544/ses-007127/mim-mr/dwi/sub-006544_ses-007127_acq-bvalue_run-7_bp-prostate_vp-ax_mod-dwi_desc-calcADC_ADC.nii.gz,17.0,73.0,,1.0,,7.489999771118164,31.48288000000001,,1.0,1939-05-29,2013-12-05,val,True,,val,ses-007127,sub-006544,p0052021,,https://ceib.cipf.es/xnat2/data/projects/p0052021/experiments/XNAT03_E04604?format=html,17,74,,1.0,,7.489999771118164,31.48288000000001,4,1,True,"Numero  de  Estudio:  <NUM> 
Apellidos y nombre: SAIDALI , MAK
Fecha  de  Nacimiento:  <FECHA> 
SIP:  <NUM>

===========    Informe  del  Estudio =========== 

RM PRÓSTATA, SIN/CON CONTRASTE    



MOTIVO MOTIVO MOTIVO Ca de próstata, estudio de extensión.

EXPLORACIÓN REALIZADA: RM DE PRÓSTATA: Se realizan cortes axiales coronales y sagitales, empleando secuencias TSE potenciadas en TSE T2, T2 FS, secuencia de difusión y mapa ADC, TSE T1 previo y tras la administración de gadolinio endovenoso, con estudio de perfusión mediante LAVA GENiq, (Dotarem), se analizan curvas de captación. Se administra 1 amp. de buscapina IV previo al estudio (con el fin de disminuir artefactos por movimientos peristálticos intestinales). 


INFORME

Próstata de 4,4 x  4,3 x 3,2 cms de diámetros CC x T x AP.
La porción transicional se muestra heterogénea en relación con cambios quísticos- adenomatosos.
La porción periférica muestra pérdida de la hiperintensidad de señal normal en la secuencia T2, en parte relacionado con abundantes restos hemáticos en ambos lóbulos. Tras la administración de gadolinio iv y analizando las curvas de captación, se aprecia una captación difusa del LD desde la región apical hasta la basal de la región lateral y anterior del LD y posterior de ambos lóbulos en la región basal, mal definido, la morfología de la curvas es tipo 3, sopechosas de malignidad.
La cápsula se muestra conservada. Se aprecia una captación prominente y asimétrica  de plexos periprostáticos y de bandeletas, que en parte podría estar relacionado con cambios inflamatorios postbiópsias por lo que en principio son inespecíficos.
Se aprecia una captación de la base de ambas vesículas seminales, y del ángulo vesiculo-prostático, predominantemente en el lado derecho.
Vejiga sin alteraciones reseñables. Segmento distal de ambos uréteres de calibre normal.

No se observan ganglios de aspecto patológico en cadenas iliacas.
No se observa líquido libre en la pelvis.


IMPRESIÓN DIAGNÓSTICA 

Hallazgos con afectación neoplásica del LD, no descarto signos de extensión extracapsular, aunque presenta componente inflamatorio importante que podría condicionar falsos positivos (respecto a la afectación de las vesículas seminales). (T2b/T3b, N0).

============================================= 

Información: 
            Fecha  del  Informe:  <FECHA>
			Autor: <NAME> <NAME>, <NAME>
 Numero  de  Estudio:  <NUM> 
Apellidos y nombre: <NAME>, <NAME>
Fecha  de  Nacimiento:  <FECHA> 
SIP:  <NUM>

===========    Informe  del  Estudio =========== 

RM PRÓSTATA, SIN/CON CONTRASTE    



MOTIVO MOTIVO MOTIVO Ca de próstata, estudio de extensión.

EXPLORACIÓN REALIZADA: RM DE PRÓSTATA: Se realizan cortes axiales coronales y sagitales, empleando secuencias TSE potenciadas en TSE T2, T2 FS, secuencia de difusión y mapa ADC, TSE T1 previo y tras la administración de gadolinio endovenoso, con estudio de perfusión mediante LAVA GENiq, (Dotarem), se analizan curvas de captación. Se administra 1 amp. de buscapina IV previo al estudio (con el fin de disminuir artefactos por movimientos peristálticos intestinales). 


INFORME

Próstata de 4,4 x  4,3 x 3,2 cms de diámetros CC x T x AP.
La porción transicional se muestra heterogénea en relación con cambios quísticos- adenomatosos.
La porción periférica muestra pérdida de la hiperintensidad de señal normal en la secuencia T2, en parte relacionado con abundantes restos hemáticos en ambos lóbulos. Tras la administración de gadolinio iv y analizando las curvas de captación, se aprecia una captación difusa del LD desde la región apical hasta la basal de la región lateral y anterior del LD y posterior de ambos lóbulos en la región basal, mal definido, la morfología de la curvas es tipo 3, sopechosas de malignidad.
La cápsula se muestra conservada. Se aprecia una captación prominente y asimétrica  de plexos periprostáticos y de bandeletas, que en parte podría estar relacionado con cambios inflamatorios postbiópsias por lo que en principio son inespecíficos.
Se aprecia una captación de la base de ambas vesículas seminales, y del ángulo vesiculo-prostático, predominantemente en el lado derecho.
Vejiga sin alteraciones reseñables. Segmento distal de ambos uréteres de calibre normal.

No se observan ganglios de aspecto patológico en cadenas iliacas.
No se observa líquido libre en la pelvis.


IMPRESIÓN DIAGNÓSTICA 

Hallazgos con afectación neoplásica del LD, no descarto signos de extensión extracapsular, aunque presenta componente inflamatorio importante que podría condicionar falsos positivos (respecto a la afectación de las vesículas seminales). (T2b/T3b, N0).

============================================= 

Información: 
            Fecha  del  Informe:  <FECHA>
			Autor: <NAME> <NAME>, <NAME>
",XNAT03_S02445,XNAT03_E04604
sub-006544,ses-007127,/mnt/ceib/datalake/FISABIO_datalake/prueba/p0052021_reborn/sub-006544/ses-007127/mim-mr/anat/sub-006544_ses-007127_acq-propeller_run-6_bp-prostate_vp-ax_T2w.nii.gz,/mnt/ceib/datalake/FISABIO_datalake/prueba/p0052021_reborn/sub-006544/ses-007127/mim-mr/dwi/sub-006544_ses-007127_acq-bvalue_run-7_bp-prostate_vp-ax_dwi.nii.gz,/mnt/ceib/datalake/FISABIO_datalake/prueba/p0052021_reborn/derivatives/creating_adc/sub-006544/ses-007127/mim-mr/dwi/sub-006544_ses-007127_acq-bvalue_run-7_bp-prostate_vp-ax_mod-dwi_desc-calcADC_ADC.nii.gz,17.0,73.0,,1.0,,7.489999771118164,31.48288000000001,,1.0,1939-05-29,2013-12-05,val,True,,val,ses-007127,sub-006544,p0052021,,https://ceib.cipf.es/xnat2/data/projects/p0052021/experiments/XNAT03_E04604?format=html,17,74,,1.0,,7.489999771118164,31.48288000000001,4,1,True,"Numero  de  Estudio:  <NUM> 
Apellidos y nombre: SAIDALI , MAK
Fecha  de  Nacimiento:  <FECHA> 
SIP:  <NUM>

===========    Informe  del  Estudio =========== 

RM PRÓSTATA, SIN/CON CONTRASTE    



MOTIVO MOTIVO MOTIVO Ca de próstata, estudio de extensión.

EXPLORACIÓN REALIZADA: RM DE PRÓSTATA: Se realizan cortes axiales coronales y sagitales, empleando secuencias TSE potenciadas en TSE T2, T2 FS, secuencia de difusión y mapa ADC, TSE T1 previo y tras la administración de gadolinio endovenoso, con estudio de perfusión mediante LAVA GENiq, (Dotarem), se analizan curvas de captación. Se administra 1 amp. de buscapina IV previo al estudio (con el fin de disminuir artefactos por movimientos peristálticos intestinales). 


INFORME

Próstata de 4,4 x  4,3 x 3,2 cms de diámetros CC x T x AP.
La porción transicional se muestra heterogénea en relación con cambios quísticos- adenomatosos.
La porción periférica muestra pérdida de la hiperintensidad de señal normal en la secuencia T2, en parte relacionado con abundantes restos hemáticos en ambos lóbulos. Tras la administración de gadolinio iv y analizando las curvas de captación, se aprecia una captación difusa del LD desde la región apical hasta la basal de la región lateral y anterior del LD y posterior de ambos lóbulos en la región basal, mal definido, la morfología de la curvas es tipo 3, sopechosas de malignidad.
La cápsula se muestra conservada. Se aprecia una captación prominente y asimétrica  de plexos periprostáticos y de bandeletas, que en parte podría estar relacionado con cambios inflamatorios postbiópsias por lo que en principio son inespecíficos.
Se aprecia una captación de la base de ambas vesículas seminales, y del ángulo vesiculo-prostático, predominantemente en el lado derecho.
Vejiga sin alteraciones reseñables. Segmento distal de ambos uréteres de calibre normal.

No se observan ganglios de aspecto patológico en cadenas iliacas.
No se observa líquido libre en la pelvis.


IMPRESIÓN DIAGNÓSTICA 

Hallazgos con afectación neoplásica del LD, no descarto signos de extensión extracapsular, aunque presenta componente inflamatorio importante que podría condicionar falsos positivos (respecto a la afectación de las vesículas seminales). (T2b/T3b, N0).

============================================= 

Información: 
            Fecha  del  Informe:  <FECHA>
			Autor: <NAME> <NAME>, <NAME>
 Numero  de  Estudio:  <NUM> 
Apellidos y nombre: <NAME>, <NAME>
Fecha  de  Nacimiento:  <FECHA> 
SIP:  <NUM>

===========    Informe  del  Estudio =========== 

RM PRÓSTATA, SIN/CON CONTRASTE    



MOTIVO MOTIVO MOTIVO Ca de próstata, estudio de extensión.

EXPLORACIÓN REALIZADA: RM DE PRÓSTATA: Se realizan cortes axiales coronales y sagitales, empleando secuencias TSE potenciadas en TSE T2, T2 FS, secuencia de difusión y mapa ADC, TSE T1 previo y tras la administración de gadolinio endovenoso, con estudio de perfusión mediante LAVA GENiq, (Dotarem), se analizan curvas de captación. Se administra 1 amp. de buscapina IV previo al estudio (con el fin de disminuir artefactos por movimientos peristálticos intestinales). 


INFORME

Próstata de 4,4 x  4,3 x 3,2 cms de diámetros CC x T x AP.
La porción transicional se muestra heterogénea en relación con cambios quísticos- adenomatosos.
La porción periférica muestra pérdida de la hiperintensidad de señal normal en la secuencia T2, en parte relacionado con abundantes restos hemáticos en ambos lóbulos. Tras la administración de gadolinio iv y analizando las curvas de captación, se aprecia una captación difusa del LD desde la región apical hasta la basal de la región lateral y anterior del LD y posterior de ambos lóbulos en la región basal, mal definido, la morfología de la curvas es tipo 3, sopechosas de malignidad.
La cápsula se muestra conservada. Se aprecia una captación prominente y asimétrica  de plexos periprostáticos y de bandeletas, que en parte podría estar relacionado con cambios inflamatorios postbiópsias por lo que en principio son inespecíficos.
Se aprecia una captación de la base de ambas vesículas seminales, y del ángulo vesiculo-prostático, predominantemente en el lado derecho.
Vejiga sin alteraciones reseñables. Segmento distal de ambos uréteres de calibre normal.

No se observan ganglios de aspecto patológico en cadenas iliacas.
No se observa líquido libre en la pelvis.


IMPRESIÓN DIAGNÓSTICA 

Hallazgos con afectación neoplásica del LD, no descarto signos de extensión extracapsular, aunque presenta componente inflamatorio importante que podría condicionar falsos positivos (respecto a la afectación de las vesículas seminales). (T2b/T3b, N0).

============================================= 

Información: 
            Fecha  del  Informe:  <FECHA>
			Autor: <NAME> <NAME>, <NAME>
",XNAT03_S02445,XNAT03_E04604
sub-006544,ses-007127,/mnt/ceib/datalake/FISABIO_datalake/prueba/p0052021_reborn/sub-006544/ses-007127/mim-mr/anat/sub-006544_ses-007127_acq-propeller_run-4_bp-prostate_vp-ax_T2w.nii.gz,/mnt/ceib/datalake/FISABIO_datalake/prueba/p0052021_reborn/sub-006544/ses-007127/mim-mr/dwi/sub-006544_ses-007127_acq-bvalue_run-7_bp-prostate_vp-ax_dwi.nii.gz,/mnt/ceib/datalake/FISABIO_datalake/prueba/p0052021_reborn/derivatives/creating_adc/sub-006544/ses-007127/mim-mr/dwi/sub-006544_ses-007127_acq-bvalue_run-7_bp-prostate_vp-ax_mod-dwi_desc-calcADC_ADC.nii.gz,17.0,73.0,,1.0,,7.489999771118164,31.48288000000001,,1.0,1939-05-29,2013-12-05,val,True,,val,ses-007127,sub-006544,p0052021,,https://ceib.cipf.es/xnat2/data/projects/p0052021/experiments/XNAT03_E04604?format=html,17,74,,1.0,,7.489999771118164,31.48288000000001,4,1,True,"Numero  de  Estudio:  <NUM> 
Apellidos y nombre: SAIDALI , MAK
Fecha  de  Nacimiento:  <FECHA> 
SIP:  <NUM>

===========    Informe  del  Estudio =========== 

RM PRÓSTATA, SIN/CON CONTRASTE    



MOTIVO MOTIVO MOTIVO Ca de próstata, estudio de extensión.

EXPLORACIÓN REALIZADA: RM DE PRÓSTATA: Se realizan cortes axiales coronales y sagitales, empleando secuencias TSE potenciadas en TSE T2, T2 FS, secuencia de difusión y mapa ADC, TSE T1 previo y tras la administración de gadolinio endovenoso, con estudio de perfusión mediante LAVA GENiq, (Dotarem), se analizan curvas de captación. Se administra 1 amp. de buscapina IV previo al estudio (con el fin de disminuir artefactos por movimientos peristálticos intestinales). 


INFORME

Próstata de 4,4 x  4,3 x 3,2 cms de diámetros CC x T x AP.
La porción transicional se muestra heterogénea en relación con cambios quísticos- adenomatosos.
La porción periférica muestra pérdida de la hiperintensidad de señal normal en la secuencia T2, en parte relacionado con abundantes restos hemáticos en ambos lóbulos. Tras la administración de gadolinio iv y analizando las curvas de captación, se aprecia una captación difusa del LD desde la región apical hasta la basal de la región lateral y anterior del LD y posterior de ambos lóbulos en la región basal, mal definido, la morfología de la curvas es tipo 3, sopechosas de malignidad.
La cápsula se muestra conservada. Se aprecia una captación prominente y asimétrica  de plexos periprostáticos y de bandeletas, que en parte podría estar relacionado con cambios inflamatorios postbiópsias por lo que en principio son inespecíficos.
Se aprecia una captación de la base de ambas vesículas seminales, y del ángulo vesiculo-prostático, predominantemente en el lado derecho.
Vejiga sin alteraciones reseñables. Segmento distal de ambos uréteres de calibre normal.

No se observan ganglios de aspecto patológico en cadenas iliacas.
No se observa líquido libre en la pelvis.


IMPRESIÓN DIAGNÓSTICA 

Hallazgos con afectación neoplásica del LD, no descarto signos de extensión extracapsular, aunque presenta componente inflamatorio importante que podría condicionar falsos positivos (respecto a la afectación de las vesículas seminales). (T2b/T3b, N0).

============================================= 

Información: 
            Fecha  del  Informe:  <FECHA>
			Autor: <NAME> <NAME>, <NAME>
 Numero  de  Estudio:  <NUM> 
Apellidos y nombre: <NAME>, <NAME>
Fecha  de  Nacimiento:  <FECHA> 
SIP:  <NUM>

===========    Informe  del  Estudio =========== 

RM PRÓSTATA, SIN/CON CONTRASTE    



MOTIVO MOTIVO MOTIVO Ca de próstata, estudio de extensión.

EXPLORACIÓN REALIZADA: RM DE PRÓSTATA: Se realizan cortes axiales coronales y sagitales, empleando secuencias TSE potenciadas en TSE T2, T2 FS, secuencia de difusión y mapa ADC, TSE T1 previo y tras la administración de gadolinio endovenoso, con estudio de perfusión mediante LAVA GENiq, (Dotarem), se analizan curvas de captación. Se administra 1 amp. de buscapina IV previo al estudio (con el fin de disminuir artefactos por movimientos peristálticos intestinales). 


INFORME

Próstata de 4,4 x  4,3 x 3,2 cms de diámetros CC x T x AP.
La porción transicional se muestra heterogénea en relación con cambios quísticos- adenomatosos.
La porción periférica muestra pérdida de la hiperintensidad de señal normal en la secuencia T2, en parte relacionado con abundantes restos hemáticos en ambos lóbulos. Tras la administración de gadolinio iv y analizando las curvas de captación, se aprecia una captación difusa del LD desde la región apical hasta la basal de la región lateral y anterior del LD y posterior de ambos lóbulos en la región basal, mal definido, la morfología de la curvas es tipo 3, sopechosas de malignidad.
La cápsula se muestra conservada. Se aprecia una captación prominente y asimétrica  de plexos periprostáticos y de bandeletas, que en parte podría estar relacionado con cambios inflamatorios postbiópsias por lo que en principio son inespecíficos.
Se aprecia una captación de la base de ambas vesículas seminales, y del ángulo vesiculo-prostático, predominantemente en el lado derecho.
Vejiga sin alteraciones reseñables. Segmento distal de ambos uréteres de calibre normal.

No se observan ganglios de aspecto patológico en cadenas iliacas.
No se observa líquido libre en la pelvis.


IMPRESIÓN DIAGNÓSTICA 

Hallazgos con afectación neoplásica del LD, no descarto signos de extensión extracapsular, aunque presenta componente inflamatorio importante que podría condicionar falsos positivos (respecto a la afectación de las vesículas seminales). (T2b/T3b, N0).

============================================= 

Información: 
            Fecha  del  Informe:  <FECHA>
			Autor: <NAME> <NAME>, <NAME>
",XNAT03_S02445,XNAT03_E04604
sub-006488,ses-007068,/mnt/ceib/datalake/FISABIO_datalake/prueba/p0052021_reborn/sub-006488/ses-007068/mim-mr/anat/sub-006488_ses-007068_acq-propeller_run-5_bp-prostate_vp-ax_T2w.nii.gz,/mnt/ceib/datalake/FISABIO_datalake/prueba/p0052021_reborn/sub-006488/ses-007068/mim-mr/dwi/sub-006488_ses-007068_acq-bvalue_run-10_bp-prostate_vp-cor_dwi.nii.gz,/mnt/ceib/datalake/FISABIO_datalake/prueba/p0052021_reborn/sub-006488/ses-007068/mim-mr/dwi/sub-006488_ses-007068_acq-adc_run-900_bp-prostate_vp-ax_dwi.nii.gz,17.0,69.0,,,,0.082,,,1.0,1938-02-21,2008-01-14,val,False,,val,ses-007068,sub-006488,p0052021,,https://ceib.cipf.es/xnat2/data/projects/p0052021/experiments/XNAT03_E04718?format=html,17,69,,,,0.08200000000000000,,3,1,True,"Numero  de  Estudio:  <NUM> 
Apellidos y nombre: <NAME> <NAME>, <NAME>
Fecha  de  Nacimiento:  <FECHA> 
SIP:  <NUM>

===========    Informe  del  Estudio =========== 

RM PRÓSTATA, SIN/CON CONTRASTE    



<NUM> DE DE Adenocarcinoma de próstata diagnosticado el <FECHA>. Recibió tratamiento solo con BAC. Ruego valoración.

EXPLORACIÓN REALIZADA: RM DE PELVIS CON CONTRASTE: Se realizan cortes axiales coronales y sagitales, empleando secuencias TSE potenciadas en TSE T2, T2 FS, secuencia de difusión y mapa ADC, TSE T1 previo y tras la administración de gadolinio endovenoso, con estudio de perfusión mediante LAVA GENiq, (Dotarem), se analizan curvas de captación. Se administra 1 amp. de buscapina IV previo al estudio (con el fin de disminuir artefactos por movimientos peristálticos intestinales). 


INFORME

Próstata de 4,45 x 4,5 x 3,50 cms de diámetros AP x T x CC. 
La porción periférica muestra marcadamente hipointensa en la secuencia T2, de forma difusa. 
Tras la administración de gadolinio iv y analizando las curvas de captación se aprecia una captación intensa del adenoma de características normales, sin pérdida de la morfología y simetria. En la porción periférica se aprecia una asimetría evidenciándose un nódulo en el LI de 6,4 x 4,3 x 15 mm de diámetros AP x T x CC, que muestra mayor captación de contraste que el parénquima del LD, desde la porción apical hasta la basal, con alta sospecha de corresponder a una recidiva tumoral intraglandular.
La cápsula se muestra mal definida, aunque no se aprecia captación significativa de bandeletas ni de vesículas seminales.

No se observan ganglios de aspecto patológico en cadenas iliacas.

Vejiga parcialmente repleccionada,  sin alteraciones reseñables. Segmento distal de ambos uréteres de calibre normal.
Diverticulosis de sigma
No se observa líquido libre en la pelvis.
Valorar estructuras óseas mediante gammagrafía


IMPRESIÓN DEHallazgos compatibles con recidiva tumoral  intraprostática, en el LI.

============================================= 

Información: 
            Fecha  del  Informe:  <FECHA>
			Autor: <NAME> <NAME>, <NAME>
",XNAT03_S02403,XNAT03_E04718
sub-006488,ses-007068,/mnt/ceib/datalake/FISABIO_datalake/prueba/p0052021_reborn/sub-006488/ses-007068/mim-mr/anat/sub-006488_ses-007068_acq-propeller_run-7_bp-prostate_vp-ax_T2w.nii.gz,/mnt/ceib/datalake/FISABIO_datalake/prueba/p0052021_reborn/sub-006488/ses-007068/mim-mr/dwi/sub-006488_ses-007068_acq-bvalue_run-10_bp-prostate_vp-cor_dwi.nii.gz,/mnt/ceib/datalake/FISABIO_datalake/prueba/p0052021_reborn/sub-006488/ses-007068/mim-mr/dwi/sub-006488_ses-007068_acq-adc_run-900_bp-prostate_vp-ax_dwi.nii.gz,17.0,69.0,,,,0.082,,,1.0,1938-02-21,2008-01-14,val,False,,val,ses-007068,sub-006488,p0052021,,https://ceib.cipf.es/xnat2/data/projects/p0052021/experiments/XNAT03_E04718?format=html,17,69,,,,0.08200000000000000,,3,1,True,"Numero  de  Estudio:  <NUM> 
Apellidos y nombre: <NAME> <NAME>, <NAME>
Fecha  de  Nacimiento:  <FECHA> 
SIP:  <NUM>

===========    Informe  del  Estudio =========== 

RM PRÓSTATA, SIN/CON CONTRASTE    



<NUM> DE DE Adenocarcinoma de próstata diagnosticado el <FECHA>. Recibió tratamiento solo con BAC. Ruego valoración.

EXPLORACIÓN REALIZADA: RM DE PELVIS CON CONTRASTE: Se realizan cortes axiales coronales y sagitales, empleando secuencias TSE potenciadas en TSE T2, T2 FS, secuencia de difusión y mapa ADC, TSE T1 previo y tras la administración de gadolinio endovenoso, con estudio de perfusión mediante LAVA GENiq, (Dotarem), se analizan curvas de captación. Se administra 1 amp. de buscapina IV previo al estudio (con el fin de disminuir artefactos por movimientos peristálticos intestinales). 


INFORME

Próstata de 4,45 x 4,5 x 3,50 cms de diámetros AP x T x CC. 
La porción periférica muestra marcadamente hipointensa en la secuencia T2, de forma difusa. 
Tras la administración de gadolinio iv y analizando las curvas de captación se aprecia una captación intensa del adenoma de características normales, sin pérdida de la morfología y simetria. En la porción periférica se aprecia una asimetría evidenciándose un nódulo en el LI de 6,4 x 4,3 x 15 mm de diámetros AP x T x CC, que muestra mayor captación de contraste que el parénquima del LD, desde la porción apical hasta la basal, con alta sospecha de corresponder a una recidiva tumoral intraglandular.
La cápsula se muestra mal definida, aunque no se aprecia captación significativa de bandeletas ni de vesículas seminales.

No se observan ganglios de aspecto patológico en cadenas iliacas.

Vejiga parcialmente repleccionada,  sin alteraciones reseñables. Segmento distal de ambos uréteres de calibre normal.
Diverticulosis de sigma
No se observa líquido libre en la pelvis.
Valorar estructuras óseas mediante gammagrafía


IMPRESIÓN DEHallazgos compatibles con recidiva tumoral  intraprostática, en el LI.

============================================= 

Información: 
            Fecha  del  Informe:  <FECHA>
			Autor: <NAME> <NAME>, <NAME>
",XNAT03_S02403,XNAT03_E04718
sub-006488,ses-007068,/mnt/ceib/datalake/FISABIO_datalake/prueba/p0052021_reborn/sub-006488/ses-007068/mim-mr/anat/sub-006488_ses-007068_acq-propeller_run-5_bp-prostate_vp-ax_T2w.nii.gz,/mnt/ceib/datalake/FISABIO_datalake/prueba/p0052021_reborn/sub-006488/ses-007068/mim-mr/dwi/sub-006488_ses-007068_acq-bvalue_run-9_bp-prostate_vp-ax_dwi.nii.gz,/mnt/ceib/datalake/FISABIO_datalake/prueba/p0052021_reborn/sub-006488/ses-007068/mim-mr/dwi/sub-006488_ses-007068_acq-adc_run-900_bp-prostate_vp-ax_dwi.nii.gz,17.0,69.0,,,,0.082,,,1.0,1938-02-21,2008-01-14,val,False,,val,ses-007068,sub-006488,p0052021,,https://ceib.cipf.es/xnat2/data/projects/p0052021/experiments/XNAT03_E04718?format=html,17,69,,,,0.08200000000000000,,3,1,True,"Numero  de  Estudio:  <NUM> 
Apellidos y nombre: <NAME> <NAME>, <NAME>
Fecha  de  Nacimiento:  <FECHA> 
SIP:  <NUM>

===========    Informe  del  Estudio =========== 

RM PRÓSTATA, SIN/CON CONTRASTE    



<NUM> DE DE Adenocarcinoma de próstata diagnosticado el <FECHA>. Recibió tratamiento solo con BAC. Ruego valoración.

EXPLORACIÓN REALIZADA: RM DE PELVIS CON CONTRASTE: Se realizan cortes axiales coronales y sagitales, empleando secuencias TSE potenciadas en TSE T2, T2 FS, secuencia de difusión y mapa ADC, TSE T1 previo y tras la administración de gadolinio endovenoso, con estudio de perfusión mediante LAVA GENiq, (Dotarem), se analizan curvas de captación. Se administra 1 amp. de buscapina IV previo al estudio (con el fin de disminuir artefactos por movimientos peristálticos intestinales). 


INFORME

Próstata de 4,45 x 4,5 x 3,50 cms de diámetros AP x T x CC. 
La porción periférica muestra marcadamente hipointensa en la secuencia T2, de forma difusa. 
Tras la administración de gadolinio iv y analizando las curvas de captación se aprecia una captación intensa del adenoma de características normales, sin pérdida de la morfología y simetria. En la porción periférica se aprecia una asimetría evidenciándose un nódulo en el LI de 6,4 x 4,3 x 15 mm de diámetros AP x T x CC, que muestra mayor captación de contraste que el parénquima del LD, desde la porción apical hasta la basal, con alta sospecha de corresponder a una recidiva tumoral intraglandular.
La cápsula se muestra mal definida, aunque no se aprecia captación significativa de bandeletas ni de vesículas seminales.

No se observan ganglios de aspecto patológico en cadenas iliacas.

Vejiga parcialmente repleccionada,  sin alteraciones reseñables. Segmento distal de ambos uréteres de calibre normal.
Diverticulosis de sigma
No se observa líquido libre en la pelvis.
Valorar estructuras óseas mediante gammagrafía


IMPRESIÓN DEHallazgos compatibles con recidiva tumoral  intraprostática, en el LI.

============================================= 

Información: 
            Fecha  del  Informe:  <FECHA>
			Autor: <NAME> <NAME>, <NAME>
",XNAT03_S02403,XNAT03_E04718
sub-006488,ses-007068,/mnt/ceib/datalake/FISABIO_datalake/prueba/p0052021_reborn/sub-006488/ses-007068/mim-mr/anat/sub-006488_ses-007068_acq-propeller_run-7_bp-prostate_vp-ax_T2w.nii.gz,/mnt/ceib/datalake/FISABIO_datalake/prueba/p0052021_reborn/sub-006488/ses-007068/mim-mr/dwi/sub-006488_ses-007068_acq-bvalue_run-9_bp-prostate_vp-ax_dwi.nii.gz,/mnt/ceib/datalake/FISABIO_datalake/prueba/p0052021_reborn/sub-006488/ses-007068/mim-mr/dwi/sub-006488_ses-007068_acq-adc_run-900_bp-prostate_vp-ax_dwi.nii.gz,17.0,69.0,,,,0.082,,,1.0,1938-02-21,2008-01-14,val,False,,val,ses-007068,sub-006488,p0052021,,https://ceib.cipf.es/xnat2/data/projects/p0052021/experiments/XNAT03_E04718?format=html,17,69,,,,0.08200000000000000,,3,1,True,"Numero  de  Estudio:  <NUM> 
Apellidos y nombre: <NAME> <NAME>, <NAME>
Fecha  de  Nacimiento:  <FECHA> 
SIP:  <NUM>

===========    Informe  del  Estudio =========== 

RM PRÓSTATA, SIN/CON CONTRASTE    



<NUM> DE DE Adenocarcinoma de próstata diagnosticado el <FECHA>. Recibió tratamiento solo con BAC. Ruego valoración.

EXPLORACIÓN REALIZADA: RM DE PELVIS CON CONTRASTE: Se realizan cortes axiales coronales y sagitales, empleando secuencias TSE potenciadas en TSE T2, T2 FS, secuencia de difusión y mapa ADC, TSE T1 previo y tras la administración de gadolinio endovenoso, con estudio de perfusión mediante LAVA GENiq, (Dotarem), se analizan curvas de captación. Se administra 1 amp. de buscapina IV previo al estudio (con el fin de disminuir artefactos por movimientos peristálticos intestinales). 


INFORME

Próstata de 4,45 x 4,5 x 3,50 cms de diámetros AP x T x CC. 
La porción periférica muestra marcadamente hipointensa en la secuencia T2, de forma difusa. 
Tras la administración de gadolinio iv y analizando las curvas de captación se aprecia una captación intensa del adenoma de características normales, sin pérdida de la morfología y simetria. En la porción periférica se aprecia una asimetría evidenciándose un nódulo en el LI de 6,4 x 4,3 x 15 mm de diámetros AP x T x CC, que muestra mayor captación de contraste que el parénquima del LD, desde la porción apical hasta la basal, con alta sospecha de corresponder a una recidiva tumoral intraglandular.
La cápsula se muestra mal definida, aunque no se aprecia captación significativa de bandeletas ni de vesículas seminales.

No se observan ganglios de aspecto patológico en cadenas iliacas.

Vejiga parcialmente repleccionada,  sin alteraciones reseñables. Segmento distal de ambos uréteres de calibre normal.
Diverticulosis de sigma
No se observa líquido libre en la pelvis.
Valorar estructuras óseas mediante gammagrafía


IMPRESIÓN DEHallazgos compatibles con recidiva tumoral  intraprostática, en el LI.

============================================= 

Información: 
            Fecha  del  Informe:  <FECHA>
			Autor: <NAME> <NAME>, <NAME>
",XNAT03_S02403,XNAT03_E04718
sub-006544,ses-007127,/mnt/ceib/datalake/FISABIO_datalake/prueba/p0052021_reborn/sub-006544/ses-007127/mim-mr/anat/sub-006544_ses-007127_acq-propeller_run-600_bp-prostate_vp-ax_T2w.nii.gz,/mnt/ceib/datalake/FISABIO_datalake/prueba/p0052021_reborn/sub-006544/ses-007127/mim-mr/dwi/sub-006544_ses-007127_acq-bvalue_run-7_bp-prostate_vp-ax_dwi.nii.gz,/mnt/ceib/datalake/FISABIO_datalake/prueba/p0052021_reborn/sub-006544/ses-007127/mim-mr/dwi/sub-006544_ses-007127_acq-adc_run-801_bp-prostate_vp-ax_dwi.nii.gz,17.0,73.0,,1.0,,7.489999771118164,31.48288000000001,,1.0,1939-05-29,2013-12-05,val,False,,val,ses-007127,sub-006544,p0052021,,https://ceib.cipf.es/xnat2/data/projects/p0052021/experiments/XNAT03_E04604?format=html,17,74,,1.0,,7.489999771118164,31.48288000000001,4,1,True,"Numero  de  Estudio:  <NUM> 
Apellidos y nombre: SAIDALI , MAK
Fecha  de  Nacimiento:  <FECHA> 
SIP:  <NUM>

===========    Informe  del  Estudio =========== 

RM PRÓSTATA, SIN/CON CONTRASTE    



MOTIVO MOTIVO MOTIVO Ca de próstata, estudio de extensión.

EXPLORACIÓN REALIZADA: RM DE PRÓSTATA: Se realizan cortes axiales coronales y sagitales, empleando secuencias TSE potenciadas en TSE T2, T2 FS, secuencia de difusión y mapa ADC, TSE T1 previo y tras la administración de gadolinio endovenoso, con estudio de perfusión mediante LAVA GENiq, (Dotarem), se analizan curvas de captación. Se administra 1 amp. de buscapina IV previo al estudio (con el fin de disminuir artefactos por movimientos peristálticos intestinales). 


INFORME

Próstata de 4,4 x  4,3 x 3,2 cms de diámetros CC x T x AP.
La porción transicional se muestra heterogénea en relación con cambios quísticos- adenomatosos.
La porción periférica muestra pérdida de la hiperintensidad de señal normal en la secuencia T2, en parte relacionado con abundantes restos hemáticos en ambos lóbulos. Tras la administración de gadolinio iv y analizando las curvas de captación, se aprecia una captación difusa del LD desde la región apical hasta la basal de la región lateral y anterior del LD y posterior de ambos lóbulos en la región basal, mal definido, la morfología de la curvas es tipo 3, sopechosas de malignidad.
La cápsula se muestra conservada. Se aprecia una captación prominente y asimétrica  de plexos periprostáticos y de bandeletas, que en parte podría estar relacionado con cambios inflamatorios postbiópsias por lo que en principio son inespecíficos.
Se aprecia una captación de la base de ambas vesículas seminales, y del ángulo vesiculo-prostático, predominantemente en el lado derecho.
Vejiga sin alteraciones reseñables. Segmento distal de ambos uréteres de calibre normal.

No se observan ganglios de aspecto patológico en cadenas iliacas.
No se observa líquido libre en la pelvis.


IMPRESIÓN DIAGNÓSTICA 

Hallazgos con afectación neoplásica del LD, no descarto signos de extensión extracapsular, aunque presenta componente inflamatorio importante que podría condicionar falsos positivos (respecto a la afectación de las vesículas seminales). (T2b/T3b, N0).

============================================= 

Información: 
            Fecha  del  Informe:  <FECHA>
			Autor: <NAME> <NAME>, <NAME>
 Numero  de  Estudio:  <NUM> 
Apellidos y nombre: <NAME>, <NAME>
Fecha  de  Nacimiento:  <FECHA> 
SIP:  <NUM>

===========    Informe  del  Estudio =========== 

RM PRÓSTATA, SIN/CON CONTRASTE    



MOTIVO MOTIVO MOTIVO Ca de próstata, estudio de extensión.

EXPLORACIÓN REALIZADA: RM DE PRÓSTATA: Se realizan cortes axiales coronales y sagitales, empleando secuencias TSE potenciadas en TSE T2, T2 FS, secuencia de difusión y mapa ADC, TSE T1 previo y tras la administración de gadolinio endovenoso, con estudio de perfusión mediante LAVA GENiq, (Dotarem), se analizan curvas de captación. Se administra 1 amp. de buscapina IV previo al estudio (con el fin de disminuir artefactos por movimientos peristálticos intestinales). 


INFORME

Próstata de 4,4 x  4,3 x 3,2 cms de diámetros CC x T x AP.
La porción transicional se muestra heterogénea en relación con cambios quísticos- adenomatosos.
La porción periférica muestra pérdida de la hiperintensidad de señal normal en la secuencia T2, en parte relacionado con abundantes restos hemáticos en ambos lóbulos. Tras la administración de gadolinio iv y analizando las curvas de captación, se aprecia una captación difusa del LD desde la región apical hasta la basal de la región lateral y anterior del LD y posterior de ambos lóbulos en la región basal, mal definido, la morfología de la curvas es tipo 3, sopechosas de malignidad.
La cápsula se muestra conservada. Se aprecia una captación prominente y asimétrica  de plexos periprostáticos y de bandeletas, que en parte podría estar relacionado con cambios inflamatorios postbiópsias por lo que en principio son inespecíficos.
Se aprecia una captación de la base de ambas vesículas seminales, y del ángulo vesiculo-prostático, predominantemente en el lado derecho.
Vejiga sin alteraciones reseñables. Segmento distal de ambos uréteres de calibre normal.

No se observan ganglios de aspecto patológico en cadenas iliacas.
No se observa líquido libre en la pelvis.


IMPRESIÓN DIAGNÓSTICA 

Hallazgos con afectación neoplásica del LD, no descarto signos de extensión extracapsular, aunque presenta componente inflamatorio importante que podría condicionar falsos positivos (respecto a la afectación de las vesículas seminales). (T2b/T3b, N0).

============================================= 

Información: 
            Fecha  del  Informe:  <FECHA>
			Autor: <NAME> <NAME>, <NAME>
",XNAT03_S02445,XNAT03_E04604
sub-006544,ses-007127,/mnt/ceib/datalake/FISABIO_datalake/prueba/p0052021_reborn/sub-006544/ses-007127/mim-mr/anat/sub-006544_ses-007127_acq-propeller_run-6_bp-prostate_vp-ax_T2w.nii.gz,/mnt/ceib/datalake/FISABIO_datalake/prueba/p0052021_reborn/sub-006544/ses-007127/mim-mr/dwi/sub-006544_ses-007127_acq-bvalue_run-7_bp-prostate_vp-ax_dwi.nii.gz,/mnt/ceib/datalake/FISABIO_datalake/prueba/p0052021_reborn/sub-006544/ses-007127/mim-mr/dwi/sub-006544_ses-007127_acq-adc_run-801_bp-prostate_vp-ax_dwi.nii.gz,17.0,73.0,,1.0,,7.489999771118164,31.48288000000001,,1.0,1939-05-29,2013-12-05,val,False,,val,ses-007127,sub-006544,p0052021,,https://ceib.cipf.es/xnat2/data/projects/p0052021/experiments/XNAT03_E04604?format=html,17,74,,1.0,,7.489999771118164,31.48288000000001,4,1,True,"Numero  de  Estudio:  <NUM> 
Apellidos y nombre: SAIDALI , MAK
Fecha  de  Nacimiento:  <FECHA> 
SIP:  <NUM>

===========    Informe  del  Estudio =========== 

RM PRÓSTATA, SIN/CON CONTRASTE    



MOTIVO MOTIVO MOTIVO Ca de próstata, estudio de extensión.

EXPLORACIÓN REALIZADA: RM DE PRÓSTATA: Se realizan cortes axiales coronales y sagitales, empleando secuencias TSE potenciadas en TSE T2, T2 FS, secuencia de difusión y mapa ADC, TSE T1 previo y tras la administración de gadolinio endovenoso, con estudio de perfusión mediante LAVA GENiq, (Dotarem), se analizan curvas de captación. Se administra 1 amp. de buscapina IV previo al estudio (con el fin de disminuir artefactos por movimientos peristálticos intestinales). 


INFORME

Próstata de 4,4 x  4,3 x 3,2 cms de diámetros CC x T x AP.
La porción transicional se muestra heterogénea en relación con cambios quísticos- adenomatosos.
La porción periférica muestra pérdida de la hiperintensidad de señal normal en la secuencia T2, en parte relacionado con abundantes restos hemáticos en ambos lóbulos. Tras la administración de gadolinio iv y analizando las curvas de captación, se aprecia una captación difusa del LD desde la región apical hasta la basal de la región lateral y anterior del LD y posterior de ambos lóbulos en la región basal, mal definido, la morfología de la curvas es tipo 3, sopechosas de malignidad.
La cápsula se muestra conservada. Se aprecia una captación prominente y asimétrica  de plexos periprostáticos y de bandeletas, que en parte podría estar relacionado con cambios inflamatorios postbiópsias por lo que en principio son inespecíficos.
Se aprecia una captación de la base de ambas vesículas seminales, y del ángulo vesiculo-prostático, predominantemente en el lado derecho.
Vejiga sin alteraciones reseñables. Segmento distal de ambos uréteres de calibre normal.

No se observan ganglios de aspecto patológico en cadenas iliacas.
No se observa líquido libre en la pelvis.


IMPRESIÓN DIAGNÓSTICA 

Hallazgos con afectación neoplásica del LD, no descarto signos de extensión extracapsular, aunque presenta componente inflamatorio importante que podría condicionar falsos positivos (respecto a la afectación de las vesículas seminales). (T2b/T3b, N0).

============================================= 

Información: 
            Fecha  del  Informe:  <FECHA>
			Autor: <NAME> <NAME>, <NAME>
 Numero  de  Estudio:  <NUM> 
Apellidos y nombre: <NAME>, <NAME>
Fecha  de  Nacimiento:  <FECHA> 
SIP:  <NUM>

===========    Informe  del  Estudio =========== 

RM PRÓSTATA, SIN/CON CONTRASTE    



MOTIVO MOTIVO MOTIVO Ca de próstata, estudio de extensión.

EXPLORACIÓN REALIZADA: RM DE PRÓSTATA: Se realizan cortes axiales coronales y sagitales, empleando secuencias TSE potenciadas en TSE T2, T2 FS, secuencia de difusión y mapa ADC, TSE T1 previo y tras la administración de gadolinio endovenoso, con estudio de perfusión mediante LAVA GENiq, (Dotarem), se analizan curvas de captación. Se administra 1 amp. de buscapina IV previo al estudio (con el fin de disminuir artefactos por movimientos peristálticos intestinales). 


INFORME

Próstata de 4,4 x  4,3 x 3,2 cms de diámetros CC x T x AP.
La porción transicional se muestra heterogénea en relación con cambios quísticos- adenomatosos.
La porción periférica muestra pérdida de la hiperintensidad de señal normal en la secuencia T2, en parte relacionado con abundantes restos hemáticos en ambos lóbulos. Tras la administración de gadolinio iv y analizando las curvas de captación, se aprecia una captación difusa del LD desde la región apical hasta la basal de la región lateral y anterior del LD y posterior de ambos lóbulos en la región basal, mal definido, la morfología de la curvas es tipo 3, sopechosas de malignidad.
La cápsula se muestra conservada. Se aprecia una captación prominente y asimétrica  de plexos periprostáticos y de bandeletas, que en parte podría estar relacionado con cambios inflamatorios postbiópsias por lo que en principio son inespecíficos.
Se aprecia una captación de la base de ambas vesículas seminales, y del ángulo vesiculo-prostático, predominantemente en el lado derecho.
Vejiga sin alteraciones reseñables. Segmento distal de ambos uréteres de calibre normal.

No se observan ganglios de aspecto patológico en cadenas iliacas.
No se observa líquido libre en la pelvis.


IMPRESIÓN DIAGNÓSTICA 

Hallazgos con afectación neoplásica del LD, no descarto signos de extensión extracapsular, aunque presenta componente inflamatorio importante que podría condicionar falsos positivos (respecto a la afectación de las vesículas seminales). (T2b/T3b, N0).

============================================= 

Información: 
            Fecha  del  Informe:  <FECHA>
			Autor: <NAME> <NAME>, <NAME>
",XNAT03_S02445,XNAT03_E04604
sub-006544,ses-007127,/mnt/ceib/datalake/FISABIO_datalake/prueba/p0052021_reborn/sub-006544/ses-007127/mim-mr/anat/sub-006544_ses-007127_acq-propeller_run-4_bp-prostate_vp-ax_T2w.nii.gz,/mnt/ceib/datalake/FISABIO_datalake/prueba/p0052021_reborn/sub-006544/ses-007127/mim-mr/dwi/sub-006544_ses-007127_acq-bvalue_run-7_bp-prostate_vp-ax_dwi.nii.gz,/mnt/ceib/datalake/FISABIO_datalake/prueba/p0052021_reborn/sub-006544/ses-007127/mim-mr/dwi/sub-006544_ses-007127_acq-adc_run-801_bp-prostate_vp-ax_dwi.nii.gz,17.0,73.0,,1.0,,7.489999771118164,31.48288000000001,,1.0,1939-05-29,2013-12-05,val,False,,val,ses-007127,sub-006544,p0052021,,https://ceib.cipf.es/xnat2/data/projects/p0052021/experiments/XNAT03_E04604?format=html,17,74,,1.0,,7.489999771118164,31.48288000000001,4,1,True,"Numero  de  Estudio:  <NUM> 
Apellidos y nombre: SAIDALI , MAK
Fecha  de  Nacimiento:  <FECHA> 
SIP:  <NUM>

===========    Informe  del  Estudio =========== 

RM PRÓSTATA, SIN/CON CONTRASTE    



MOTIVO MOTIVO MOTIVO Ca de próstata, estudio de extensión.

EXPLORACIÓN REALIZADA: RM DE PRÓSTATA: Se realizan cortes axiales coronales y sagitales, empleando secuencias TSE potenciadas en TSE T2, T2 FS, secuencia de difusión y mapa ADC, TSE T1 previo y tras la administración de gadolinio endovenoso, con estudio de perfusión mediante LAVA GENiq, (Dotarem), se analizan curvas de captación. Se administra 1 amp. de buscapina IV previo al estudio (con el fin de disminuir artefactos por movimientos peristálticos intestinales). 


INFORME

Próstata de 4,4 x  4,3 x 3,2 cms de diámetros CC x T x AP.
La porción transicional se muestra heterogénea en relación con cambios quísticos- adenomatosos.
La porción periférica muestra pérdida de la hiperintensidad de señal normal en la secuencia T2, en parte relacionado con abundantes restos hemáticos en ambos lóbulos. Tras la administración de gadolinio iv y analizando las curvas de captación, se aprecia una captación difusa del LD desde la región apical hasta la basal de la región lateral y anterior del LD y posterior de ambos lóbulos en la región basal, mal definido, la morfología de la curvas es tipo 3, sopechosas de malignidad.
La cápsula se muestra conservada. Se aprecia una captación prominente y asimétrica  de plexos periprostáticos y de bandeletas, que en parte podría estar relacionado con cambios inflamatorios postbiópsias por lo que en principio son inespecíficos.
Se aprecia una captación de la base de ambas vesículas seminales, y del ángulo vesiculo-prostático, predominantemente en el lado derecho.
Vejiga sin alteraciones reseñables. Segmento distal de ambos uréteres de calibre normal.

No se observan ganglios de aspecto patológico en cadenas iliacas.
No se observa líquido libre en la pelvis.


IMPRESIÓN DIAGNÓSTICA 

Hallazgos con afectación neoplásica del LD, no descarto signos de extensión extracapsular, aunque presenta componente inflamatorio importante que podría condicionar falsos positivos (respecto a la afectación de las vesículas seminales). (T2b/T3b, N0).

============================================= 

Información: 
            Fecha  del  Informe:  <FECHA>
			Autor: <NAME> <NAME>, <NAME>
 Numero  de  Estudio:  <NUM> 
Apellidos y nombre: <NAME>, <NAME>
Fecha  de  Nacimiento:  <FECHA> 
SIP:  <NUM>

===========    Informe  del  Estudio =========== 

RM PRÓSTATA, SIN/CON CONTRASTE    



MOTIVO MOTIVO MOTIVO Ca de próstata, estudio de extensión.

EXPLORACIÓN REALIZADA: RM DE PRÓSTATA: Se realizan cortes axiales coronales y sagitales, empleando secuencias TSE potenciadas en TSE T2, T2 FS, secuencia de difusión y mapa ADC, TSE T1 previo y tras la administración de gadolinio endovenoso, con estudio de perfusión mediante LAVA GENiq, (Dotarem), se analizan curvas de captación. Se administra 1 amp. de buscapina IV previo al estudio (con el fin de disminuir artefactos por movimientos peristálticos intestinales). 


INFORME

Próstata de 4,4 x  4,3 x 3,2 cms de diámetros CC x T x AP.
La porción transicional se muestra heterogénea en relación con cambios quísticos- adenomatosos.
La porción periférica muestra pérdida de la hiperintensidad de señal normal en la secuencia T2, en parte relacionado con abundantes restos hemáticos en ambos lóbulos. Tras la administración de gadolinio iv y analizando las curvas de captación, se aprecia una captación difusa del LD desde la región apical hasta la basal de la región lateral y anterior del LD y posterior de ambos lóbulos en la región basal, mal definido, la morfología de la curvas es tipo 3, sopechosas de malignidad.
La cápsula se muestra conservada. Se aprecia una captación prominente y asimétrica  de plexos periprostáticos y de bandeletas, que en parte podría estar relacionado con cambios inflamatorios postbiópsias por lo que en principio son inespecíficos.
Se aprecia una captación de la base de ambas vesículas seminales, y del ángulo vesiculo-prostático, predominantemente en el lado derecho.
Vejiga sin alteraciones reseñables. Segmento distal de ambos uréteres de calibre normal.

No se observan ganglios de aspecto patológico en cadenas iliacas.
No se observa líquido libre en la pelvis.


IMPRESIÓN DIAGNÓSTICA 

Hallazgos con afectación neoplásica del LD, no descarto signos de extensión extracapsular, aunque presenta componente inflamatorio importante que podría condicionar falsos positivos (respecto a la afectación de las vesículas seminales). (T2b/T3b, N0).

============================================= 

Información: 
            Fecha  del  Informe:  <FECHA>
			Autor: <NAME> <NAME>, <NAME>
",XNAT03_S02445,XNAT03_E04604
sub-000099,ses-000099,/mnt/ceib/datalake/FISABIO_datalake/prueba/p0042021/sub-000099/ses-000099/mim-mr/anat/sub-000099_ses-000099_acq-fse_run-9_bp-prostate_vp-ax_T2w.nii.gz,/mnt/ceib/datalake/FISABIO_datalake/prueba/p0042021/sub-000099/ses-000099/mim-mr/dwi/sub-000099_ses-000099_acq-bvalue_run-12_bp-prostate_vp-ax_dwi.nii.gz,/mnt/ceib/datalake/FISABIO_datalake/prueba/p0042021/derivatives/creating_adc/sub-000099/ses-000099/mim-mr/dwi/sub-000099_ses-000099_acq-bvalue_run-12_bp-prostate_vp-ax_mod-dwi_desc-calcADC_ADC.nii.gz,7.0,57.0,,,,5.9,,5.0,1.0,1950-03-28,2007-12-21,val,True,28.6845703125,val,ses-000099,sub-000099,p0042021,,https://ceib.cipf.es/xnat2/data/projects/p0042021/experiments/XNAT3_E91879?format=html,7,57,,,,5.900000000000000,,"[4, 5]",1,True,"DATOS CLÍNICOS:  ADC prostata. Gleason 3+3 en LPD.
TÉCNICA: RM prostática con administración de CIV. Estudio dinámico de perfusion durante 5 min. Secuencias de difusión con b: 0, 1000 y 2000.
HALLAZGOS:

Calidad de imagen: Satisfactorio

MORFOLOGÍA:
Próstata hipertrófica.
Tamaño:  5,3x 3,1 x 4 cm (T, AP y CC)
Volumen:   34cc

PIRADS(v2):
Restos hemáticos de predominio periférico derecho.
Zona periférica:  Se aprecia  área de restricción de la DW  localizada en la  glándula media  derecha, afectando segmentos PZa PZpl , con hipointensidad  moderada en el mapa ADC, con captación precoz del contraste,  mide aproximadamente 17 mm. Pi-RADS 5.
Otro foco mas anterior que afecta cuerno del segmento PZa de la glándula media derecha y se extiende al segmento TZa  ipsilateral, mide 12 mm. PIRADS 4
Otro foco de pequeño tamaño de 4 mm en segmento PZ pl derecho de la glándula apical. PIRADS 4

Zona transición:
Nodulos  hiperplasicos.

Extensión extracapsular: NO

Afectación del paquete vasculonervioso periprostático: NO

Afectación de vesícula seminales: NO

Cuello de la vejiga: Normal,
Esfínter distal: Normal

Conclusión:
- Lesión en la glándula media derecha, afectando segmentos PZa PZpl de 17 mm, Pi-RADS 5.
- Lesión en cuerno del segmento PZa de la glándula media derecha de 12 mm,  Pi-RADS 4.
- Lesión en segmento PZ pl de la glándula apical derecha de 4 mm Pi-RADS 4.






",XNAT3_S36836,XNAT3_E91879
sub-000099,ses-000099,/mnt/ceib/datalake/FISABIO_datalake/prueba/p0042021/sub-000099/ses-000099/mim-mr/anat/sub-000099_ses-000099_acq-fse_run-9_bp-prostate_vp-ax_T2w.nii.gz,/mnt/ceib/datalake/FISABIO_datalake/prueba/p0042021/sub-000099/ses-000099/mim-mr/dwi/sub-000099_ses-000099_acq-bvalue_run-13_bp-prostate_vp-ax_dwi.nii.gz,/mnt/ceib/datalake/FISABIO_datalake/prueba/p0042021/derivatives/creating_adc/sub-000099/ses-000099/mim-mr/dwi/sub-000099_ses-000099_acq-bvalue_run-13_bp-prostate_vp-ax_mod-dwi_desc-calcADC_ADC.nii.gz,7.0,57.0,,,,5.9,,5.0,1.0,1950-03-28,2007-12-21,val,True,28.6845703125,val,ses-000099,sub-000099,p0042021,,https://ceib.cipf.es/xnat2/data/projects/p0042021/experiments/XNAT3_E91879?format=html,7,57,,,,5.900000000000000,,"[4, 5]",1,True,"DATOS CLÍNICOS:  ADC prostata. Gleason 3+3 en LPD.
TÉCNICA: RM prostática con administración de CIV. Estudio dinámico de perfusion durante 5 min. Secuencias de difusión con b: 0, 1000 y 2000.
HALLAZGOS:

Calidad de imagen: Satisfactorio

MORFOLOGÍA:
Próstata hipertrófica.
Tamaño:  5,3x 3,1 x 4 cm (T, AP y CC)
Volumen:   34cc

PIRADS(v2):
Restos hemáticos de predominio periférico derecho.
Zona periférica:  Se aprecia  área de restricción de la DW  localizada en la  glándula media  derecha, afectando segmentos PZa PZpl , con hipointensidad  moderada en el mapa ADC, con captación precoz del contraste,  mide aproximadamente 17 mm. Pi-RADS 5.
Otro foco mas anterior que afecta cuerno del segmento PZa de la glándula media derecha y se extiende al segmento TZa  ipsilateral, mide 12 mm. PIRADS 4
Otro foco de pequeño tamaño de 4 mm en segmento PZ pl derecho de la glándula apical. PIRADS 4

Zona transición:
Nodulos  hiperplasicos.

Extensión extracapsular: NO

Afectación del paquete vasculonervioso periprostático: NO

Afectación de vesícula seminales: NO

Cuello de la vejiga: Normal,
Esfínter distal: Normal

Conclusión:
- Lesión en la glándula media derecha, afectando segmentos PZa PZpl de 17 mm, Pi-RADS 5.
- Lesión en cuerno del segmento PZa de la glándula media derecha de 12 mm,  Pi-RADS 4.
- Lesión en segmento PZ pl de la glándula apical derecha de 4 mm Pi-RADS 4.






",XNAT3_S36836,XNAT3_E91879
